NAME	GS<br> follow link to MSigDB	GS DETAILS	SIZE	ES	NES	NOM p-val	FDR q-val	FWER p-val	RANK AT MAX	LEADING EDGE	
HALLMARK_FATTY_ACID_METABOLISM	HALLMARK_FATTY_ACID_METABOLISM	Details ...	20	-0.3893625	-1.0539377	0.38474295	1.0	0.946	394	tags=55%, list=36%, signal=84%	
HALLMARK_MTORC1_SIGNALING	HALLMARK_MTORC1_SIGNALING	Details ...	29	-0.28502926	-0.8537659	0.7046205	1.0	0.999	107	tags=17%, list=10%, signal=19%	
HALLMARK_GLYCOLYSIS	HALLMARK_GLYCOLYSIS	Details ...	21	-0.30289227	-0.8423733	0.712305	1.0	0.999	86	tags=14%, list=8%, signal=15%	
HALLMARK_OXIDATIVE_PHOSPHORYLATION	HALLMARK_OXIDATIVE_PHOSPHORYLATION	Details ...	47	-0.21625479	-0.7207482	0.9133226	1.0	1.0	190	tags=21%, list=17%, signal=25%	
HALLMARK_MYC_TARGETS_V1	HALLMARK_MYC_TARGETS_V1	Details ...	51	-0.20488672	-0.6921765	0.9655712	1.0	1.0	204	tags=18%, list=19%, signal=21%	
HALLMARK_HEME_METABOLISM	HALLMARK_HEME_METABOLISM	Details ...	19	-0.2255624	-0.61498183	0.94097805	0.9604499	1.0	307	tags=37%, list=28%, signal=50%	
