NAME	GS<br> follow link to MSigDB	GS DETAILS	SIZE	ES	NES	NOM p-val	FDR q-val	FWER p-val	RANK AT MAX	LEADING EDGE	
HALLMARK_G2M_CHECKPOINT	HALLMARK_G2M_CHECKPOINT	Details ...	18	0.55415875	1.6233436	0.009779952	0.0628161	0.052	232	tags=39%, list=21%, signal=48%	
HALLMARK_XENOBIOTIC_METABOLISM	HALLMARK_XENOBIOTIC_METABOLISM	Details ...	16	0.5193681	1.4258233	0.06553398	0.13586307	0.217	128	tags=25%, list=12%, signal=28%	
HALLMARK_E2F_TARGETS	HALLMARK_E2F_TARGETS	Details ...	30	0.34088755	1.1026726	0.30769232	0.5154478	0.764	192	tags=30%, list=17%, signal=35%	
HALLMARK_ADIPOGENESIS	HALLMARK_ADIPOGENESIS	Details ...	16	0.36914486	1.0373008	0.42180094	0.49296364	0.847	205	tags=31%, list=19%, signal=38%	
HALLMARK_DNA_REPAIR	HALLMARK_DNA_REPAIR	Details ...	27	0.2988639	0.9337114	0.5506173	0.5529055	0.932	206	tags=37%, list=19%, signal=44%	
