NAME	TITLE	SCORE	
RSAD2	radical S-adenosyl methionine domain containing 2 [Source:HGNC Symbol;Acc:HGNC:30908]	3.691014	
TRIM2	tripartite motif containing 2 [Source:HGNC Symbol;Acc:HGNC:15974]	2.8469164	
YPEL3	yippee like 3 [Source:HGNC Symbol;Acc:HGNC:18327]	2.301177	
CNOT9	CCR4-NOT transcription complex subunit 9 [Source:HGNC Symbol;Acc:HGNC:10445]	2.0942605	
UBE2C	ubiquitin conjugating enzyme E2 C [Source:HGNC Symbol;Acc:HGNC:15937]	1.9160285	
COPS9	COP9 signalosome subunit 9 [Source:HGNC Symbol;Acc:HGNC:21314]	1.777858	
PEX2	peroxisomal biogenesis factor 2 [Source:HGNC Symbol;Acc:HGNC:9717]	1.7474023	
NUDT2	nudix hydrolase 2 [Source:HGNC Symbol;Acc:HGNC:8049]	1.723483	
ORC4	origin recognition complex subunit 4 [Source:HGNC Symbol;Acc:HGNC:8490]	1.6784271	
MOB4	MOB family member 4, phocein [Source:HGNC Symbol;Acc:HGNC:17261]	1.6730646	
PRKAB1	protein kinase AMP-activated non-catalytic subunit beta 1 [Source:HGNC Symbol;Acc:HGNC:9378]	1.6493306	
GEMIN8	gem nuclear organelle associated protein 8 [Source:HGNC Symbol;Acc:HGNC:26044]	1.6472392	
RNF11	ring finger protein 11 [Source:HGNC Symbol;Acc:HGNC:10056]	1.6393019	
HPRT1	hypoxanthine phosphoribosyltransferase 1 [Source:HGNC Symbol;Acc:HGNC:5157]	1.6349131	
USP12	ubiquitin specific peptidase 12 [Source:HGNC Symbol;Acc:HGNC:20485]	1.6096196	
MIEN1	migration and invasion enhancer 1 [Source:HGNC Symbol;Acc:HGNC:28230]	1.5871115	
PSMB6	proteasome 20S subunit beta 6 [Source:HGNC Symbol;Acc:HGNC:9543]	1.5840567	
CDK2	cyclin dependent kinase 2 [Source:HGNC Symbol;Acc:HGNC:1771]	1.5757984	
COX5B	cytochrome c oxidase subunit 5B [Source:HGNC Symbol;Acc:HGNC:2269]	1.5676177	
LIMS2	LIM zinc finger domain containing 2 [Source:HGNC Symbol;Acc:HGNC:16084]	1.561768	
COX6B1	cytochrome c oxidase subunit 6B1 [Source:HGNC Symbol;Acc:HGNC:2280]	1.5118572	
TRAPPC4	trafficking protein particle complex subunit 4 [Source:HGNC Symbol;Acc:HGNC:19943]	1.487331	
IER3IP1	immediate early response 3 interacting protein 1 [Source:HGNC Symbol;Acc:HGNC:18550]	1.4512951	
HBP1	HMG-box transcription factor 1 [Source:HGNC Symbol;Acc:HGNC:23200]	1.4501033	
SETD9	SET domain containing 9 [Source:HGNC Symbol;Acc:HGNC:28508]	1.4440191	
SERINC5	serine incorporator 5 [Source:HGNC Symbol;Acc:HGNC:18825]	1.4425896	
APAF1	apoptotic peptidase activating factor 1 [Source:HGNC Symbol;Acc:HGNC:576]	1.4305222	
DAD1	defender against cell death 1 [Source:HGNC Symbol;Acc:HGNC:2664]	1.4293294	
PAK3	p21 (RAC1) activated kinase 3 [Source:HGNC Symbol;Acc:HGNC:8592]	1.4112697	
FBXO7	F-box protein 7 [Source:HGNC Symbol;Acc:HGNC:13586]	1.4007607	
CERS6	ceramide synthase 6 [Source:HGNC Symbol;Acc:HGNC:23826]	1.344364	
NDUFS5	NADH:ubiquinone oxidoreductase subunit S5 [Source:HGNC Symbol;Acc:HGNC:7712]	1.3288232	
UBE2J2	ubiquitin conjugating enzyme E2 J2 [Source:HGNC Symbol;Acc:HGNC:19268]	1.3217456	
UCHL5	ubiquitin C-terminal hydrolase L5 [Source:HGNC Symbol;Acc:HGNC:19678]	1.3187879	
RNF13	ring finger protein 13 [Source:HGNC Symbol;Acc:HGNC:10057]	1.3041313	
SERP2	stress associated endoplasmic reticulum protein family member 2 [Source:HGNC Symbol;Acc:HGNC:20607]	1.3013709	
TM9SF4	transmembrane 9 superfamily member 4 [Source:HGNC Symbol;Acc:HGNC:30797]	1.2991964	
BLOC1S6	biogenesis of lysosomal organelles complex 1 subunit 6 [Source:HGNC Symbol;Acc:HGNC:8549]	1.2914965	
SSR3	signal sequence receptor subunit 3 [Source:HGNC Symbol;Acc:HGNC:11325]	1.2858487	
CHMP5	charged multivesicular body protein 5 [Source:HGNC Symbol;Acc:HGNC:26942]	1.2851279	
MRPL17	mitochondrial ribosomal protein L17 [Source:HGNC Symbol;Acc:HGNC:14053]	1.2757789	
PRKAG2	protein kinase AMP-activated non-catalytic subunit gamma 2 [Source:HGNC Symbol;Acc:HGNC:9386]	1.2736688	
TPI1	triosephosphate isomerase 1 [Source:HGNC Symbol;Acc:HGNC:12009]	1.2669152	
UFD1	ubiquitin recognition factor in ER associated degradation 1 [Source:HGNC Symbol;Acc:HGNC:12520]	1.2662008	
NDUFB3	NADH:ubiquinone oxidoreductase subunit B3 [Source:HGNC Symbol;Acc:HGNC:7698]	1.2650069	
PGAM1	phosphoglycerate mutase 1 [Source:HGNC Symbol;Acc:HGNC:8888]	1.2608536	
XBP1	X-box binding protein 1 [Source:HGNC Symbol;Acc:HGNC:12801]	1.255579	
TANGO2	transport and golgi organization 2 homolog [Source:HGNC Symbol;Acc:HGNC:25439]	1.2518977	
MIS12	MIS12 kinetochore complex component [Source:HGNC Symbol;Acc:HGNC:24967]	1.2511832	
ATG13	autophagy related 13 [Source:HGNC Symbol;Acc:HGNC:29091]	1.2339649	
MAMDC2	MAM domain containing 2 [Source:HGNC Symbol;Acc:HGNC:23673]	1.2242447	
ETFRF1	electron transfer flavoprotein regulatory factor 1 [Source:HGNC Symbol;Acc:HGNC:27052]	1.2098609	
SKP2	S-phase kinase associated protein 2 [Source:HGNC Symbol;Acc:HGNC:10901]	1.1987383	
COG7	component of oligomeric golgi complex 7 [Source:HGNC Symbol;Acc:HGNC:18622]	1.1961955	
NHEJ1	non-homologous end joining factor 1 [Source:HGNC Symbol;Acc:HGNC:25737]	1.1957324	
ARPC4	actin related protein 2/3 complex subunit 4 [Source:HGNC Symbol;Acc:HGNC:707]	1.1942704	
SURF4	surfeit 4 [Source:HGNC Symbol;Acc:HGNC:11476]	1.191381	
SKP1	S-phase kinase associated protein 1 [Source:HGNC Symbol;Acc:HGNC:10899]	1.1884757	
RAD51C	RAD51 paralog C [Source:HGNC Symbol;Acc:HGNC:9820]	1.1809189	
WDR45	WD repeat domain 45 [Source:HGNC Symbol;Acc:HGNC:28912]	1.1636783	
CHIC1	cysteine rich hydrophobic domain 1 [Source:HGNC Symbol;Acc:HGNC:1934]	1.1624838	
SEM1	SEM1 26S proteasome subunit [Source:HGNC Symbol;Acc:HGNC:10845]	1.1563244	
TALDO1	transaldolase 1 [Source:HGNC Symbol;Acc:HGNC:11559]	1.1470836	
RAB21	RAB21, member RAS oncogene family [Source:HGNC Symbol;Acc:HGNC:18263]	1.1237622	
RAD1	RAD1 checkpoint DNA exonuclease [Source:HGNC Symbol;Acc:HGNC:9806]	1.1225026	
NLRC4	NLR family CARD domain containing 4 [Source:HGNC Symbol;Acc:HGNC:16412]	1.1165231	
MCM2	minichromosome maintenance complex component 2 [Source:HGNC Symbol;Acc:HGNC:6944]	1.1035521	
CDK10	cyclin dependent kinase 10 [Source:HGNC Symbol;Acc:HGNC:1770]	1.0968325	
POLR2H	RNA polymerase II, I and III subunit H [Source:HGNC Symbol;Acc:HGNC:9195]	1.0918689	
DEGS1	delta 4-desaturase, sphingolipid 1 [Source:HGNC Symbol;Acc:HGNC:13709]	1.0779313	
DCTN5	dynactin subunit 5 [Source:HGNC Symbol;Acc:HGNC:24594]	1.0724542	
MCM3	minichromosome maintenance complex component 3 [Source:HGNC Symbol;Acc:HGNC:6945]	1.0547508	
CMC1	C-X9-C motif containing 1 [Source:HGNC Symbol;Acc:HGNC:28783]	1.048198	
MFSD12	major facilitator superfamily domain containing 12 [Source:HGNC Symbol;Acc:HGNC:28299]	1.0481114	
PLEKHF2	pleckstrin homology and FYVE domain containing 2 [Source:HGNC Symbol;Acc:HGNC:20757]	1.0478067	
LMBRD2	LMBR1 domain containing 2 [Source:HGNC Symbol;Acc:HGNC:25287]	1.0468924	
SEMA5A	semaphorin 5A [Source:HGNC Symbol;Acc:HGNC:10736]	1.0459979	
FBXL4	F-box and leucine rich repeat protein 4 [Source:HGNC Symbol;Acc:HGNC:13601]	1.0414462	
SPG21	SPG21 abhydrolase domain containing, maspardin [Source:HGNC Symbol;Acc:HGNC:20373]	1.0335419	
HDAC3	histone deacetylase 3 [Source:HGNC Symbol;Acc:HGNC:4854]	1.0306407	
PSMF1	proteasome inhibitor subunit 1 [Source:HGNC Symbol;Acc:HGNC:9571]	1.0276108	
ATG5	autophagy related 5 [Source:HGNC Symbol;Acc:HGNC:589]	1.027474	
SOD2	superoxide dismutase 2 [Source:HGNC Symbol;Acc:HGNC:11180]	1.0194894	
TMEM14C	transmembrane protein 14C [Source:HGNC Symbol;Acc:HGNC:20952]	1.0114864	
MED31	mediator complex subunit 31 [Source:HGNC Symbol;Acc:HGNC:24260]	1.0109925	
MRPS33	mitochondrial ribosomal protein S33 [Source:HGNC Symbol;Acc:HGNC:16634]	1.0098594	
GM2A	ganglioside GM2 activator [Source:HGNC Symbol;Acc:HGNC:4367]	1.0077989	
CEP78	centrosomal protein 78 [Source:HGNC Symbol;Acc:HGNC:25740]	0.9887796	
MRPL27	mitochondrial ribosomal protein L27 [Source:HGNC Symbol;Acc:HGNC:14483]	0.9843625	
MED22	mediator complex subunit 22 [Source:HGNC Symbol;Acc:HGNC:11477]	0.9794508	
RPS28	ribosomal protein S28 [Source:HGNC Symbol;Acc:HGNC:10418]	0.9789642	
NFU1	NFU1 iron-sulfur cluster scaffold [Source:HGNC Symbol;Acc:HGNC:16287]	0.97291034	
NDUFS3	NADH:ubiquinone oxidoreductase core subunit S3 [Source:HGNC Symbol;Acc:HGNC:7710]	0.9699329	
ABCC10	ATP binding cassette subfamily C member 10 [Source:HGNC Symbol;Acc:HGNC:52]	0.9596867	
RPL39	ribosomal protein L39 [Source:HGNC Symbol;Acc:HGNC:10350]	0.9478626	
AP2S1	adaptor related protein complex 2 subunit sigma 1 [Source:HGNC Symbol;Acc:HGNC:565]	0.9458271	
WIPI2	WD repeat domain, phosphoinositide interacting 2 [Source:HGNC Symbol;Acc:HGNC:32225]	0.9436571	
COQ2	coenzyme Q2, polyprenyltransferase [Source:HGNC Symbol;Acc:HGNC:25223]	0.94253284	
VPS33B	VPS33B late endosome and lysosome associated [Source:HGNC Symbol;Acc:HGNC:12712]	0.94124556	
MRPS28	mitochondrial ribosomal protein S28 [Source:HGNC Symbol;Acc:HGNC:14513]	0.93589574	
ARPC3	actin related protein 2/3 complex subunit 3 [Source:HGNC Symbol;Acc:HGNC:706]	0.9094391	
ZDHHC8	zinc finger DHHC-type palmitoyltransferase 8 [Source:HGNC Symbol;Acc:HGNC:18474]	0.909329	
TMEM50A	transmembrane protein 50A [Source:HGNC Symbol;Acc:HGNC:30590]	0.89253694	
AP3S2	adaptor related protein complex 3 subunit sigma 2 [Source:HGNC Symbol;Acc:HGNC:571]	0.88567066	
NUBP1	NUBP iron-sulfur cluster assembly factor 1, cytosolic [Source:HGNC Symbol;Acc:HGNC:8041]	0.8846711	
STX19	syntaxin 19 [Source:HGNC Symbol;Acc:HGNC:19300]	0.8815589	
ERCC5	ERCC excision repair 5, endonuclease [Source:HGNC Symbol;Acc:HGNC:3437]	0.8761695	
ID2	inhibitor of DNA binding 2 [Source:HGNC Symbol;Acc:HGNC:5361]	0.8718796	
ARPC2	actin related protein 2/3 complex subunit 2 [Source:HGNC Symbol;Acc:HGNC:705]	0.86692184	
PIK3CA	phosphatidylinositol-4,5-bisphosphate 3-kinase catalytic subunit alpha [Source:HGNC Symbol;Acc:HGNC:8975]	0.86309135	
LAMTOR2	late endosomal/lysosomal adaptor, MAPK and MTOR activator 2 [Source:HGNC Symbol;Acc:HGNC:29796]	0.8604912	
PLEKHG5	pleckstrin homology and RhoGEF domain containing G5 [Source:HGNC Symbol;Acc:HGNC:29105]	0.8573726	
MRPS18A	mitochondrial ribosomal protein S18A [Source:HGNC Symbol;Acc:HGNC:14515]	0.8540334	
RPL37A	ribosomal protein L37a [Source:HGNC Symbol;Acc:HGNC:10348]	0.8509847	
SHISA5	shisa family member 5 [Source:HGNC Symbol;Acc:HGNC:30376]	0.84984183	
SMCR8	SMCR8-C9orf72 complex subunit [Source:HGNC Symbol;Acc:HGNC:17921]	0.8466749	
SLC1A3	solute carrier family 1 member 3 [Source:HGNC Symbol;Acc:HGNC:10941]	0.8352565	
DPAGT1	dolichyl-phosphate N-acetylglucosaminephosphotransferase 1 [Source:HGNC Symbol;Acc:HGNC:2995]	0.82918274	
CD63	CD63 molecule [Source:HGNC Symbol;Acc:HGNC:1692]	0.82710105	
COMMD2	COMM domain containing 2 [Source:HGNC Symbol;Acc:HGNC:24993]	0.8268795	
ARPC1A	actin related protein 2/3 complex subunit 1A [Source:HGNC Symbol;Acc:HGNC:703]	0.82334876	
DESI2	desumoylating isopeptidase 2 [Source:HGNC Symbol;Acc:HGNC:24264]	0.81885946	
NPEPL1	aminopeptidase like 1 [Source:HGNC Symbol;Acc:HGNC:16244]	0.8128386	
MRPL53	mitochondrial ribosomal protein L53 [Source:HGNC Symbol;Acc:HGNC:16684]	0.810293	
BTBD9	BTB domain containing 9 [Source:HGNC Symbol;Acc:HGNC:21228]	0.8093414	
PLCG2	phospholipase C gamma 2 [Source:HGNC Symbol;Acc:HGNC:9066]	0.80888873	
TNKS2	tankyrase 2 [Source:HGNC Symbol;Acc:HGNC:15677]	0.8071639	
RBBP5	RB binding protein 5, histone lysine methyltransferase complex subunit [Source:HGNC Symbol;Acc:HGNC:9888]	0.79860955	
UPB1	beta-ureidopropionase 1 [Source:HGNC Symbol;Acc:HGNC:16297]	0.7932555	
RER1	retention in endoplasmic reticulum sorting receptor 1 [Source:HGNC Symbol;Acc:HGNC:30309]	0.78866315	
NME1	NME/NM23 nucleoside diphosphate kinase 1 [Source:HGNC Symbol;Acc:HGNC:7849]	0.7851776	
CLIP1	CAP-Gly domain containing linker protein 1 [Source:HGNC Symbol;Acc:HGNC:10461]	0.7828669	
MRPL14	mitochondrial ribosomal protein L14 [Source:HGNC Symbol;Acc:HGNC:14279]	0.77928454	
BLOC1S1	biogenesis of lysosomal organelles complex 1 subunit 1 [Source:HGNC Symbol;Acc:HGNC:4200]	0.77586025	
TM9SF3	transmembrane 9 superfamily member 3 [Source:HGNC Symbol;Acc:HGNC:21529]	0.77183974	
CDC27	cell division cycle 27 [Source:HGNC Symbol;Acc:HGNC:1728]	0.76677126	
PSMB3	proteasome 20S subunit beta 3 [Source:HGNC Symbol;Acc:HGNC:9540]	0.7579061	
CCDC65	coiled-coil domain containing 65 [Source:HGNC Symbol;Acc:HGNC:29937]	0.74770856	
HAUS6	HAUS augmin like complex subunit 6 [Source:HGNC Symbol;Acc:HGNC:25948]	0.7460764	
LIG4	DNA ligase 4 [Source:HGNC Symbol;Acc:HGNC:6601]	0.7448157	
COX11	cytochrome c oxidase copper chaperone COX11 [Source:HGNC Symbol;Acc:HGNC:2261]	0.72962123	
EIF1	eukaryotic translation initiation factor 1 [Source:HGNC Symbol;Acc:HGNC:3249]	0.7267931	
INTS12	integrator complex subunit 12 [Source:HGNC Symbol;Acc:HGNC:25067]	0.72345805	
KLHL5	kelch like family member 5 [Source:HGNC Symbol;Acc:HGNC:6356]	0.7231688	
CDK5	cyclin dependent kinase 5 [Source:HGNC Symbol;Acc:HGNC:1774]	0.7146903	
WSB1	WD repeat and SOCS box containing 1 [Source:HGNC Symbol;Acc:HGNC:19221]	0.7122415	
TMEM33	transmembrane protein 33 [Source:HGNC Symbol;Acc:HGNC:25541]	0.7118688	
CHP1	calcineurin like EF-hand protein 1 [Source:HGNC Symbol;Acc:HGNC:17433]	0.7107061	
ATP6V0B	ATPase H+ transporting V0 subunit b [Source:HGNC Symbol;Acc:HGNC:861]	0.6925913	
NBEAL1	neurobeachin like 1 [Source:HGNC Symbol;Acc:HGNC:20681]	0.6924271	
RNF7	ring finger protein 7 [Source:HGNC Symbol;Acc:HGNC:10070]	0.69138783	
MRPS16	mitochondrial ribosomal protein S16 [Source:HGNC Symbol;Acc:HGNC:14048]	0.6881786	
SURF1	SURF1 cytochrome c oxidase assembly factor [Source:HGNC Symbol;Acc:HGNC:11474]	0.6823872	
SF3B1	splicing factor 3b subunit 1 [Source:HGNC Symbol;Acc:HGNC:10768]	0.67577296	
TRAPPC6B	trafficking protein particle complex subunit 6B [Source:HGNC Symbol;Acc:HGNC:23066]	0.67440856	
ENY2	ENY2 transcription and export complex 2 subunit [Source:HGNC Symbol;Acc:HGNC:24449]	0.67412966	
TMA7	translation machinery associated 7 homolog [Source:HGNC Symbol;Acc:HGNC:26932]	0.67131543	
CRY1	cryptochrome circadian regulator 1 [Source:HGNC Symbol;Acc:HGNC:2384]	0.668343	
IFT57	intraflagellar transport 57 [Source:HGNC Symbol;Acc:HGNC:17367]	0.6669796	
INF2	inverted formin 2 [Source:HGNC Symbol;Acc:HGNC:23791]	0.66095674	
RPS5	ribosomal protein S5 [Source:HGNC Symbol;Acc:HGNC:10426]	0.65991926	
RAB33B	RAB33B, member RAS oncogene family [Source:HGNC Symbol;Acc:HGNC:16075]	0.65657675	
RAP2C	RAP2C, member of RAS oncogene family [Source:HGNC Symbol;Acc:HGNC:21165]	0.6502569	
SREBF2	sterol regulatory element binding transcription factor 2 [Source:HGNC Symbol;Acc:HGNC:11290]	0.64889157	
TYW3	tRNA-yW synthesizing protein 3 homolog [Source:HGNC Symbol;Acc:HGNC:24757]	0.64602643	
RAB43	RAB43, member RAS oncogene family [Source:HGNC Symbol;Acc:HGNC:19983]	0.6454085	
WDR48	WD repeat domain 48 [Source:HGNC Symbol;Acc:HGNC:30914]	0.6436527	
RAB23	RAB23, member RAS oncogene family [Source:HGNC Symbol;Acc:HGNC:14263]	0.6416962	
TMCO6	transmembrane and coiled-coil domains 6 [Source:HGNC Symbol;Acc:HGNC:28814]	0.64136606	
MPC1	mitochondrial pyruvate carrier 1 [Source:HGNC Symbol;Acc:HGNC:21606]	0.6343881	
RPL9	ribosomal protein L9 [Source:HGNC Symbol;Acc:HGNC:10369]	0.63425237	
SMPD3	sphingomyelin phosphodiesterase 3 [Source:HGNC Symbol;Acc:HGNC:14240]	0.631006	
SWI5	SWI5 homologous recombination repair protein [Source:HGNC Symbol;Acc:HGNC:31412]	0.63026774	
SEC22B	SEC22 homolog B, vesicle trafficking protein [Source:HGNC Symbol;Acc:HGNC:10700]	0.62313706	
MCCC1	methylcrotonyl-CoA carboxylase subunit 1 [Source:HGNC Symbol;Acc:HGNC:6936]	0.61968386	
HTRA2	HtrA serine peptidase 2 [Source:HGNC Symbol;Acc:HGNC:14348]	0.6196671	
RAB32	RAB32, member RAS oncogene family [Source:HGNC Symbol;Acc:HGNC:9772]	0.6155203	
PPP2R3C	protein phosphatase 2 regulatory subunit B''gamma [Source:HGNC Symbol;Acc:HGNC:17485]	0.6139488	
VPS28	VPS28 subunit of ESCRT-I [Source:HGNC Symbol;Acc:HGNC:18178]	0.61336917	
TOR4A	torsin family 4 member A [Source:HGNC Symbol;Acc:HGNC:25981]	0.61307937	
RPL17	ribosomal protein L17 [Source:HGNC Symbol;Acc:HGNC:10307]	0.6048259	
LUC7L2	LUC7 like 2, pre-mRNA splicing factor [Source:HGNC Symbol;Acc:HGNC:21608]	0.5999563	
CCT7	chaperonin containing TCP1 subunit 7 [Source:HGNC Symbol;Acc:HGNC:1622]	0.59551877	
EEF1E1	eukaryotic translation elongation factor 1 epsilon 1 [Source:HGNC Symbol;Acc:HGNC:3212]	0.594384	
RPS23	ribosomal protein S23 [Source:HGNC Symbol;Acc:HGNC:10410]	0.5933289	
PXMP4	peroxisomal membrane protein 4 [Source:HGNC Symbol;Acc:HGNC:15920]	0.59239185	
RPA3	replication protein A3 [Source:HGNC Symbol;Acc:HGNC:10291]	0.5917825	
TK1	thymidine kinase 1 [Source:HGNC Symbol;Acc:HGNC:11830]	0.59086007	
RPS29	ribosomal protein S29 [Source:HGNC Symbol;Acc:HGNC:10419]	0.58710814	
PSMA2	proteasome 20S subunit alpha 2 [Source:HGNC Symbol;Acc:HGNC:9531]	0.5851766	
RPS27	ribosomal protein S27 [Source:HGNC Symbol;Acc:HGNC:10416]	0.5850454	
POMT2	protein O-mannosyltransferase 2 [Source:HGNC Symbol;Acc:HGNC:19743]	0.583803	
PLK1	polo like kinase 1 [Source:HGNC Symbol;Acc:HGNC:9077]	0.5836742	
NDUFS7	NADH:ubiquinone oxidoreductase core subunit S7 [Source:HGNC Symbol;Acc:HGNC:7714]	0.5762589	
GTF2H5	general transcription factor IIH subunit 5 [Source:HGNC Symbol;Acc:HGNC:21157]	0.5701886	
ACAT2	acetyl-CoA acetyltransferase 2 [Source:HGNC Symbol;Acc:HGNC:94]	0.5700945	
APOL6	apolipoprotein L6 [Source:HGNC Symbol;Acc:HGNC:14870]	0.56653285	
RPS11	ribosomal protein S11 [Source:HGNC Symbol;Acc:HGNC:10384]	0.5637592	
GOT1	glutamic-oxaloacetic transaminase 1 [Source:HGNC Symbol;Acc:HGNC:4432]	0.56062233	
MYH1	myosin heavy chain 1 [Source:HGNC Symbol;Acc:HGNC:7567]	0.55853	
RBM39	RNA binding motif protein 39 [Source:HGNC Symbol;Acc:HGNC:15923]	0.55749494	
UBE2H	ubiquitin conjugating enzyme E2 H [Source:HGNC Symbol;Acc:HGNC:12484]	0.5567804	
TRAPPC2	trafficking protein particle complex subunit 2 [Source:HGNC Symbol;Acc:HGNC:23068]	0.54970104	
DCP2	decapping mRNA 2 [Source:HGNC Symbol;Acc:HGNC:24452]	0.54943436	
RPL36	ribosomal protein L36 [Source:HGNC Symbol;Acc:HGNC:13631]	0.54540694	
NDUFA5	NADH:ubiquinone oxidoreductase subunit A5 [Source:HGNC Symbol;Acc:HGNC:7688]	0.54089886	
GUK1	guanylate kinase 1 [Source:HGNC Symbol;Acc:HGNC:4693]	0.5403829	
TEX10	testis expressed 10 [Source:HGNC Symbol;Acc:HGNC:25988]	0.5365205	
WNT9A	Wnt family member 9A [Source:HGNC Symbol;Acc:HGNC:12778]	0.53383505	
SFT2D2	SFT2 domain containing 2 [Source:HGNC Symbol;Acc:HGNC:25140]	0.5294092	
RPL13A	ribosomal protein L13a [Source:HGNC Symbol;Acc:HGNC:10304]	0.52539945	
CCT3	chaperonin containing TCP1 subunit 3 [Source:HGNC Symbol;Acc:HGNC:1616]	0.5251492	
PHLDB2	pleckstrin homology like domain family B member 2 [Source:HGNC Symbol;Acc:HGNC:29573]	0.5236519	
ZSCAN5B	zinc finger and SCAN domain containing 5B [Source:HGNC Symbol;Acc:HGNC:34246]	0.5229418	
HINT1	histidine triad nucleotide binding protein 1 [Source:HGNC Symbol;Acc:HGNC:4912]	0.51624614	
RPS18	ribosomal protein S18 [Source:HGNC Symbol;Acc:HGNC:10401]	0.51261145	
PRDX6	peroxiredoxin 6 [Source:HGNC Symbol;Acc:HGNC:16753]	0.51199645	
STK11	serine/threonine kinase 11 [Source:HGNC Symbol;Acc:HGNC:11389]	0.5113118	
SUMF1	sulfatase modifying factor 1 [Source:HGNC Symbol;Acc:HGNC:20376]	0.5108797	
SERHL2	serine hydrolase like 2 [Source:HGNC Symbol;Acc:HGNC:29446]	0.5106571	
CUL5	cullin 5 [Source:HGNC Symbol;Acc:HGNC:2556]	0.509327	
RBM22	RNA binding motif protein 22 [Source:HGNC Symbol;Acc:HGNC:25503]	0.5091749	
MRPS18C	mitochondrial ribosomal protein S18C [Source:HGNC Symbol;Acc:HGNC:16633]	0.50865155	
NFATC2IP	nuclear factor of activated T cells 2 interacting protein [Source:HGNC Symbol;Acc:HGNC:25906]	0.5072373	
SRSF4	serine and arginine rich splicing factor 4 [Source:HGNC Symbol;Acc:HGNC:10786]	0.5065764	
UBE2L3	ubiquitin conjugating enzyme E2 L3 [Source:HGNC Symbol;Acc:HGNC:12488]	0.5058781	
GNB5	G protein subunit beta 5 [Source:HGNC Symbol;Acc:HGNC:4401]	0.5048426	
THOC6	THO complex subunit 6 [Source:HGNC Symbol;Acc:HGNC:28369]	0.50267214	
TCF24	transcription factor 24 [Source:HGNC Symbol;Acc:HGNC:32275]	0.5019793	
NEK7	NIMA related kinase 7 [Source:HGNC Symbol;Acc:HGNC:13386]	0.50108886	
FGFRL1	fibroblast growth factor receptor like 1 [Source:HGNC Symbol;Acc:HGNC:3693]	0.50096524	
PHAF1	phagosome assembly factor 1 [Source:HGNC Symbol;Acc:HGNC:29564]	0.49942082	
BUB3	BUB3 mitotic checkpoint protein [Source:HGNC Symbol;Acc:HGNC:1151]	0.49914357	
WDR83	WD repeat domain 83 [Source:HGNC Symbol;Acc:HGNC:32672]	0.49498776	
MRPL13	mitochondrial ribosomal protein L13 [Source:HGNC Symbol;Acc:HGNC:14278]	0.4842665	
GRIPAP1	GRIP1 associated protein 1 [Source:HGNC Symbol;Acc:HGNC:18706]	0.4842305	
RAB1A	RAB1A, member RAS oncogene family [Source:HGNC Symbol;Acc:HGNC:9758]	0.47956866	
RWDD3	RWD domain containing 3 [Source:HGNC Symbol;Acc:HGNC:21393]	0.47853738	
CUL2	cullin 2 [Source:HGNC Symbol;Acc:HGNC:2552]	0.47737542	
CFAP20	cilia and flagella associated protein 20 [Source:HGNC Symbol;Acc:HGNC:29523]	0.475531	
MRPS21	mitochondrial ribosomal protein S21 [Source:HGNC Symbol;Acc:HGNC:14046]	0.47336692	
TACR2	tachykinin receptor 2 [Source:HGNC Symbol;Acc:HGNC:11527]	0.47059205	
COMMD10	COMM domain containing 10 [Source:HGNC Symbol;Acc:HGNC:30201]	0.4668512	
SMC3	structural maintenance of chromosomes 3 [Source:HGNC Symbol;Acc:HGNC:2468]	0.46149284	
UQCRC2	ubiquinol-cytochrome c reductase core protein 2 [Source:HGNC Symbol;Acc:HGNC:12586]	0.45665988	
GGPS1	geranylgeranyl diphosphate synthase 1 [Source:HGNC Symbol;Acc:HGNC:4249]	0.45612162	
ORMDL3	ORMDL sphingolipid biosynthesis regulator 3 [Source:HGNC Symbol;Acc:HGNC:16038]	0.45468962	
HP1BP3	heterochromatin protein 1 binding protein 3 [Source:HGNC Symbol;Acc:HGNC:24973]	0.4528597	
NUP62CL	nucleoporin 62 C-terminal like [Source:HGNC Symbol;Acc:HGNC:25960]	0.45036617	
RPS20	ribosomal protein S20 [Source:HGNC Symbol;Acc:HGNC:10405]	0.447203	
THOC5	THO complex subunit 5 [Source:HGNC Symbol;Acc:HGNC:19074]	0.44619206	
EMC6	ER membrane protein complex subunit 6 [Source:HGNC Symbol;Acc:HGNC:28430]	0.44436714	
DNAJC9	DnaJ heat shock protein family (Hsp40) member C9 [Source:HGNC Symbol;Acc:HGNC:19123]	0.44022372	
FLT1	fms related receptor tyrosine kinase 1 [Source:HGNC Symbol;Acc:HGNC:3763]	0.43879986	
PRDX4	peroxiredoxin 4 [Source:HGNC Symbol;Acc:HGNC:17169]	0.4369163	
NEDD4	NEDD4 E3 ubiquitin protein ligase [Source:HGNC Symbol;Acc:HGNC:7727]	0.43597153	
ADCY3	adenylate cyclase 3 [Source:HGNC Symbol;Acc:HGNC:234]	0.4320208	
LRRC40	leucine rich repeat containing 40 [Source:HGNC Symbol;Acc:HGNC:26004]	0.4320067	
RPS3	ribosomal protein S3 [Source:HGNC Symbol;Acc:HGNC:10420]	0.4300499	
LMTK2	lemur tyrosine kinase 2 [Source:HGNC Symbol;Acc:HGNC:17880]	0.42835808	
DDA1	DET1 and DDB1 associated 1 [Source:HGNC Symbol;Acc:HGNC:28360]	0.42771336	
MRPL32	mitochondrial ribosomal protein L32 [Source:HGNC Symbol;Acc:HGNC:14035]	0.42668003	
MED6	mediator complex subunit 6 [Source:HGNC Symbol;Acc:HGNC:19970]	0.42632496	
ERGIC1	endoplasmic reticulum-golgi intermediate compartment 1 [Source:HGNC Symbol;Acc:HGNC:29205]	0.4239924	
CCT4	chaperonin containing TCP1 subunit 4 [Source:HGNC Symbol;Acc:HGNC:1617]	0.42306152	
RPS19	ribosomal protein S19 [Source:HGNC Symbol;Acc:HGNC:10402]	0.42176017	
FKBP3	FKBP prolyl isomerase 3 [Source:HGNC Symbol;Acc:HGNC:3719]	0.4217012	
CPN2	carboxypeptidase N subunit 2 [Source:HGNC Symbol;Acc:HGNC:2313]	0.42134294	
XXYLT1	xyloside xylosyltransferase 1 [Source:HGNC Symbol;Acc:HGNC:26639]	0.4203802	
MPP7	MAGUK p55 scaffold protein 7 [Source:HGNC Symbol;Acc:HGNC:26542]	0.41733927	
PTPN13	protein tyrosine phosphatase non-receptor type 13 [Source:HGNC Symbol;Acc:HGNC:9646]	0.41553947	
MED23	mediator complex subunit 23 [Source:HGNC Symbol;Acc:HGNC:2372]	0.41284144	
TTC26	tetratricopeptide repeat domain 26 [Source:HGNC Symbol;Acc:HGNC:21882]	0.41274104	
FLI1	Fli-1 proto-oncogene, ETS transcription factor [Source:HGNC Symbol;Acc:HGNC:3749]	0.41090056	
RAB14	RAB14, member RAS oncogene family [Source:HGNC Symbol;Acc:HGNC:16524]	0.40894458	
NDUFS6	NADH:ubiquinone oxidoreductase subunit S6 [Source:HGNC Symbol;Acc:HGNC:7713]	0.40547842	
RPL27	ribosomal protein L27 [Source:HGNC Symbol;Acc:HGNC:10328]	0.40392232	
RPS24	ribosomal protein S24 [Source:HGNC Symbol;Acc:HGNC:10411]	0.40140143	
PRMT8	protein arginine methyltransferase 8 [Source:HGNC Symbol;Acc:HGNC:5188]	0.40100273	
TOP3B	DNA topoisomerase III beta [Source:HGNC Symbol;Acc:HGNC:11993]	0.40078044	
VDAC2	voltage dependent anion channel 2 [Source:HGNC Symbol;Acc:HGNC:12672]	0.3976946	
METTL5	methyltransferase 5, N6-adenosine [Source:HGNC Symbol;Acc:HGNC:25006]	0.39210698	
BCS1L	BCS1 homolog, ubiquinol-cytochrome c reductase complex chaperone [Source:HGNC Symbol;Acc:HGNC:1020]	0.38984177	
MLH1	mutL homolog 1 [Source:HGNC Symbol;Acc:HGNC:7127]	0.38612264	
RPS25	ribosomal protein S25 [Source:HGNC Symbol;Acc:HGNC:10413]	0.3813069	
FEN1	flap structure-specific endonuclease 1 [Source:HGNC Symbol;Acc:HGNC:3650]	0.3787483	
POLR3K	RNA polymerase III subunit K [Source:HGNC Symbol;Acc:HGNC:14121]	0.37868452	
CYC1	cytochrome c1 [Source:HGNC Symbol;Acc:HGNC:2579]	0.37804613	
AK6	adenylate kinase 6 [Source:HGNC Symbol;Acc:HGNC:49151]	0.37793815	
LARGE1	LARGE xylosyl- and glucuronyltransferase 1 [Source:HGNC Symbol;Acc:HGNC:6511]	0.37760732	
COPS6	COP9 signalosome subunit 6 [Source:HGNC Symbol;Acc:HGNC:21749]	0.37465894	
RNF41	ring finger protein 41 [Source:HGNC Symbol;Acc:HGNC:18401]	0.3680418	
RPS15	ribosomal protein S15 [Source:HGNC Symbol;Acc:HGNC:10388]	0.3677251	
OGFOD2	2-oxoglutarate and iron dependent oxygenase domain containing 2 [Source:HGNC Symbol;Acc:HGNC:25823]	0.36432785	
RPL36A	ribosomal protein L36a [Source:HGNC Symbol;Acc:HGNC:10359]	0.36146575	
RAB4B	RAB4B, member RAS oncogene family [Source:HGNC Symbol;Acc:HGNC:9782]	0.36106858	
VPS25	vacuolar protein sorting 25 homolog [Source:HGNC Symbol;Acc:HGNC:28122]	0.3599646	
HDDC3	HD domain containing 3 [Source:HGNC Symbol;Acc:HGNC:30522]	0.35737076	
GP1BA	glycoprotein Ib platelet subunit alpha [Source:HGNC Symbol;Acc:HGNC:4439]	0.35496014	
PTDSS2	phosphatidylserine synthase 2 [Source:HGNC Symbol;Acc:HGNC:15463]	0.35374188	
WNT4	Wnt family member 4 [Source:HGNC Symbol;Acc:HGNC:12783]	0.35336047	
NTHL1	nth like DNA glycosylase 1 [Source:HGNC Symbol;Acc:HGNC:8028]	0.3523491	
CSNK1E	casein kinase 1 epsilon [Source:HGNC Symbol;Acc:HGNC:2453]	0.35055017	
TMEM41B	transmembrane protein 41B [Source:HGNC Symbol;Acc:HGNC:28948]	0.34984335	
ART4	ADP-ribosyltransferase 4 (inactive) (Dombrock blood group) [Source:HGNC Symbol;Acc:HGNC:726]	0.34966612	
SLC9A8	solute carrier family 9 member A8 [Source:HGNC Symbol;Acc:HGNC:20728]	0.34791723	
FBP1	fructose-bisphosphatase 1 [Source:HGNC Symbol;Acc:HGNC:3606]	0.34782204	
PIN4	peptidylprolyl cis/trans isomerase, NIMA-interacting 4 [Source:HGNC Symbol;Acc:HGNC:8992]	0.3445729	
TMED2	transmembrane p24 trafficking protein 2 [Source:HGNC Symbol;Acc:HGNC:16996]	0.34404418	
CEP41	centrosomal protein 41 [Source:HGNC Symbol;Acc:HGNC:12370]	0.3431924	
ARL4C	ADP ribosylation factor like GTPase 4C [Source:HGNC Symbol;Acc:HGNC:698]	0.34237665	
STOML1	stomatin like 1 [Source:HGNC Symbol;Acc:HGNC:14560]	0.34113404	
UBE2V1	ubiquitin conjugating enzyme E2 V1 [Source:HGNC Symbol;Acc:HGNC:12494]	0.33645874	
TOPBP1	DNA topoisomerase II binding protein 1 [Source:HGNC Symbol;Acc:HGNC:17008]	0.3359297	
MED15	mediator complex subunit 15 [Source:HGNC Symbol;Acc:HGNC:14248]	0.33324963	
COMMD3	COMM domain containing 3 [Source:HGNC Symbol;Acc:HGNC:23332]	0.3315245	
CIAO1	cytosolic iron-sulfur assembly component 1 [Source:HGNC Symbol;Acc:HGNC:14280]	0.33041736	
RRM1	ribonucleotide reductase catalytic subunit M1 [Source:HGNC Symbol;Acc:HGNC:10451]	0.330165	
CSTF2	cleavage stimulation factor subunit 2 [Source:HGNC Symbol;Acc:HGNC:2484]	0.32741764	
GGT1	gamma-glutamyltransferase 1 [Source:HGNC Symbol;Acc:HGNC:4250]	0.32532445	
RASSF5	Ras association domain family member 5 [Source:HGNC Symbol;Acc:HGNC:17609]	0.32389095	
FAM32A	family with sequence similarity 32 member A [Source:HGNC Symbol;Acc:HGNC:24563]	0.3164096	
ORC6	origin recognition complex subunit 6 [Source:HGNC Symbol;Acc:HGNC:17151]	0.31570128	
INTS8	integrator complex subunit 8 [Source:HGNC Symbol;Acc:HGNC:26048]	0.31550354	
GPX7	glutathione peroxidase 7 [Source:HGNC Symbol;Acc:HGNC:4559]	0.31472242	
MED17	mediator complex subunit 17 [Source:HGNC Symbol;Acc:HGNC:2375]	0.3144471	
PPP1CB	protein phosphatase 1 catalytic subunit beta [Source:HGNC Symbol;Acc:HGNC:9282]	0.31191653	
ALAS1	5'-aminolevulinate synthase 1 [Source:HGNC Symbol;Acc:HGNC:396]	0.31169423	
PMF1	polyamine modulated factor 1 [Source:HGNC Symbol;Acc:HGNC:9112]	0.31130832	
AMPD2	adenosine monophosphate deaminase 2 [Source:HGNC Symbol;Acc:HGNC:469]	0.30948946	
DCTN6	dynactin subunit 6 [Source:HGNC Symbol;Acc:HGNC:16964]	0.3092255	
PSMC6	proteasome 26S subunit, ATPase 6 [Source:HGNC Symbol;Acc:HGNC:9553]	0.30883247	
NHP2	NHP2 ribonucleoprotein [Source:HGNC Symbol;Acc:HGNC:14377]	0.30730796	
NDUFV2	NADH:ubiquinone oxidoreductase core subunit V2 [Source:HGNC Symbol;Acc:HGNC:7717]	0.30577868	
SEC61G	SEC61 translocon subunit gamma [Source:HGNC Symbol;Acc:HGNC:18277]	0.3050035	
SSU72	SSU72 homolog, RNA polymerase II CTD phosphatase [Source:HGNC Symbol;Acc:HGNC:25016]	0.30095145	
RPL8	ribosomal protein L8 [Source:HGNC Symbol;Acc:HGNC:10368]	0.30059913	
SRA1	steroid receptor RNA activator 1 [Source:HGNC Symbol;Acc:HGNC:11281]	0.29758027	
PSMG1	proteasome assembly chaperone 1 [Source:HGNC Symbol;Acc:HGNC:3043]	0.29690993	
ACTL6B	actin like 6B [Source:HGNC Symbol;Acc:HGNC:160]	0.29573807	
RPS16	ribosomal protein S16 [Source:HGNC Symbol;Acc:HGNC:10396]	0.2925832	
RAD21	RAD21 cohesin complex component [Source:HGNC Symbol;Acc:HGNC:9811]	0.29202107	
KCTD5	potassium channel tetramerization domain containing 5 [Source:HGNC Symbol;Acc:HGNC:21423]	0.2861547	
CHTF8	chromosome transmission fidelity factor 8 [Source:HGNC Symbol;Acc:HGNC:24353]	0.2854721	
UBLCP1	ubiquitin like domain containing CTD phosphatase 1 [Source:HGNC Symbol;Acc:HGNC:28110]	0.28507328	
SEC63	SEC63 homolog, protein translocation regulator [Source:HGNC Symbol;Acc:HGNC:21082]	0.28418958	
SYT15	synaptotagmin 15 [Source:HGNC Symbol;Acc:HGNC:17167]	0.28281325	
SEC13	SEC13 homolog, nuclear pore and COPII coat complex component [Source:HGNC Symbol;Acc:HGNC:10697]	0.2821906	
DUOX1	dual oxidase 1 [Source:HGNC Symbol;Acc:HGNC:3062]	0.2758916	
PNPLA4	patatin like phospholipase domain containing 4 [Source:HGNC Symbol;Acc:HGNC:24887]	0.2749834	
RPL7A	ribosomal protein L7a [Source:HGNC Symbol;Acc:HGNC:10364]	0.27387217	
STT3A	STT3 oligosaccharyltransferase complex catalytic subunit A [Source:HGNC Symbol;Acc:HGNC:6172]	0.26914394	
CNEP1R1	CTD nuclear envelope phosphatase 1 regulatory subunit 1 [Source:HGNC Symbol;Acc:HGNC:26759]	0.26863158	
COQ7	coenzyme Q7, hydroxylase [Source:HGNC Symbol;Acc:HGNC:2244]	0.26829964	
HAUS4	HAUS augmin like complex subunit 4 [Source:HGNC Symbol;Acc:HGNC:20163]	0.26468673	
COPZ1	COPI coat complex subunit zeta 1 [Source:HGNC Symbol;Acc:HGNC:2243]	0.26451054	
LIN7C	lin-7 homolog C, crumbs cell polarity complex component [Source:HGNC Symbol;Acc:HGNC:17789]	0.26175845	
SERPINF1	serpin family F member 1 [Source:HGNC Symbol;Acc:HGNC:8824]	0.26116776	
FOXD1	forkhead box D1 [Source:HGNC Symbol;Acc:HGNC:3802]	0.26098865	
MED21	mediator complex subunit 21 [Source:HGNC Symbol;Acc:HGNC:11473]	0.25843585	
YPEL5	yippee like 5 [Source:HGNC Symbol;Acc:HGNC:18329]	0.25069487	
ICE2	interactor of little elongation complex ELL subunit 2 [Source:HGNC Symbol;Acc:HGNC:29885]	0.24614762	
CCDC40	coiled-coil domain containing 40 [Source:HGNC Symbol;Acc:HGNC:26090]	0.24325536	
PSMC3	proteasome 26S subunit, ATPase 3 [Source:HGNC Symbol;Acc:HGNC:9549]	0.24055204	
TAF10	TATA-box binding protein associated factor 10 [Source:HGNC Symbol;Acc:HGNC:11543]	0.23841709	
ABCD2	ATP binding cassette subfamily D member 2 [Source:HGNC Symbol;Acc:HGNC:66]	0.23772785	
RPL11	ribosomal protein L11 [Source:HGNC Symbol;Acc:HGNC:10301]	0.23654795	
B3GALT2	beta-1,3-galactosyltransferase 2 [Source:HGNC Symbol;Acc:HGNC:917]	0.23611094	
PPP4C	protein phosphatase 4 catalytic subunit [Source:HGNC Symbol;Acc:HGNC:9319]	0.23555055	
BIN3	bridging integrator 3 [Source:HGNC Symbol;Acc:HGNC:1054]	0.23442848	
IDH3B	isocitrate dehydrogenase (NAD(+)) 3 non-catalytic subunit beta [Source:HGNC Symbol;Acc:HGNC:5385]	0.23360029	
UBE2I	ubiquitin conjugating enzyme E2 I [Source:HGNC Symbol;Acc:HGNC:12485]	0.23286998	
ARF4	ADP ribosylation factor 4 [Source:HGNC Symbol;Acc:HGNC:655]	0.23166122	
NOP56	NOP56 ribonucleoprotein [Source:HGNC Symbol;Acc:HGNC:15911]	0.23021814	
UBL5	ubiquitin like 5 [Source:HGNC Symbol;Acc:HGNC:13736]	0.22621806	
VIPAS39	VPS33B interacting protein, apical-basolateral polarity regulator, spe-39 homolog [Source:HGNC Symbol;Acc:HGNC:20347]	0.22580396	
MRPL47	mitochondrial ribosomal protein L47 [Source:HGNC Symbol;Acc:HGNC:16652]	0.22513913	
ASCC1	activating signal cointegrator 1 complex subunit 1 [Source:HGNC Symbol;Acc:HGNC:24268]	0.22156687	
PSMA5	proteasome 20S subunit alpha 5 [Source:HGNC Symbol;Acc:HGNC:9534]	0.22107656	
MKS1	MKS transition zone complex subunit 1 [Source:HGNC Symbol;Acc:HGNC:7121]	0.21964899	
GID4	GID complex subunit 4 homolog [Source:HGNC Symbol;Acc:HGNC:28453]	0.21945833	
PPP2CA	protein phosphatase 2 catalytic subunit alpha [Source:HGNC Symbol;Acc:HGNC:9299]	0.21874705	
CACNB1	calcium voltage-gated channel auxiliary subunit beta 1 [Source:HGNC Symbol;Acc:HGNC:1401]	0.21818632	
MYO1A	myosin IA [Source:HGNC Symbol;Acc:HGNC:7595]	0.21783057	
ZBTB8OS	zinc finger and BTB domain containing 8 opposite strand [Source:HGNC Symbol;Acc:HGNC:24094]	0.2165941	
ANKRD28	ankyrin repeat domain 28 [Source:HGNC Symbol;Acc:HGNC:29024]	0.21430756	
CNOT7	CCR4-NOT transcription complex subunit 7 [Source:HGNC Symbol;Acc:HGNC:14101]	0.21354453	
ARL5B	ADP ribosylation factor like GTPase 5B [Source:HGNC Symbol;Acc:HGNC:23052]	0.21339191	
EDEM2	ER degradation enhancing alpha-mannosidase like protein 2 [Source:HGNC Symbol;Acc:HGNC:15877]	0.21253325	
ZNF14	zinc finger protein 14 [Source:HGNC Symbol;Acc:HGNC:12924]	0.2109828	
RPL18A	ribosomal protein L18a [Source:HGNC Symbol;Acc:HGNC:10311]	0.2105985	
SASS6	SAS-6 centriolar assembly protein [Source:HGNC Symbol;Acc:HGNC:25403]	0.21001936	
ARFRP1	ADP ribosylation factor related protein 1 [Source:HGNC Symbol;Acc:HGNC:662]	0.2082781	
BTBD3	BTB domain containing 3 [Source:HGNC Symbol;Acc:HGNC:15854]	0.20771427	
DHX36	DEAH-box helicase 36 [Source:HGNC Symbol;Acc:HGNC:14410]	0.2046073	
TRAF3IP1	TRAF3 interacting protein 1 [Source:HGNC Symbol;Acc:HGNC:17861]	0.20344694	
CYB5R2	cytochrome b5 reductase 2 [Source:HGNC Symbol;Acc:HGNC:24376]	0.20237222	
ANKRD16	ankyrin repeat domain 16 [Source:HGNC Symbol;Acc:HGNC:23471]	0.19990793	
UBE2M	ubiquitin conjugating enzyme E2 M [Source:HGNC Symbol;Acc:HGNC:12491]	0.1995838	
PABPC4	poly(A) binding protein cytoplasmic 4 [Source:HGNC Symbol;Acc:HGNC:8557]	0.19711679	
SYN1	synapsin I [Source:HGNC Symbol;Acc:HGNC:11494]	0.19497791	
PDCD7	programmed cell death 7 [Source:HGNC Symbol;Acc:HGNC:8767]	0.19450329	
PRPSAP2	phosphoribosyl pyrophosphate synthetase associated protein 2 [Source:HGNC Symbol;Acc:HGNC:9467]	0.19177285	
TRAFD1	TRAF-type zinc finger domain containing 1 [Source:HGNC Symbol;Acc:HGNC:24808]	0.18911287	
ANAPC11	anaphase promoting complex subunit 11 [Source:HGNC Symbol;Acc:HGNC:14452]	0.18847552	
UBE2G2	ubiquitin conjugating enzyme E2 G2 [Source:HGNC Symbol;Acc:HGNC:12483]	0.1830166	
RAB30	RAB30, member RAS oncogene family [Source:HGNC Symbol;Acc:HGNC:9770]	0.18162979	
MRPL18	mitochondrial ribosomal protein L18 [Source:HGNC Symbol;Acc:HGNC:14477]	0.18151504	
AMMECR1	AMMECR nuclear protein 1 [Source:HGNC Symbol;Acc:HGNC:467]	0.18128628	
RCBTB2	RCC1 and BTB domain containing protein 2 [Source:HGNC Symbol;Acc:HGNC:1914]	0.1807482	
MAN1A2	mannosidase alpha class 1A member 2 [Source:HGNC Symbol;Acc:HGNC:6822]	0.1762921	
MSANTD2	Myb/SANT DNA binding domain containing 2 [Source:HGNC Symbol;Acc:HGNC:26266]	0.17596504	
HOXA3	homeobox A3 [Source:HGNC Symbol;Acc:HGNC:5104]	0.1724336	
ALKBH8	alkB homolog 8, tRNA methyltransferase [Source:HGNC Symbol;Acc:HGNC:25189]	0.16720104	
CDIP1	cell death inducing p53 target 1 [Source:HGNC Symbol;Acc:HGNC:13234]	0.16489203	
SLC51A	solute carrier family 51 subunit alpha [Source:HGNC Symbol;Acc:HGNC:29955]	0.16423187	
CTNNAL1	catenin alpha like 1 [Source:HGNC Symbol;Acc:HGNC:2512]	0.16169596	
OXCT1	3-oxoacid CoA-transferase 1 [Source:HGNC Symbol;Acc:HGNC:8527]	0.1615953	
PRR7	proline rich 7, synaptic [Source:HGNC Symbol;Acc:HGNC:28130]	0.16110887	
AP3B2	adaptor related protein complex 3 subunit beta 2 [Source:HGNC Symbol;Acc:HGNC:567]	0.16004476	
OXNAD1	oxidoreductase NAD binding domain containing 1 [Source:HGNC Symbol;Acc:HGNC:25128]	0.1572562	
PPFIA1	PTPRF interacting protein alpha 1 [Source:HGNC Symbol;Acc:HGNC:9245]	0.15603128	
RPS17	ribosomal protein S17 [Source:HGNC Symbol;Acc:HGNC:10397]	0.15530057	
POP4	POP4 homolog, ribonuclease P/MRP subunit [Source:HGNC Symbol;Acc:HGNC:30081]	0.15462323	
UBE2W	ubiquitin conjugating enzyme E2 W [Source:HGNC Symbol;Acc:HGNC:25616]	0.15283388	
ACAT1	acetyl-CoA acetyltransferase 1 [Source:HGNC Symbol;Acc:HGNC:93]	0.15255514	
DALRD3	DALR anticodon binding domain containing 3 [Source:HGNC Symbol;Acc:HGNC:25536]	0.15165684	
UGP2	UDP-glucose pyrophosphorylase 2 [Source:HGNC Symbol;Acc:HGNC:12527]	0.15150528	
XRCC5	X-ray repair cross complementing 5 [Source:HGNC Symbol;Acc:HGNC:12833]	0.15012087	
MKRN1	makorin ring finger protein 1 [Source:HGNC Symbol;Acc:HGNC:7112]	0.14766307	
ERLIN1	ER lipid raft associated 1 [Source:HGNC Symbol;Acc:HGNC:16947]	0.1435453	
TAF5	TATA-box binding protein associated factor 5 [Source:HGNC Symbol;Acc:HGNC:11539]	0.1421393	
KIF27	kinesin family member 27 [Source:HGNC Symbol;Acc:HGNC:18632]	0.14100532	
MSH4	mutS homolog 4 [Source:HGNC Symbol;Acc:HGNC:7327]	0.14074573	
DOT1L	DOT1 like histone lysine methyltransferase [Source:HGNC Symbol;Acc:HGNC:24948]	0.1388472	
RPRD2	regulation of nuclear pre-mRNA domain containing 2 [Source:HGNC Symbol;Acc:HGNC:29039]	0.13861057	
PTPN11	protein tyrosine phosphatase non-receptor type 11 [Source:HGNC Symbol;Acc:HGNC:9644]	0.136231	
HID1	HID1 domain containing [Source:HGNC Symbol;Acc:HGNC:15736]	0.13599743	
PTGS2	prostaglandin-endoperoxide synthase 2 [Source:HGNC Symbol;Acc:HGNC:9605]	0.13546447	
CNDP2	carnosine dipeptidase 2 [Source:HGNC Symbol;Acc:HGNC:24437]	0.13349701	
RPL38	ribosomal protein L38 [Source:HGNC Symbol;Acc:HGNC:10349]	0.13285233	
LRRC57	leucine rich repeat containing 57 [Source:HGNC Symbol;Acc:HGNC:26719]	0.13272986	
CSNK1G2	casein kinase 1 gamma 2 [Source:HGNC Symbol;Acc:HGNC:2455]	0.12974775	
AP2M1	adaptor related protein complex 2 subunit mu 1 [Source:HGNC Symbol;Acc:HGNC:564]	0.12888093	
ACY1	aminoacylase 1 [Source:HGNC Symbol;Acc:HGNC:177]	0.1251363	
TCEANC2	transcription elongation factor A N-terminal and central domain containing 2 [Source:HGNC Symbol;Acc:HGNC:26494]	0.12329682	
MRPL41	mitochondrial ribosomal protein L41 [Source:HGNC Symbol;Acc:HGNC:14492]	0.119936176	
TRMT11	tRNA methyltransferase 11 homolog [Source:HGNC Symbol;Acc:HGNC:21080]	0.11863096	
XPO7	exportin 7 [Source:HGNC Symbol;Acc:HGNC:14108]	0.11526756	
CTDSP1	CTD small phosphatase 1 [Source:HGNC Symbol;Acc:HGNC:21614]	0.11312952	
KAT6A	lysine acetyltransferase 6A [Source:HGNC Symbol;Acc:HGNC:13013]	0.113036305	
HINT2	histidine triad nucleotide binding protein 2 [Source:HGNC Symbol;Acc:HGNC:18344]	0.11289456	
TM9SF2	transmembrane 9 superfamily member 2 [Source:HGNC Symbol;Acc:HGNC:11865]	0.11174556	
XRCC2	X-ray repair cross complementing 2 [Source:HGNC Symbol;Acc:HGNC:12829]	0.11123341	
SESN1	sestrin 1 [Source:HGNC Symbol;Acc:HGNC:21595]	0.109529	
DCLRE1B	DNA cross-link repair 1B [Source:HGNC Symbol;Acc:HGNC:17641]	0.10779386	
PPWD1	peptidylprolyl isomerase domain and WD repeat containing 1 [Source:HGNC Symbol;Acc:HGNC:28954]	0.105251215	
ZMAT2	zinc finger matrin-type 2 [Source:HGNC Symbol;Acc:HGNC:26433]	0.103348315	
MRPS25	mitochondrial ribosomal protein S25 [Source:HGNC Symbol;Acc:HGNC:14511]	0.10255845	
MCTS1	MCTS1 re-initiation and release factor [Source:HGNC Symbol;Acc:HGNC:23357]	0.10052445	
SIX4	SIX homeobox 4 [Source:HGNC Symbol;Acc:HGNC:10890]	0.09814261	
SRP9	signal recognition particle 9 [Source:HGNC Symbol;Acc:HGNC:11304]	0.09699791	
KPNB1	karyopherin subunit beta 1 [Source:HGNC Symbol;Acc:HGNC:6400]	0.096811555	
ABHD17B	abhydrolase domain containing 17B, depalmitoylase [Source:HGNC Symbol;Acc:HGNC:24278]	0.096509285	
CELF2	CUGBP Elav-like family member 2 [Source:HGNC Symbol;Acc:HGNC:2550]	0.09466971	
METTL6	methyltransferase 6, methylcytidine [Source:HGNC Symbol;Acc:HGNC:28343]	0.0946231	
MNS1	meiosis specific nuclear structural 1 [Source:HGNC Symbol;Acc:HGNC:29636]	0.094041124	
MAPRE1	microtubule associated protein RP/EB family member 1 [Source:HGNC Symbol;Acc:HGNC:6890]	0.09170513	
MYO19	myosin XIX [Source:HGNC Symbol;Acc:HGNC:26234]	0.084595405	
MAP3K4	mitogen-activated protein kinase kinase kinase 4 [Source:HGNC Symbol;Acc:HGNC:6856]	0.08459156	
CARHSP1	calcium regulated heat stable protein 1 [Source:HGNC Symbol;Acc:HGNC:17150]	0.08338023	
NSA2	NSA2 ribosome biogenesis factor [Source:HGNC Symbol;Acc:HGNC:30728]	0.08296391	
SWT1	SWT1 RNA endoribonuclease homolog [Source:HGNC Symbol;Acc:HGNC:16785]	0.08294579	
POLDIP2	DNA polymerase delta interacting protein 2 [Source:HGNC Symbol;Acc:HGNC:23781]	0.079315305	
MED8	mediator complex subunit 8 [Source:HGNC Symbol;Acc:HGNC:19971]	0.0787641	
TBX18	T-box transcription factor 18 [Source:HGNC Symbol;Acc:HGNC:11595]	0.07849647	
SUCLG2	succinate-CoA ligase GDP-forming subunit beta [Source:HGNC Symbol;Acc:HGNC:11450]	0.077983096	
COPS4	COP9 signalosome subunit 4 [Source:HGNC Symbol;Acc:HGNC:16702]	0.077777795	
BCAS2	BCAS2 pre-mRNA processing factor [Source:HGNC Symbol;Acc:HGNC:975]	0.07196792	
TAF8	TATA-box binding protein associated factor 8 [Source:HGNC Symbol;Acc:HGNC:17300]	0.07146549	
MYO6	myosin VI [Source:HGNC Symbol;Acc:HGNC:7605]	0.07080676	
MRPL20	mitochondrial ribosomal protein L20 [Source:HGNC Symbol;Acc:HGNC:14478]	0.07058373	
AP1B1	adaptor related protein complex 1 subunit beta 1 [Source:HGNC Symbol;Acc:HGNC:554]	0.070107765	
GRIK1	glutamate ionotropic receptor kainate type subunit 1 [Source:HGNC Symbol;Acc:HGNC:4579]	0.06949612	
VPS35	VPS35 retromer complex component [Source:HGNC Symbol;Acc:HGNC:13487]	0.068988755	
GSK3B	glycogen synthase kinase 3 beta [Source:HGNC Symbol;Acc:HGNC:4617]	0.068478584	
NSUN4	NOP2/Sun RNA methyltransferase 4 [Source:HGNC Symbol;Acc:HGNC:31802]	0.06761489	
BBS1	Bardet-Biedl syndrome 1 [Source:HGNC Symbol;Acc:HGNC:966]	0.06586028	
FABP7	fatty acid binding protein 7 [Source:HGNC Symbol;Acc:HGNC:3562]	0.06448646	
SGSM3	small G protein signaling modulator 3 [Source:HGNC Symbol;Acc:HGNC:25228]	0.06224623	
DNM1	dynamin 1 [Source:HGNC Symbol;Acc:HGNC:2972]	0.061734796	
KCNJ6	potassium inwardly rectifying channel subfamily J member 6 [Source:HGNC Symbol;Acc:HGNC:6267]	0.061034877	
CHI3L2	chitinase 3 like 2 [Source:HGNC Symbol;Acc:HGNC:1933]	0.058267012	
GMPR2	guanosine monophosphate reductase 2 [Source:HGNC Symbol;Acc:HGNC:4377]	0.05805813	
STK36	serine/threonine kinase 36 [Source:HGNC Symbol;Acc:HGNC:17209]	0.056795277	
RPS14	ribosomal protein S14 [Source:HGNC Symbol;Acc:HGNC:10387]	0.05268277	
GOLGA4	golgin A4 [Source:HGNC Symbol;Acc:HGNC:4427]	0.052602105	
GFPT2	glutamine-fructose-6-phosphate transaminase 2 [Source:HGNC Symbol;Acc:HGNC:4242]	0.052200064	
TUBA1C	tubulin alpha 1c [Source:HGNC Symbol;Acc:HGNC:20768]	0.05214072	
SUCLA2	succinate-CoA ligase ADP-forming subunit beta [Source:HGNC Symbol;Acc:HGNC:11448]	0.05138337	
TRUB1	TruB pseudouridine synthase family member 1 [Source:HGNC Symbol;Acc:HGNC:16060]	0.051183768	
MRPL43	mitochondrial ribosomal protein L43 [Source:HGNC Symbol;Acc:HGNC:14517]	0.046624396	
BCAR1	BCAR1 scaffold protein, Cas family member [Source:HGNC Symbol;Acc:HGNC:971]	0.045177996	
SEH1L	SEH1 like nucleoporin [Source:HGNC Symbol;Acc:HGNC:30379]	0.044991318	
ARHGEF12	Rho guanine nucleotide exchange factor 12 [Source:HGNC Symbol;Acc:HGNC:14193]	0.040802103	
CDK1	cyclin dependent kinase 1 [Source:HGNC Symbol;Acc:HGNC:1722]	0.03995082	
EIF4A2	eukaryotic translation initiation factor 4A2 [Source:HGNC Symbol;Acc:HGNC:3284]	0.03890147	
TMPRSS4	transmembrane serine protease 4 [Source:HGNC Symbol;Acc:HGNC:11878]	0.03730379	
RPL13	ribosomal protein L13 [Source:HGNC Symbol;Acc:HGNC:10303]	0.036243804	
EXTL3	exostosin like glycosyltransferase 3 [Source:HGNC Symbol;Acc:HGNC:3518]	0.035605937	
SHMT2	serine hydroxymethyltransferase 2 [Source:HGNC Symbol;Acc:HGNC:10852]	0.03507609	
MED16	mediator complex subunit 16 [Source:HGNC Symbol;Acc:HGNC:17556]	0.034461875	
PTGER4	prostaglandin E receptor 4 [Source:HGNC Symbol;Acc:HGNC:9596]	0.034175623	
MRPL2	mitochondrial ribosomal protein L2 [Source:HGNC Symbol;Acc:HGNC:14056]	0.0339193	
CHRNA9	cholinergic receptor nicotinic alpha 9 subunit [Source:HGNC Symbol;Acc:HGNC:14079]	0.03359906	
NFKBIL1	NFKB inhibitor like 1 [Source:HGNC Symbol;Acc:HGNC:7800]	0.0327674	
KCTD10	potassium channel tetramerization domain containing 10 [Source:HGNC Symbol;Acc:HGNC:23236]	0.032028828	
PRODH2	proline dehydrogenase 2 [Source:HGNC Symbol;Acc:HGNC:17325]	0.03160677	
TRIM9	tripartite motif containing 9 [Source:HGNC Symbol;Acc:HGNC:16288]	0.029297847	
MRPS34	mitochondrial ribosomal protein S34 [Source:HGNC Symbol;Acc:HGNC:16618]	0.026624916	
KPNA5	karyopherin subunit alpha 5 [Source:HGNC Symbol;Acc:HGNC:6398]	0.025001157	
D2HGDH	D-2-hydroxyglutarate dehydrogenase [Source:HGNC Symbol;Acc:HGNC:28358]	0.02442284	
MBTPS1	membrane bound transcription factor peptidase, site 1 [Source:HGNC Symbol;Acc:HGNC:15456]	0.024040101	
WDR62	WD repeat domain 62 [Source:HGNC Symbol;Acc:HGNC:24502]	0.023798898	
AMDHD1	amidohydrolase domain containing 1 [Source:HGNC Symbol;Acc:HGNC:28577]	0.02206077	
YEATS4	YEATS domain containing 4 [Source:HGNC Symbol;Acc:HGNC:24859]	0.021464488	
GSTZ1	glutathione S-transferase zeta 1 [Source:HGNC Symbol;Acc:HGNC:4643]	0.021320932	
KAT8	lysine acetyltransferase 8 [Source:HGNC Symbol;Acc:HGNC:17933]	0.02108204	
RASL12	RAS like family 12 [Source:HGNC Symbol;Acc:HGNC:30289]	0.020100316	
DYNLRB2	dynein light chain roadblock-type 2 [Source:HGNC Symbol;Acc:HGNC:15467]	0.019774325	
SIRT4	sirtuin 4 [Source:HGNC Symbol;Acc:HGNC:14932]	0.018086424	
USE1	unconventional SNARE in the ER 1 [Source:HGNC Symbol;Acc:HGNC:30882]	0.017798685	
DOK7	docking protein 7 [Source:HGNC Symbol;Acc:HGNC:26594]	0.017689843	
JARID2	jumonji and AT-rich interaction domain containing 2 [Source:HGNC Symbol;Acc:HGNC:6196]	0.016711827	
ACTR1A	actin related protein 1A [Source:HGNC Symbol;Acc:HGNC:167]	0.016539413	
GEMIN2	gem nuclear organelle associated protein 2 [Source:HGNC Symbol;Acc:HGNC:10884]	0.013032239	
MED7	mediator complex subunit 7 [Source:HGNC Symbol;Acc:HGNC:2378]	0.008867954	
MAP3K9	mitogen-activated protein kinase kinase kinase 9 [Source:HGNC Symbol;Acc:HGNC:6861]	0.006676837	
MAU2	MAU2 sister chromatid cohesion factor [Source:HGNC Symbol;Acc:HGNC:29140]	0.005701552	
RIOK2	RIO kinase 2 [Source:HGNC Symbol;Acc:HGNC:18999]	0.005538681	
LENG1	leukocyte receptor cluster member 1 [Source:HGNC Symbol;Acc:HGNC:15502]	0.003741075	
CDKL1	cyclin dependent kinase like 1 [Source:HGNC Symbol;Acc:HGNC:1781]	0.002366291	
MRPS6	mitochondrial ribosomal protein S6 [Source:HGNC Symbol;Acc:HGNC:14051]	1.54948E-4	
FTSJ1	FtsJ RNA 2'-O-methyltransferase 1 [Source:HGNC Symbol;Acc:HGNC:13254]	-0.0040794	
FRMD4B	FERM domain containing 4B [Source:HGNC Symbol;Acc:HGNC:24886]	-0.004143042	
MAP1LC3C	microtubule associated protein 1 light chain 3 gamma [Source:HGNC Symbol;Acc:HGNC:13353]	-0.004998465	
SYT14	synaptotagmin 14 [Source:HGNC Symbol;Acc:HGNC:23143]	-0.006281136	
RIC8A	RIC8 guanine nucleotide exchange factor A [Source:HGNC Symbol;Acc:HGNC:29550]	-0.006441458	
NT5C3A	5'-nucleotidase, cytosolic IIIA [Source:HGNC Symbol;Acc:HGNC:17820]	-0.008778902	
DHX16	DEAH-box helicase 16 [Source:HGNC Symbol;Acc:HGNC:2739]	-0.010049792	
RPL14	ribosomal protein L14 [Source:HGNC Symbol;Acc:HGNC:10305]	-0.012081572	
RAE1	ribonucleic acid export 1 [Source:HGNC Symbol;Acc:HGNC:9828]	-0.013224249	
PLCH1	phospholipase C eta 1 [Source:HGNC Symbol;Acc:HGNC:29185]	-0.013284658	
TNPO1	transportin 1 [Source:HGNC Symbol;Acc:HGNC:6401]	-0.01346025	
GLO1	glyoxalase I [Source:HGNC Symbol;Acc:HGNC:4323]	-0.015007173	
TUBGCP6	tubulin gamma complex associated protein 6 [Source:HGNC Symbol;Acc:HGNC:18127]	-0.015536482	
KCNH5	potassium voltage-gated channel subfamily H member 5 [Source:HGNC Symbol;Acc:HGNC:6254]	-0.015868125	
UPF2	UPF2 regulator of nonsense mediated mRNA decay [Source:HGNC Symbol;Acc:HGNC:17854]	-0.017464763	
ISCA2	iron-sulfur cluster assembly 2 [Source:HGNC Symbol;Acc:HGNC:19857]	-0.0174888	
ARCN1	archain 1 [Source:HGNC Symbol;Acc:HGNC:649]	-0.018979998	
PPIL4	peptidylprolyl isomerase like 4 [Source:HGNC Symbol;Acc:HGNC:15702]	-0.0194631	
SNX12	sorting nexin 12 [Source:HGNC Symbol;Acc:HGNC:14976]	-0.019559553	
CABP1	calcium binding protein 1 [Source:HGNC Symbol;Acc:HGNC:1384]	-0.020595593	
ATE1	arginyltransferase 1 [Source:HGNC Symbol;Acc:HGNC:782]	-0.021370277	
NDUFV1	NADH:ubiquinone oxidoreductase core subunit V1 [Source:HGNC Symbol;Acc:HGNC:7716]	-0.028148113	
GNA14	G protein subunit alpha 14 [Source:HGNC Symbol;Acc:HGNC:4382]	-0.028245665	
SPG7	SPG7 matrix AAA peptidase subunit, paraplegin [Source:HGNC Symbol;Acc:HGNC:11237]	-0.031634696	
PSMA4	proteasome 20S subunit alpha 4 [Source:HGNC Symbol;Acc:HGNC:9533]	-0.032420624	
PSMA3	proteasome 20S subunit alpha 3 [Source:HGNC Symbol;Acc:HGNC:9532]	-0.03248786	
MRPS24	mitochondrial ribosomal protein S24 [Source:HGNC Symbol;Acc:HGNC:14510]	-0.032711037	
SIN3B	SIN3 transcription regulator family member B [Source:HGNC Symbol;Acc:HGNC:19354]	-0.03369446	
DCAF17	DDB1 and CUL4 associated factor 17 [Source:HGNC Symbol;Acc:HGNC:25784]	-0.03410122	
IFT43	intraflagellar transport 43 [Source:HGNC Symbol;Acc:HGNC:29669]	-0.0344808	
TACC3	transforming acidic coiled-coil containing protein 3 [Source:HGNC Symbol;Acc:HGNC:11524]	-0.03849363	
DHX15	DEAH-box helicase 15 [Source:HGNC Symbol;Acc:HGNC:2738]	-0.0406518	
HMCN1	hemicentin 1 [Source:HGNC Symbol;Acc:HGNC:19194]	-0.04177232	
CCND2	cyclin D2 [Source:HGNC Symbol;Acc:HGNC:1583]	-0.0452228	
HTATIP2	HIV-1 Tat interactive protein 2 [Source:HGNC Symbol;Acc:HGNC:16637]	-0.045512784	
PICK1	protein interacting with PRKCA 1 [Source:HGNC Symbol;Acc:HGNC:9394]	-0.046946563	
PLA2G2A	phospholipase A2 group IIA [Source:HGNC Symbol;Acc:HGNC:9031]	-0.047342476	
CAMTA1	calmodulin binding transcription activator 1 [Source:HGNC Symbol;Acc:HGNC:18806]	-0.04954714	
HAUS1	HAUS augmin like complex subunit 1 [Source:HGNC Symbol;Acc:HGNC:25174]	-0.04966173	
WNT7B	Wnt family member 7B [Source:HGNC Symbol;Acc:HGNC:12787]	-0.050685745	
ANKRD6	ankyrin repeat domain 6 [Source:HGNC Symbol;Acc:HGNC:17280]	-0.052505624	
UNC5D	unc-5 netrin receptor D [Source:HGNC Symbol;Acc:HGNC:18634]	-0.05270085	
FGFR3	fibroblast growth factor receptor 3 [Source:HGNC Symbol;Acc:HGNC:3690]	-0.053299207	
UBL3	ubiquitin like 3 [Source:HGNC Symbol;Acc:HGNC:12504]	-0.053455245	
MRPS18B	mitochondrial ribosomal protein S18B [Source:HGNC Symbol;Acc:HGNC:14516]	-0.053490557	
TSEN54	tRNA splicing endonuclease subunit 54 [Source:HGNC Symbol;Acc:HGNC:27561]	-0.05462404	
SIRT6	sirtuin 6 [Source:HGNC Symbol;Acc:HGNC:14934]	-0.05521402	
USP14	ubiquitin specific peptidase 14 [Source:HGNC Symbol;Acc:HGNC:12612]	-0.05574616	
RGS7	regulator of G protein signaling 7 [Source:HGNC Symbol;Acc:HGNC:10003]	-0.055839457	
RPL32	ribosomal protein L32 [Source:HGNC Symbol;Acc:HGNC:10336]	-0.0561849	
RPL18	ribosomal protein L18 [Source:HGNC Symbol;Acc:HGNC:10310]	-0.056230135	
GRK3	G protein-coupled receptor kinase 3 [Source:HGNC Symbol;Acc:HGNC:290]	-0.056785043	
SRPK2	SRSF protein kinase 2 [Source:HGNC Symbol;Acc:HGNC:11306]	-0.0572587	
MOCS2	molybdenum cofactor synthesis 2 [Source:HGNC Symbol;Acc:HGNC:7193]	-0.057884958	
DDX17	DEAD-box helicase 17 [Source:HGNC Symbol;Acc:HGNC:2740]	-0.059145164	
TUBG1	tubulin gamma 1 [Source:HGNC Symbol;Acc:HGNC:12417]	-0.061112534	
TCP1	t-complex 1 [Source:HGNC Symbol;Acc:HGNC:11655]	-0.062159274	
ROPN1L	rhophilin associated tail protein 1 like [Source:HGNC Symbol;Acc:HGNC:24060]	-0.063756324	
PPIL3	peptidylprolyl isomerase like 3 [Source:HGNC Symbol;Acc:HGNC:9262]	-0.06385612	
CCT2	chaperonin containing TCP1 subunit 2 [Source:HGNC Symbol;Acc:HGNC:1615]	-0.06466618	
TTC36	tetratricopeptide repeat domain 36 [Source:HGNC Symbol;Acc:HGNC:33708]	-0.06559551	
CDK7	cyclin dependent kinase 7 [Source:HGNC Symbol;Acc:HGNC:1778]	-0.07467041	
FUBP1	far upstream element binding protein 1 [Source:HGNC Symbol;Acc:HGNC:4004]	-0.076511726	
WDR82	WD repeat domain 82 [Source:HGNC Symbol;Acc:HGNC:28826]	-0.07721401	
PRELID2	PRELI domain containing 2 [Source:HGNC Symbol;Acc:HGNC:28306]	-0.07903542	
METTL9	methyltransferase like 9 [Source:HGNC Symbol;Acc:HGNC:24586]	-0.08100657	
KDM3A	lysine demethylase 3A [Source:HGNC Symbol;Acc:HGNC:20815]	-0.0822571	
RPL22	ribosomal protein L22 [Source:HGNC Symbol;Acc:HGNC:10315]	-0.08235687	
PSMA7	proteasome 20S subunit alpha 7 [Source:HGNC Symbol;Acc:HGNC:9536]	-0.08454132	
MRC2	mannose receptor C type 2 [Source:HGNC Symbol;Acc:HGNC:16875]	-0.08476364	
WNT9B	Wnt family member 9B [Source:HGNC Symbol;Acc:HGNC:12779]	-0.08529951	
ME1	malic enzyme 1 [Source:HGNC Symbol;Acc:HGNC:6983]	-0.08713885	
COG8	component of oligomeric golgi complex 8 [Source:HGNC Symbol;Acc:HGNC:18623]	-0.087950625	
USP39	ubiquitin specific peptidase 39 [Source:HGNC Symbol;Acc:HGNC:20071]	-0.088240206	
KCNA3	potassium voltage-gated channel subfamily A member 3 [Source:HGNC Symbol;Acc:HGNC:6221]	-0.089460485	
ZSWIM5	zinc finger SWIM-type containing 5 [Source:HGNC Symbol;Acc:HGNC:29299]	-0.089549884	
MICALL2	MICAL like 2 [Source:HGNC Symbol;Acc:HGNC:29672]	-0.089738	
CYTH1	cytohesin 1 [Source:HGNC Symbol;Acc:HGNC:9501]	-0.089895435	
MCCC2	methylcrotonyl-CoA carboxylase subunit 2 [Source:HGNC Symbol;Acc:HGNC:6937]	-0.09023682	
SMAD3	SMAD family member 3 [Source:HGNC Symbol;Acc:HGNC:6769]	-0.09092186	
PFKFB1	6-phosphofructo-2-kinase/fructose-2,6-biphosphatase 1 [Source:HGNC Symbol;Acc:HGNC:8872]	-0.0933394	
CRB2	crumbs cell polarity complex component 2 [Source:HGNC Symbol;Acc:HGNC:18688]	-0.09653197	
SNAP25	synaptosome associated protein 25 [Source:HGNC Symbol;Acc:HGNC:11132]	-0.09925319	
NCAM2	neural cell adhesion molecule 2 [Source:HGNC Symbol;Acc:HGNC:7657]	-0.1001135	
ABHD5	abhydrolase domain containing 5, lysophosphatidic acid acyltransferase [Source:HGNC Symbol;Acc:HGNC:21396]	-0.10228747	
RAD54L	RAD54 like [Source:HGNC Symbol;Acc:HGNC:9826]	-0.10317167	
THOC3	THO complex subunit 3 [Source:HGNC Symbol;Acc:HGNC:19072]	-0.10323874	
CLCA4	chloride channel accessory 4 [Source:HGNC Symbol;Acc:HGNC:2018]	-0.10362313	
CWC25	CWC25 spliceosome associated protein homolog [Source:HGNC Symbol;Acc:HGNC:25989]	-0.10382293	
NFS1	NFS1 cysteine desulfurase [Source:HGNC Symbol;Acc:HGNC:15910]	-0.1049135	
RPL10A	ribosomal protein L10a [Source:HGNC Symbol;Acc:HGNC:10299]	-0.10585684	
RBM47	RNA binding motif protein 47 [Source:HGNC Symbol;Acc:HGNC:30358]	-0.1064161	
BRSK1	BR serine/threonine kinase 1 [Source:HGNC Symbol;Acc:HGNC:18994]	-0.10821488	
TP53RK	TP53 regulating kinase [Source:HGNC Symbol;Acc:HGNC:16197]	-0.11121705	
RHOBTB3	Rho related BTB domain containing 3 [Source:HGNC Symbol;Acc:HGNC:18757]	-0.11333112	
GLRX5	glutaredoxin 5 [Source:HGNC Symbol;Acc:HGNC:20134]	-0.11358267	
PPP2R5E	protein phosphatase 2 regulatory subunit B'epsilon [Source:HGNC Symbol;Acc:HGNC:9313]	-0.1135897	
TAF12	TATA-box binding protein associated factor 12 [Source:HGNC Symbol;Acc:HGNC:11545]	-0.115652636	
PPP6C	protein phosphatase 6 catalytic subunit [Source:HGNC Symbol;Acc:HGNC:9323]	-0.11645925	
GOT2	glutamic-oxaloacetic transaminase 2 [Source:HGNC Symbol;Acc:HGNC:4433]	-0.116764665	
EIF5	eukaryotic translation initiation factor 5 [Source:HGNC Symbol;Acc:HGNC:3299]	-0.11704019	
ORC1	origin recognition complex subunit 1 [Source:HGNC Symbol;Acc:HGNC:8487]	-0.11756288	
UBA2	ubiquitin like modifier activating enzyme 2 [Source:HGNC Symbol;Acc:HGNC:30661]	-0.11915926	
GLB1L2	galactosidase beta 1 like 2 [Source:HGNC Symbol;Acc:HGNC:25129]	-0.11984605	
MTMR2	myotubularin related protein 2 [Source:HGNC Symbol;Acc:HGNC:7450]	-0.12197849	
PGM2	phosphoglucomutase 2 [Source:HGNC Symbol;Acc:HGNC:8906]	-0.12288736	
YIPF6	Yip1 domain family member 6 [Source:HGNC Symbol;Acc:HGNC:28304]	-0.12322626	
AGO1	argonaute RISC component 1 [Source:HGNC Symbol;Acc:HGNC:3262]	-0.12337348	
POU3F4	POU class 3 homeobox 4 [Source:HGNC Symbol;Acc:HGNC:9217]	-0.12436126	
FRMD4A	FERM domain containing 4A [Source:HGNC Symbol;Acc:HGNC:25491]	-0.12455114	
NMD3	NMD3 ribosome export adaptor [Source:HGNC Symbol;Acc:HGNC:24250]	-0.124553934	
EIF5A	eukaryotic translation initiation factor 5A [Source:HGNC Symbol;Acc:HGNC:3300]	-0.1272495	
MLC1	modulator of VRAC current 1 [Source:HGNC Symbol;Acc:HGNC:17082]	-0.12748373	
CDC42	cell division cycle 42 [Source:HGNC Symbol;Acc:HGNC:1736]	-0.12753649	
MED18	mediator complex subunit 18 [Source:HGNC Symbol;Acc:HGNC:25944]	-0.12767366	
RCL1	RNA terminal phosphate cyclase like 1 [Source:HGNC Symbol;Acc:HGNC:17687]	-0.1311045	
NMT2	N-myristoyltransferase 2 [Source:HGNC Symbol;Acc:HGNC:7858]	-0.13135089	
IDH2	isocitrate dehydrogenase (NADP(+)) 2 [Source:HGNC Symbol;Acc:HGNC:5383]	-0.13142487	
MSH6	mutS homolog 6 [Source:HGNC Symbol;Acc:HGNC:7329]	-0.13528404	
SHMT1	serine hydroxymethyltransferase 1 [Source:HGNC Symbol;Acc:HGNC:10850]	-0.13531075	
GUF1	GTP binding elongation factor GUF1 [Source:HGNC Symbol;Acc:HGNC:25799]	-0.13817124	
MKNK2	MAPK interacting serine/threonine kinase 2 [Source:HGNC Symbol;Acc:HGNC:7111]	-0.13821891	
POC1A	POC1 centriolar protein A [Source:HGNC Symbol;Acc:HGNC:24488]	-0.13868037	
PRKAA2	protein kinase AMP-activated catalytic subunit alpha 2 [Source:HGNC Symbol;Acc:HGNC:9377]	-0.14066009	
VPS29	VPS29 retromer complex component [Source:HGNC Symbol;Acc:HGNC:14340]	-0.14088193	
POLE2	DNA polymerase epsilon 2, accessory subunit [Source:HGNC Symbol;Acc:HGNC:9178]	-0.14183398	
NIT2	nitrilase family member 2 [Source:HGNC Symbol;Acc:HGNC:29878]	-0.14271861	
GGT7	gamma-glutamyltransferase 7 [Source:HGNC Symbol;Acc:HGNC:4259]	-0.14284502	
SSC5D	scavenger receptor cysteine rich family member with 5 domains [Source:HGNC Symbol;Acc:HGNC:26641]	-0.14338474	
ADRM1	ADRM1 26S proteasome ubiquitin receptor [Source:HGNC Symbol;Acc:HGNC:15759]	-0.14422794	
NDUFA2	NADH:ubiquinone oxidoreductase subunit A2 [Source:HGNC Symbol;Acc:HGNC:7685]	-0.14647995	
KCNH6	potassium voltage-gated channel subfamily H member 6 [Source:HGNC Symbol;Acc:HGNC:18862]	-0.14746886	
WDR5	WD repeat domain 5 [Source:HGNC Symbol;Acc:HGNC:12757]	-0.14802028	
LAP3	leucine aminopeptidase 3 [Source:HGNC Symbol;Acc:HGNC:18449]	-0.14994237	
ATXN3	ataxin 3 [Source:HGNC Symbol;Acc:HGNC:7106]	-0.15254277	
COMMD5	COMM domain containing 5 [Source:HGNC Symbol;Acc:HGNC:17902]	-0.15274091	
RFC3	replication factor C subunit 3 [Source:HGNC Symbol;Acc:HGNC:9971]	-0.15324159	
CDK17	cyclin dependent kinase 17 [Source:HGNC Symbol;Acc:HGNC:8750]	-0.15688013	
MRPS11	mitochondrial ribosomal protein S11 [Source:HGNC Symbol;Acc:HGNC:14050]	-0.15712506	
UBA1	ubiquitin like modifier activating enzyme 1 [Source:HGNC Symbol;Acc:HGNC:12469]	-0.16009098	
MRPL3	mitochondrial ribosomal protein L3 [Source:HGNC Symbol;Acc:HGNC:10379]	-0.16041212	
COPB1	COPI coat complex subunit beta 1 [Source:HGNC Symbol;Acc:HGNC:2231]	-0.16265431	
POLE3	DNA polymerase epsilon 3, accessory subunit [Source:HGNC Symbol;Acc:HGNC:13546]	-0.16768277	
MYD88	MYD88 innate immune signal transduction adaptor [Source:HGNC Symbol;Acc:HGNC:7562]	-0.1688133	
MAP2K4	mitogen-activated protein kinase kinase 4 [Source:HGNC Symbol;Acc:HGNC:6844]	-0.17083073	
PAIP2	poly(A) binding protein interacting protein 2 [Source:HGNC Symbol;Acc:HGNC:17970]	-0.17264913	
TFAP2E	transcription factor AP-2 epsilon [Source:HGNC Symbol;Acc:HGNC:30774]	-0.1755279	
BANF1	BAF nuclear assembly factor 1 [Source:HGNC Symbol;Acc:HGNC:17397]	-0.17620073	
MRPL16	mitochondrial ribosomal protein L16 [Source:HGNC Symbol;Acc:HGNC:14476]	-0.1762506	
RNF19A	ring finger protein 19A, RBR E3 ubiquitin protein ligase [Source:HGNC Symbol;Acc:HGNC:13432]	-0.17755598	
PMS2	PMS1 homolog 2, mismatch repair system component [Source:HGNC Symbol;Acc:HGNC:9122]	-0.17940006	
SEL1L	SEL1L adaptor subunit of ERAD E3 ubiquitin ligase [Source:HGNC Symbol;Acc:HGNC:10717]	-0.18064094	
IMP3	IMP U3 small nucleolar ribonucleoprotein 3 [Source:HGNC Symbol;Acc:HGNC:14497]	-0.18309446	
EIF6	eukaryotic translation initiation factor 6 [Source:HGNC Symbol;Acc:HGNC:6159]	-0.18368892	
ARRB2	arrestin beta 2 [Source:HGNC Symbol;Acc:HGNC:712]	-0.18657279	
RAD51B	RAD51 paralog B [Source:HGNC Symbol;Acc:HGNC:9822]	-0.18851988	
LHX9	LIM homeobox 9 [Source:HGNC Symbol;Acc:HGNC:14222]	-0.18861482	
ATG10	autophagy related 10 [Source:HGNC Symbol;Acc:HGNC:20315]	-0.1946459	
RANBP1	RAN binding protein 1 [Source:HGNC Symbol;Acc:HGNC:9847]	-0.19503227	
GIGYF1	GRB10 interacting GYF protein 1 [Source:HGNC Symbol;Acc:HGNC:9126]	-0.19633642	
NXT1	nuclear transport factor 2 like export factor 1 [Source:HGNC Symbol;Acc:HGNC:15913]	-0.19720267	
SYT7	synaptotagmin 7 [Source:HGNC Symbol;Acc:HGNC:11514]	-0.19753343	
PANK1	pantothenate kinase 1 [Source:HGNC Symbol;Acc:HGNC:8598]	-0.19804142	
SRSF1	serine and arginine rich splicing factor 1 [Source:HGNC Symbol;Acc:HGNC:10780]	-0.19827773	
TMOD2	tropomodulin 2 [Source:HGNC Symbol;Acc:HGNC:11872]	-0.19855519	
KCNMA1	potassium calcium-activated channel subfamily M alpha 1 [Source:HGNC Symbol;Acc:HGNC:6284]	-0.20152746	
ECH1	enoyl-CoA hydratase 1 [Source:HGNC Symbol;Acc:HGNC:3149]	-0.20298208	
CDC37	cell division cycle 37, HSP90 cochaperone [Source:HGNC Symbol;Acc:HGNC:1735]	-0.20358714	
NANOS3	nanos C2HC-type zinc finger 3 [Source:HGNC Symbol;Acc:HGNC:22048]	-0.20424855	
SNX6	sorting nexin 6 [Source:HGNC Symbol;Acc:HGNC:14970]	-0.20435867	
MED4	mediator complex subunit 4 [Source:HGNC Symbol;Acc:HGNC:17903]	-0.20639756	
RAB39A	RAB39A, member RAS oncogene family [Source:HGNC Symbol;Acc:HGNC:16521]	-0.20936598	
ANP32A	acidic nuclear phosphoprotein 32 family member A [Source:HGNC Symbol;Acc:HGNC:13233]	-0.21145232	
RPN2	ribophorin II [Source:HGNC Symbol;Acc:HGNC:10382]	-0.21179129	
TPH1	tryptophan hydroxylase 1 [Source:HGNC Symbol;Acc:HGNC:12008]	-0.21359462	
PEX16	peroxisomal biogenesis factor 16 [Source:HGNC Symbol;Acc:HGNC:8857]	-0.21383885	
MTHFD1	methylenetetrahydrofolate dehydrogenase, cyclohydrolase and formyltetrahydrofolate synthetase 1 [Source:HGNC Symbol;Acc:HGNC:7432]	-0.21432036	
ORC5	origin recognition complex subunit 5 [Source:HGNC Symbol;Acc:HGNC:8491]	-0.21447916	
PPT2	palmitoyl-protein thioesterase 2 [Source:HGNC Symbol;Acc:HGNC:9326]	-0.21627839	
ANKFY1	ankyrin repeat and FYVE domain containing 1 [Source:HGNC Symbol;Acc:HGNC:20763]	-0.22040635	
SPDL1	spindle apparatus coiled-coil protein 1 [Source:HGNC Symbol;Acc:HGNC:26010]	-0.22154565	
FUT7	fucosyltransferase 7 [Source:HGNC Symbol;Acc:HGNC:4018]	-0.22394237	
RAB2A	RAB2A, member RAS oncogene family [Source:HGNC Symbol;Acc:HGNC:9763]	-0.22837438	
MAP1LC3A	microtubule associated protein 1 light chain 3 alpha [Source:HGNC Symbol;Acc:HGNC:6838]	-0.2288869	
GPD2	glycerol-3-phosphate dehydrogenase 2 [Source:HGNC Symbol;Acc:HGNC:4456]	-0.23002651	
DDB1	damage specific DNA binding protein 1 [Source:HGNC Symbol;Acc:HGNC:2717]	-0.23003457	
MOCS3	molybdenum cofactor synthesis 3 [Source:HGNC Symbol;Acc:HGNC:15765]	-0.23124745	
MRPL22	mitochondrial ribosomal protein L22 [Source:HGNC Symbol;Acc:HGNC:14480]	-0.23237649	
GSPT1	G1 to S phase transition 1 [Source:HGNC Symbol;Acc:HGNC:4621]	-0.2333093	
MRPL51	mitochondrial ribosomal protein L51 [Source:HGNC Symbol;Acc:HGNC:14044]	-0.23370427	
CEP97	centrosomal protein 97 [Source:HGNC Symbol;Acc:HGNC:26244]	-0.23436764	
RGS20	regulator of G protein signaling 20 [Source:HGNC Symbol;Acc:HGNC:14600]	-0.23454061	
MAPK1	mitogen-activated protein kinase 1 [Source:HGNC Symbol;Acc:HGNC:6871]	-0.23559813	
INO80	INO80 complex ATPase subunit [Source:HGNC Symbol;Acc:HGNC:26956]	-0.24021484	
DOCK1	dedicator of cytokinesis 1 [Source:HGNC Symbol;Acc:HGNC:2987]	-0.24181728	
NCOA2	nuclear receptor coactivator 2 [Source:HGNC Symbol;Acc:HGNC:7669]	-0.24297078	
NDUFB6	NADH:ubiquinone oxidoreductase subunit B6 [Source:HGNC Symbol;Acc:HGNC:7701]	-0.24399365	
ACAA2	acetyl-CoA acyltransferase 2 [Source:HGNC Symbol;Acc:HGNC:83]	-0.24478514	
RPS3A	ribosomal protein S3A [Source:HGNC Symbol;Acc:HGNC:10421]	-0.24565007	
FOXC1	forkhead box C1 [Source:HGNC Symbol;Acc:HGNC:3800]	-0.24603067	
ACVRL1	activin A receptor like type 1 [Source:HGNC Symbol;Acc:HGNC:175]	-0.25121218	
IST1	IST1 factor associated with ESCRT-III [Source:HGNC Symbol;Acc:HGNC:28977]	-0.25284207	
PPP2R5D	protein phosphatase 2 regulatory subunit B'delta [Source:HGNC Symbol;Acc:HGNC:9312]	-0.25303563	
IDH1	isocitrate dehydrogenase (NADP(+)) 1 [Source:HGNC Symbol;Acc:HGNC:5382]	-0.25451556	
RFC5	replication factor C subunit 5 [Source:HGNC Symbol;Acc:HGNC:9973]	-0.25576538	
TRAPPC5	trafficking protein particle complex subunit 5 [Source:HGNC Symbol;Acc:HGNC:23067]	-0.25691327	
PGAM5	PGAM family member 5, mitochondrial serine/threonine protein phosphatase [Source:HGNC Symbol;Acc:HGNC:28763]	-0.26022184	
TLK2	tousled like kinase 2 [Source:HGNC Symbol;Acc:HGNC:11842]	-0.26056936	
SIK2	salt inducible kinase 2 [Source:HGNC Symbol;Acc:HGNC:21680]	-0.26420903	
EIF2B1	eukaryotic translation initiation factor 2B subunit alpha [Source:HGNC Symbol;Acc:HGNC:3257]	-0.2646116	
HIP1	huntingtin interacting protein 1 [Source:HGNC Symbol;Acc:HGNC:4913]	-0.26593533	
MRPS17	mitochondrial ribosomal protein S17 [Source:HGNC Symbol;Acc:HGNC:14047]	-0.26634708	
HMCN2	hemicentin 2 [Source:HGNC Symbol;Acc:HGNC:21293]	-0.2669929	
ABCD3	ATP binding cassette subfamily D member 3 [Source:HGNC Symbol;Acc:HGNC:67]	-0.2681362	
ECHS1	enoyl-CoA hydratase, short chain 1 [Source:HGNC Symbol;Acc:HGNC:3151]	-0.2735964	
ATXN2	ataxin 2 [Source:HGNC Symbol;Acc:HGNC:10555]	-0.2737291	
DIMT1	DIM1 rRNA methyltransferase and ribosome maturation factor [Source:HGNC Symbol;Acc:HGNC:30217]	-0.27584058	
ALDH8A1	aldehyde dehydrogenase 8 family member A1 [Source:HGNC Symbol;Acc:HGNC:15471]	-0.27984738	
DDX18	DEAD-box helicase 18 [Source:HGNC Symbol;Acc:HGNC:2741]	-0.28047973	
MDH2	malate dehydrogenase 2 [Source:HGNC Symbol;Acc:HGNC:6971]	-0.28153053	
ABCB7	ATP binding cassette subfamily B member 7 [Source:HGNC Symbol;Acc:HGNC:48]	-0.28290734	
UNC13B	unc-13 homolog B [Source:HGNC Symbol;Acc:HGNC:12566]	-0.28990766	
RPS26	ribosomal protein S26 [Source:HGNC Symbol;Acc:HGNC:10414]	-0.2910939	
ITPR1	inositol 1,4,5-trisphosphate receptor type 1 [Source:HGNC Symbol;Acc:HGNC:6180]	-0.29415596	
RGS9BP	regulator of G protein signaling 9 binding protein [Source:HGNC Symbol;Acc:HGNC:30304]	-0.2964742	
IFT20	intraflagellar transport 20 [Source:HGNC Symbol;Acc:HGNC:30989]	-0.3043726	
UBA3	ubiquitin like modifier activating enzyme 3 [Source:HGNC Symbol;Acc:HGNC:12470]	-0.30569822	
CERS3	ceramide synthase 3 [Source:HGNC Symbol;Acc:HGNC:23752]	-0.30764368	
ATP2B3	ATPase plasma membrane Ca2+ transporting 3 [Source:HGNC Symbol;Acc:HGNC:816]	-0.3113055	
RTF1	RTF1 homolog, Paf1/RNA polymerase II complex component [Source:HGNC Symbol;Acc:HGNC:28996]	-0.31236446	
FRMD7	FERM domain containing 7 [Source:HGNC Symbol;Acc:HGNC:8079]	-0.31269172	
SCFD1	sec1 family domain containing 1 [Source:HGNC Symbol;Acc:HGNC:20726]	-0.31336796	
ABCD4	ATP binding cassette subfamily D member 4 [Source:HGNC Symbol;Acc:HGNC:68]	-0.31579852	
PDE6D	phosphodiesterase 6D [Source:HGNC Symbol;Acc:HGNC:8788]	-0.3189815	
TEX11	testis expressed 11 [Source:HGNC Symbol;Acc:HGNC:11733]	-0.32055634	
ENPP1	ectonucleotide pyrophosphatase/phosphodiesterase 1 [Source:HGNC Symbol;Acc:HGNC:3356]	-0.3210184	
ANKRD17	ankyrin repeat domain 17 [Source:HGNC Symbol;Acc:HGNC:23575]	-0.32137883	
AP3M1	adaptor related protein complex 3 subunit mu 1 [Source:HGNC Symbol;Acc:HGNC:569]	-0.32164037	
LONRF2	LON peptidase N-terminal domain and ring finger 2 [Source:HGNC Symbol;Acc:HGNC:24788]	-0.3233349	
PTP4A3	protein tyrosine phosphatase 4A3 [Source:HGNC Symbol;Acc:HGNC:9636]	-0.32538888	
HAUS3	HAUS augmin like complex subunit 3 [Source:HGNC Symbol;Acc:HGNC:28719]	-0.32673287	
RRP9	ribosomal RNA processing 9, U3 small nucleolar RNA binding protein [Source:HGNC Symbol;Acc:HGNC:16829]	-0.33981645	
MORF4L1	mortality factor 4 like 1 [Source:HGNC Symbol;Acc:HGNC:16989]	-0.3407884	
PARD6G	par-6 family cell polarity regulator gamma [Source:HGNC Symbol;Acc:HGNC:16076]	-0.3409769	
PLEKHJ1	pleckstrin homology domain containing J1 [Source:HGNC Symbol;Acc:HGNC:18211]	-0.3419103	
CPSF7	cleavage and polyadenylation specific factor 7 [Source:HGNC Symbol;Acc:HGNC:30098]	-0.34348345	
EFHD2	EF-hand domain family member D2 [Source:HGNC Symbol;Acc:HGNC:28670]	-0.34494725	
PDE8A	phosphodiesterase 8A [Source:HGNC Symbol;Acc:HGNC:8793]	-0.34563446	
ELP3	elongator acetyltransferase complex subunit 3 [Source:HGNC Symbol;Acc:HGNC:20696]	-0.3460615	
HOXA1	homeobox A1 [Source:HGNC Symbol;Acc:HGNC:5099]	-0.3471612	
SF3B4	splicing factor 3b subunit 4 [Source:HGNC Symbol;Acc:HGNC:10771]	-0.3494785	
SUCLG1	succinate-CoA ligase GDP/ADP-forming subunit alpha [Source:HGNC Symbol;Acc:HGNC:11449]	-0.35001493	
MRPS12	mitochondrial ribosomal protein S12 [Source:HGNC Symbol;Acc:HGNC:10380]	-0.3502132	
ADD1	adducin 1 [Source:HGNC Symbol;Acc:HGNC:243]	-0.35278434	
MAP2K3	mitogen-activated protein kinase kinase 3 [Source:HGNC Symbol;Acc:HGNC:6843]	-0.35646242	
SLC4A9	solute carrier family 4 member 9 [Source:HGNC Symbol;Acc:HGNC:11035]	-0.35684887	
REXO2	RNA exonuclease 2 [Source:HGNC Symbol;Acc:HGNC:17851]	-0.35759738	
GRAMD1A	GRAM domain containing 1A [Source:HGNC Symbol;Acc:HGNC:29305]	-0.3645827	
DMAP1	DNA methyltransferase 1 associated protein 1 [Source:HGNC Symbol;Acc:HGNC:18291]	-0.36516383	
LDB2	LIM domain binding 2 [Source:HGNC Symbol;Acc:HGNC:6533]	-0.37080002	
LRP6	LDL receptor related protein 6 [Source:HGNC Symbol;Acc:HGNC:6698]	-0.37181032	
CELF3	CUGBP Elav-like family member 3 [Source:HGNC Symbol;Acc:HGNC:11967]	-0.37376282	
MRPL4	mitochondrial ribosomal protein L4 [Source:HGNC Symbol;Acc:HGNC:14276]	-0.37566194	
SAP30	Sin3A associated protein 30 [Source:HGNC Symbol;Acc:HGNC:10532]	-0.3790471	
SLC6A3	solute carrier family 6 member 3 [Source:HGNC Symbol;Acc:HGNC:11049]	-0.38403577	
UBE2J1	ubiquitin conjugating enzyme E2 J1 [Source:HGNC Symbol;Acc:HGNC:17598]	-0.38519928	
MINPP1	multiple inositol-polyphosphate phosphatase 1 [Source:HGNC Symbol;Acc:HGNC:7102]	-0.3877095	
MDH1	malate dehydrogenase 1 [Source:HGNC Symbol;Acc:HGNC:6970]	-0.38815925	
SSBP3	single stranded DNA binding protein 3 [Source:HGNC Symbol;Acc:HGNC:15674]	-0.38891813	
MED19	mediator complex subunit 19 [Source:HGNC Symbol;Acc:HGNC:29600]	-0.39023226	
RAB35	RAB35, member RAS oncogene family [Source:HGNC Symbol;Acc:HGNC:9774]	-0.3911118	
RPL23	ribosomal protein L23 [Source:HGNC Symbol;Acc:HGNC:10316]	-0.39261746	
ORC2	origin recognition complex subunit 2 [Source:HGNC Symbol;Acc:HGNC:8488]	-0.3985161	
RAP1B	RAP1B, member of RAS oncogene family [Source:HGNC Symbol;Acc:HGNC:9857]	-0.39900577	
NFE2L1	NFE2 like bZIP transcription factor 1 [Source:HGNC Symbol;Acc:HGNC:7781]	-0.39902908	
LCLAT1	lysocardiolipin acyltransferase 1 [Source:HGNC Symbol;Acc:HGNC:26756]	-0.40241244	
BRWD3	bromodomain and WD repeat domain containing 3 [Source:HGNC Symbol;Acc:HGNC:17342]	-0.40795586	
NIP7	nucleolar pre-rRNA processing protein NIP7 [Source:HGNC Symbol;Acc:HGNC:24328]	-0.40893626	
ZRANB2	zinc finger RANBP2-type containing 2 [Source:HGNC Symbol;Acc:HGNC:13058]	-0.41352892	
ANKRD50	ankyrin repeat domain containing 50 [Source:HGNC Symbol;Acc:HGNC:29223]	-0.41504297	
RPL37	ribosomal protein L37 [Source:HGNC Symbol;Acc:HGNC:10347]	-0.41605592	
COG3	component of oligomeric golgi complex 3 [Source:HGNC Symbol;Acc:HGNC:18619]	-0.4177508	
RPL19	ribosomal protein L19 [Source:HGNC Symbol;Acc:HGNC:10312]	-0.42309305	
WDR45B	WD repeat domain 45B [Source:HGNC Symbol;Acc:HGNC:25072]	-0.4231182	
SREK1	splicing regulatory glutamic acid and lysine rich protein 1 [Source:HGNC Symbol;Acc:HGNC:17882]	-0.42537984	
DDX3X	DEAD-box helicase 3 X-linked [Source:HGNC Symbol;Acc:HGNC:2745]	-0.4279373	
GTPBP1	GTP binding protein 1 [Source:HGNC Symbol;Acc:HGNC:4669]	-0.42883056	
AFG3L2	AFG3 like matrix AAA peptidase subunit 2 [Source:HGNC Symbol;Acc:HGNC:315]	-0.42992905	
EIF1AY	eukaryotic translation initiation factor 1A Y-linked [Source:HGNC Symbol;Acc:HGNC:3252]	-0.43106067	
TAF11	TATA-box binding protein associated factor 11 [Source:HGNC Symbol;Acc:HGNC:11544]	-0.4317927	
MRPS22	mitochondrial ribosomal protein S22 [Source:HGNC Symbol;Acc:HGNC:14508]	-0.43717533	
PNPT1	polyribonucleotide nucleotidyltransferase 1 [Source:HGNC Symbol;Acc:HGNC:23166]	-0.43884438	
CRIP1	cysteine rich protein 1 [Source:HGNC Symbol;Acc:HGNC:2360]	-0.44196326	
PSMD3	proteasome 26S subunit, non-ATPase 3 [Source:HGNC Symbol;Acc:HGNC:9560]	-0.44218403	
MRPL48	mitochondrial ribosomal protein L48 [Source:HGNC Symbol;Acc:HGNC:16653]	-0.44280112	
RPS6KB1	ribosomal protein S6 kinase B1 [Source:HGNC Symbol;Acc:HGNC:10436]	-0.44400048	
MRPS2	mitochondrial ribosomal protein S2 [Source:HGNC Symbol;Acc:HGNC:14495]	-0.44461495	
SYT4	synaptotagmin 4 [Source:HGNC Symbol;Acc:HGNC:11512]	-0.45082945	
NOX5	NADPH oxidase 5 [Source:HGNC Symbol;Acc:HGNC:14874]	-0.45355067	
PLSCR3	phospholipid scramblase 3 [Source:HGNC Symbol;Acc:HGNC:16495]	-0.45357347	
AP1S2	adaptor related protein complex 1 subunit sigma 2 [Source:HGNC Symbol;Acc:HGNC:560]	-0.45840177	
USP19	ubiquitin specific peptidase 19 [Source:HGNC Symbol;Acc:HGNC:12617]	-0.46120712	
HM13	histocompatibility minor 13 [Source:HGNC Symbol;Acc:HGNC:16435]	-0.46124268	
RAB37	RAB37, member RAS oncogene family [Source:HGNC Symbol;Acc:HGNC:30268]	-0.46126884	
RBM8A	RNA binding motif protein 8A [Source:HGNC Symbol;Acc:HGNC:9905]	-0.46522263	
FANCD2	FA complementation group D2 [Source:HGNC Symbol;Acc:HGNC:3585]	-0.4655322	
RPL28	ribosomal protein L28 [Source:HGNC Symbol;Acc:HGNC:10330]	-0.47138563	
NEIL1	nei like DNA glycosylase 1 [Source:HGNC Symbol;Acc:HGNC:18448]	-0.4777371	
PAX3	paired box 3 [Source:HGNC Symbol;Acc:HGNC:8617]	-0.47909847	
RPP25	ribonuclease P and MRP subunit p25 [Source:HGNC Symbol;Acc:HGNC:30361]	-0.48028558	
PNO1	partner of NOB1 homolog [Source:HGNC Symbol;Acc:HGNC:32790]	-0.48090297	
ABCF2	ATP binding cassette subfamily F member 2 [Source:HGNC Symbol;Acc:HGNC:71]	-0.48587415	
RPS13	ribosomal protein S13 [Source:HGNC Symbol;Acc:HGNC:10386]	-0.48831546	
DNAJC4	DnaJ heat shock protein family (Hsp40) member C4 [Source:HGNC Symbol;Acc:HGNC:5271]	-0.48899114	
ALDH1A1	aldehyde dehydrogenase 1 family member A1 [Source:HGNC Symbol;Acc:HGNC:402]	-0.49525455	
TMCO1	transmembrane and coiled-coil domains 1 [Source:HGNC Symbol;Acc:HGNC:18188]	-0.4957783	
PCID2	PCI domain containing 2 [Source:HGNC Symbol;Acc:HGNC:25653]	-0.4990115	
GLOD4	glyoxalase domain containing 4 [Source:HGNC Symbol;Acc:HGNC:14111]	-0.49993205	
RNF4	ring finger protein 4 [Source:HGNC Symbol;Acc:HGNC:10067]	-0.50191927	
SRP14	signal recognition particle 14 [Source:HGNC Symbol;Acc:HGNC:11299]	-0.5040285	
GPN1	GPN-loop GTPase 1 [Source:HGNC Symbol;Acc:HGNC:17030]	-0.50722337	
PPIL1	peptidylprolyl isomerase like 1 [Source:HGNC Symbol;Acc:HGNC:9260]	-0.50727665	
RAB10	RAB10, member RAS oncogene family [Source:HGNC Symbol;Acc:HGNC:9759]	-0.5112765	
RPL10	ribosomal protein L10 [Source:HGNC Symbol;Acc:HGNC:10298]	-0.5140052	
NUP58	nucleoporin 58 [Source:HGNC Symbol;Acc:HGNC:20261]	-0.51535916	
TARBP1	TAR (HIV-1) RNA binding protein 1 [Source:HGNC Symbol;Acc:HGNC:11568]	-0.5177914	
DNAJC8	DnaJ heat shock protein family (Hsp40) member C8 [Source:HGNC Symbol;Acc:HGNC:15470]	-0.5188165	
PAQR5	progestin and adipoQ receptor family member 5 [Source:HGNC Symbol;Acc:HGNC:29645]	-0.52056825	
ING3	inhibitor of growth family member 3 [Source:HGNC Symbol;Acc:HGNC:14587]	-0.5271004	
CHURC1	churchill domain containing 1 [Source:HGNC Symbol;Acc:HGNC:20099]	-0.527157	
MFAP1	microfibril associated protein 1 [Source:HGNC Symbol;Acc:HGNC:7032]	-0.5272271	
NIPSNAP3A	nipsnap homolog 3A [Source:HGNC Symbol;Acc:HGNC:23619]	-0.5361781	
MUS81	MUS81 structure-specific endonuclease subunit [Source:HGNC Symbol;Acc:HGNC:29814]	-0.5371503	
DPH1	diphthamide biosynthesis 1 [Source:HGNC Symbol;Acc:HGNC:3003]	-0.53927463	
TRAP1	TNF receptor associated protein 1 [Source:HGNC Symbol;Acc:HGNC:16264]	-0.54047805	
GPR83	G protein-coupled receptor 83 [Source:HGNC Symbol;Acc:HGNC:4523]	-0.5461477	
EMG1	EMG1 N1-specific pseudouridine methyltransferase [Source:HGNC Symbol;Acc:HGNC:16912]	-0.55473554	
TAF7	TATA-box binding protein associated factor 7 [Source:HGNC Symbol;Acc:HGNC:11541]	-0.55612785	
EFTUD2	elongation factor Tu GTP binding domain containing 2 [Source:HGNC Symbol;Acc:HGNC:30858]	-0.55964553	
ARF6	ADP ribosylation factor 6 [Source:HGNC Symbol;Acc:HGNC:659]	-0.56098884	
AKR1A1	aldo-keto reductase family 1 member A1 [Source:HGNC Symbol;Acc:HGNC:380]	-0.56789184	
SIX6	SIX homeobox 6 [Source:HGNC Symbol;Acc:HGNC:10892]	-0.5701651	
RAB44	RAB44, member RAS oncogene family [Source:HGNC Symbol;Acc:HGNC:21068]	-0.57133853	
MAP2K1	mitogen-activated protein kinase kinase 1 [Source:HGNC Symbol;Acc:HGNC:6840]	-0.5734687	
HDAC4	histone deacetylase 4 [Source:HGNC Symbol;Acc:HGNC:14063]	-0.5833184	
RSRC2	arginine and serine rich coiled-coil 2 [Source:HGNC Symbol;Acc:HGNC:30559]	-0.5842384	
SRP68	signal recognition particle 68 [Source:HGNC Symbol;Acc:HGNC:11302]	-0.58626854	
CTNNBL1	catenin beta like 1 [Source:HGNC Symbol;Acc:HGNC:15879]	-0.5873121	
INTS3	integrator complex subunit 3 [Source:HGNC Symbol;Acc:HGNC:26153]	-0.5880622	
SF3A2	splicing factor 3a subunit 2 [Source:HGNC Symbol;Acc:HGNC:10766]	-0.5908921	
MRPL21	mitochondrial ribosomal protein L21 [Source:HGNC Symbol;Acc:HGNC:14479]	-0.5917899	
DHX8	DEAH-box helicase 8 [Source:HGNC Symbol;Acc:HGNC:2749]	-0.59699506	
CDK8	cyclin dependent kinase 8 [Source:HGNC Symbol;Acc:HGNC:1779]	-0.5974115	
PALS2	protein associated with LIN7 2, MAGUK p55 family member [Source:HGNC Symbol;Acc:HGNC:18167]	-0.6056334	
BRIP1	BRCA1 interacting helicase 1 [Source:HGNC Symbol;Acc:HGNC:20473]	-0.60876983	
RPS8	ribosomal protein S8 [Source:HGNC Symbol;Acc:HGNC:10441]	-0.61150414	
TXNL4A	thioredoxin like 4A [Source:HGNC Symbol;Acc:HGNC:30551]	-0.6131393	
GPHB5	glycoprotein hormone subunit beta 5 [Source:HGNC Symbol;Acc:HGNC:18055]	-0.62325114	
PDE12	phosphodiesterase 12 [Source:HGNC Symbol;Acc:HGNC:25386]	-0.62693113	
CHD1	chromodomain helicase DNA binding protein 1 [Source:HGNC Symbol;Acc:HGNC:1915]	-0.62869585	
UBE2G1	ubiquitin conjugating enzyme E2 G1 [Source:HGNC Symbol;Acc:HGNC:12482]	-0.6316449	
DUSP8	dual specificity phosphatase 8 [Source:HGNC Symbol;Acc:HGNC:3074]	-0.6319698	
AHCYL2	adenosylhomocysteinase like 2 [Source:HGNC Symbol;Acc:HGNC:22204]	-0.63855976	
PTPRN2	protein tyrosine phosphatase receptor type N2 [Source:HGNC Symbol;Acc:HGNC:9677]	-0.6396222	
AKT1	AKT serine/threonine kinase 1 [Source:HGNC Symbol;Acc:HGNC:391]	-0.64440984	
NOL10	nucleolar protein 10 [Source:HGNC Symbol;Acc:HGNC:25862]	-0.65184176	
IKZF5	IKAROS family zinc finger 5 [Source:HGNC Symbol;Acc:HGNC:14283]	-0.6518558	
METAP2	methionyl aminopeptidase 2 [Source:HGNC Symbol;Acc:HGNC:16672]	-0.65193367	
TLN2	talin 2 [Source:HGNC Symbol;Acc:HGNC:15447]	-0.6520964	
VAMP3	vesicle associated membrane protein 3 [Source:HGNC Symbol;Acc:HGNC:12644]	-0.6625039	
ACO2	aconitase 2 [Source:HGNC Symbol;Acc:HGNC:118]	-0.664064	
G6PD	glucose-6-phosphate dehydrogenase [Source:HGNC Symbol;Acc:HGNC:4057]	-0.66492015	
TAF2	TATA-box binding protein associated factor 2 [Source:HGNC Symbol;Acc:HGNC:11536]	-0.67266846	
DMRT2	doublesex and mab-3 related transcription factor 2 [Source:HGNC Symbol;Acc:HGNC:2935]	-0.679767	
WDR3	WD repeat domain 3 [Source:HGNC Symbol;Acc:HGNC:12755]	-0.68478703	
PRG4	proteoglycan 4 [Source:HGNC Symbol;Acc:HGNC:9364]	-0.68557346	
PRPF31	pre-mRNA processing factor 31 [Source:HGNC Symbol;Acc:HGNC:15446]	-0.68883276	
SMU1	SMU1 DNA replication regulator and spliceosomal factor [Source:HGNC Symbol;Acc:HGNC:18247]	-0.6894692	
JPH3	junctophilin 3 [Source:HGNC Symbol;Acc:HGNC:14203]	-0.69154906	
CCT6A	chaperonin containing TCP1 subunit 6A [Source:HGNC Symbol;Acc:HGNC:1620]	-0.7023472	
MRPL1	mitochondrial ribosomal protein L1 [Source:HGNC Symbol;Acc:HGNC:14275]	-0.7082627	
RPS10	ribosomal protein S10 [Source:HGNC Symbol;Acc:HGNC:10383]	-0.7091814	
UNC5B	unc-5 netrin receptor B [Source:HGNC Symbol;Acc:HGNC:12568]	-0.71440756	
SOX14	SRY-box transcription factor 14 [Source:HGNC Symbol;Acc:HGNC:11193]	-0.7264968	
SELENBP1	selenium binding protein 1 [Source:HGNC Symbol;Acc:HGNC:10719]	-0.7285567	
FOXL1	forkhead box L1 [Source:HGNC Symbol;Acc:HGNC:3817]	-0.7337339	
NDUFS8	NADH:ubiquinone oxidoreductase core subunit S8 [Source:HGNC Symbol;Acc:HGNC:7715]	-0.73404104	
RPL23A	ribosomal protein L23a [Source:HGNC Symbol;Acc:HGNC:10317]	-0.7347486	
MRPS7	mitochondrial ribosomal protein S7 [Source:HGNC Symbol;Acc:HGNC:14499]	-0.73660904	
MED26	mediator complex subunit 26 [Source:HGNC Symbol;Acc:HGNC:2376]	-0.74851817	
DNAL1	dynein axonemal light chain 1 [Source:HGNC Symbol;Acc:HGNC:23247]	-0.7523549	
CDK12	cyclin dependent kinase 12 [Source:HGNC Symbol;Acc:HGNC:24224]	-0.7532292	
ATP1B1	ATPase Na+/K+ transporting subunit beta 1 [Source:HGNC Symbol;Acc:HGNC:804]	-0.755221	
UFC1	ubiquitin-fold modifier conjugating enzyme 1 [Source:HGNC Symbol;Acc:HGNC:26941]	-0.75761735	
RAB11A	RAB11A, member RAS oncogene family [Source:HGNC Symbol;Acc:HGNC:9760]	-0.7577244	
RPL24	ribosomal protein L24 [Source:HGNC Symbol;Acc:HGNC:10325]	-0.7742122	
CHCHD4	coiled-coil-helix-coiled-coil-helix domain containing 4 [Source:HGNC Symbol;Acc:HGNC:26467]	-0.7825367	
NSMCE1	NSE1 homolog, SMC5-SMC6 complex component [Source:HGNC Symbol;Acc:HGNC:29897]	-0.78285295	
CSNK1A1	casein kinase 1 alpha 1 [Source:HGNC Symbol;Acc:HGNC:2451]	-0.80164003	
CNOT6L	CCR4-NOT transcription complex subunit 6 like [Source:HGNC Symbol;Acc:HGNC:18042]	-0.81316495	
SMARCE1	SWI/SNF related, matrix associated, actin dependent regulator of chromatin, subfamily e, member 1 [Source:HGNC Symbol;Acc:HGNC:11109]	-0.8140586	
WDR17	WD repeat domain 17 [Source:HGNC Symbol;Acc:HGNC:16661]	-0.82144034	
MRPL24	mitochondrial ribosomal protein L24 [Source:HGNC Symbol;Acc:HGNC:14037]	-0.8238234	
MOCS1	molybdenum cofactor synthesis 1 [Source:HGNC Symbol;Acc:HGNC:7190]	-0.8291221	
RPL34	ribosomal protein L34 [Source:HGNC Symbol;Acc:HGNC:10340]	-0.8357558	
POLR2C	RNA polymerase II subunit C [Source:HGNC Symbol;Acc:HGNC:9189]	-0.8394841	
ZPR1	ZPR1 zinc finger [Source:HGNC Symbol;Acc:HGNC:13051]	-0.8455786	
WNT16	Wnt family member 16 [Source:HGNC Symbol;Acc:HGNC:16267]	-0.8510204	
UBE2T	ubiquitin conjugating enzyme E2 T [Source:HGNC Symbol;Acc:HGNC:25009]	-0.85529876	
INTS11	integrator complex subunit 11 [Source:HGNC Symbol;Acc:HGNC:26052]	-0.85666734	
TAF13	TATA-box binding protein associated factor 13 [Source:HGNC Symbol;Acc:HGNC:11546]	-0.8633524	
URM1	ubiquitin related modifier 1 [Source:HGNC Symbol;Acc:HGNC:28378]	-0.8650434	
TEAD1	TEA domain transcription factor 1 [Source:HGNC Symbol;Acc:HGNC:11714]	-0.8664451	
FOXB2	forkhead box B2 [Source:HGNC Symbol;Acc:HGNC:23315]	-0.87004095	
TIMM17B	translocase of inner mitochondrial membrane 17B [Source:HGNC Symbol;Acc:HGNC:17310]	-0.87162346	
AGO3	argonaute RISC catalytic component 3 [Source:HGNC Symbol;Acc:HGNC:18421]	-0.88696027	
FAM98B	family with sequence similarity 98 member B [Source:HGNC Symbol;Acc:HGNC:26773]	-0.8895183	
TIAL1	TIA1 cytotoxic granule associated RNA binding protein like 1 [Source:HGNC Symbol;Acc:HGNC:11804]	-0.8924586	
RPL35	ribosomal protein L35 [Source:HGNC Symbol;Acc:HGNC:10344]	-0.89558274	
PEX13	peroxisomal biogenesis factor 13 [Source:HGNC Symbol;Acc:HGNC:8855]	-0.89578164	
XRN2	5'-3' exoribonuclease 2 [Source:HGNC Symbol;Acc:HGNC:12836]	-0.8960537	
HCN2	hyperpolarization activated cyclic nucleotide gated potassium and sodium channel 2 [Source:HGNC Symbol;Acc:HGNC:4846]	-0.8967779	
CLCC1	chloride channel CLIC like 1 [Source:HGNC Symbol;Acc:HGNC:29675]	-0.90108335	
MAK16	MAK16 homolog [Source:HGNC Symbol;Acc:HGNC:13703]	-0.90326226	
PPP1CA	protein phosphatase 1 catalytic subunit alpha [Source:HGNC Symbol;Acc:HGNC:9281]	-0.9046412	
LIX1L	limb and CNS expressed 1 like [Source:HGNC Symbol;Acc:HGNC:28715]	-0.90591675	
DYNC1I1	dynein cytoplasmic 1 intermediate chain 1 [Source:HGNC Symbol;Acc:HGNC:2963]	-0.9095006	
MRPS10	mitochondrial ribosomal protein S10 [Source:HGNC Symbol;Acc:HGNC:14502]	-0.9103664	
ZSWIM7	zinc finger SWIM-type containing 7 [Source:HGNC Symbol;Acc:HGNC:26993]	-0.9120508	
RPL6	ribosomal protein L6 [Source:HGNC Symbol;Acc:HGNC:10362]	-0.9133948	
SSX2IP	SSX family member 2 interacting protein [Source:HGNC Symbol;Acc:HGNC:16509]	-0.92296785	
JMJD6	jumonji domain containing 6, arginine demethylase and lysine hydroxylase [Source:HGNC Symbol;Acc:HGNC:19355]	-0.9280002	
PSMA1	proteasome 20S subunit alpha 1 [Source:HGNC Symbol;Acc:HGNC:9530]	-0.9332793	
ALDH1L1	aldehyde dehydrogenase 1 family member L1 [Source:HGNC Symbol;Acc:HGNC:3978]	-0.9470872	
EIF4G1	eukaryotic translation initiation factor 4 gamma 1 [Source:HGNC Symbol;Acc:HGNC:3296]	-0.9497821	
DPH5	diphthamide biosynthesis 5 [Source:HGNC Symbol;Acc:HGNC:24270]	-0.95073533	
XPNPEP2	X-prolyl aminopeptidase 2 [Source:HGNC Symbol;Acc:HGNC:12823]	-0.95137465	
QTRT1	queuine tRNA-ribosyltransferase catalytic subunit 1 [Source:HGNC Symbol;Acc:HGNC:23797]	-0.95161617	
TC2N	tandem C2 domains, nuclear [Source:HGNC Symbol;Acc:HGNC:19859]	-0.95364094	
STOML2	stomatin like 2 [Source:HGNC Symbol;Acc:HGNC:14559]	-0.95852214	
SF3B2	splicing factor 3b subunit 2 [Source:HGNC Symbol;Acc:HGNC:10769]	-0.96831095	
CHMP2A	charged multivesicular body protein 2A [Source:HGNC Symbol;Acc:HGNC:30216]	-0.9742802	
DPM1	dolichyl-phosphate mannosyltransferase subunit 1, catalytic [Source:HGNC Symbol;Acc:HGNC:3005]	-0.97883004	
NCAM1	neural cell adhesion molecule 1 [Source:HGNC Symbol;Acc:HGNC:7656]	-0.9794278	
NOP10	NOP10 ribonucleoprotein [Source:HGNC Symbol;Acc:HGNC:14378]	-0.98003435	
MLST8	MTOR associated protein, LST8 homolog [Source:HGNC Symbol;Acc:HGNC:24825]	-0.9836728	
NAT10	N-acetyltransferase 10 [Source:HGNC Symbol;Acc:HGNC:29830]	-0.9873668	
MRPL15	mitochondrial ribosomal protein L15 [Source:HGNC Symbol;Acc:HGNC:14054]	-0.9880247	
CD55	CD55 molecule (Cromer blood group) [Source:HGNC Symbol;Acc:HGNC:2665]	-0.9918553	
MTUS2	microtubule associated scaffold protein 2 [Source:HGNC Symbol;Acc:HGNC:20595]	-0.99205476	
RPL30	ribosomal protein L30 [Source:HGNC Symbol;Acc:HGNC:10333]	-0.9947243	
CTU1	cytosolic thiouridylase subunit 1 [Source:HGNC Symbol;Acc:HGNC:29590]	-0.9977612	
GDI1	GDP dissociation inhibitor 1 [Source:HGNC Symbol;Acc:HGNC:4226]	-1.0065718	
HSPA9	heat shock protein family A (Hsp70) member 9 [Source:HGNC Symbol;Acc:HGNC:5244]	-1.0244868	
RPL27A	ribosomal protein L27a [Source:HGNC Symbol;Acc:HGNC:10329]	-1.0446581	
UXS1	UDP-glucuronate decarboxylase 1 [Source:HGNC Symbol;Acc:HGNC:17729]	-1.0458723	
PRPF6	pre-mRNA processing factor 6 [Source:HGNC Symbol;Acc:HGNC:15860]	-1.0485953	
KIF3A	kinesin family member 3A [Source:HGNC Symbol;Acc:HGNC:6319]	-1.0598425	
CBFA2T2	CBFA2/RUNX1 partner transcriptional co-repressor 2 [Source:HGNC Symbol;Acc:HGNC:1536]	-1.0653561	
POLR2F	RNA polymerase II, I and III subunit F [Source:HGNC Symbol;Acc:HGNC:9193]	-1.0668153	
NAA20	N-alpha-acetyltransferase 20, NatB catalytic subunit [Source:HGNC Symbol;Acc:HGNC:15908]	-1.070869	
SMAD4	SMAD family member 4 [Source:HGNC Symbol;Acc:HGNC:6770]	-1.0734974	
COPS2	COP9 signalosome subunit 2 [Source:HGNC Symbol;Acc:HGNC:30747]	-1.0778496	
PPP5C	protein phosphatase 5 catalytic subunit [Source:HGNC Symbol;Acc:HGNC:9322]	-1.0799465	
PDAP1	PDGFA associated protein 1 [Source:HGNC Symbol;Acc:HGNC:14634]	-1.0821973	
NUP62	nucleoporin 62 [Source:HGNC Symbol;Acc:HGNC:8066]	-1.0901994	
HCN4	hyperpolarization activated cyclic nucleotide gated potassium channel 4 [Source:HGNC Symbol;Acc:HGNC:16882]	-1.0903047	
FOXL2	forkhead box L2 [Source:HGNC Symbol;Acc:HGNC:1092]	-1.0909144	
WASF3	WASP family member 3 [Source:HGNC Symbol;Acc:HGNC:12734]	-1.0978839	
EIF3L	eukaryotic translation initiation factor 3 subunit L [Source:HGNC Symbol;Acc:HGNC:18138]	-1.1021986	
RPAP1	RNA polymerase II associated protein 1 [Source:HGNC Symbol;Acc:HGNC:24567]	-1.105935	
NUCB1	nucleobindin 1 [Source:HGNC Symbol;Acc:HGNC:8043]	-1.106802	
TGFBR1	transforming growth factor beta receptor 1 [Source:HGNC Symbol;Acc:HGNC:11772]	-1.1091073	
RPL29	ribosomal protein L29 [Source:HGNC Symbol;Acc:HGNC:10331]	-1.1150019	
GNPDA1	glucosamine-6-phosphate deaminase 1 [Source:HGNC Symbol;Acc:HGNC:4417]	-1.1224306	
TLR6	toll like receptor 6 [Source:HGNC Symbol;Acc:HGNC:16711]	-1.1226695	
MRPL28	mitochondrial ribosomal protein L28 [Source:HGNC Symbol;Acc:HGNC:14484]	-1.1261697	
SCUBE3	signal peptide, CUB domain and EGF like domain containing 3 [Source:HGNC Symbol;Acc:HGNC:13655]	-1.1262456	
TRPM7	transient receptor potential cation channel subfamily M member 7 [Source:HGNC Symbol;Acc:HGNC:17994]	-1.1300257	
RPAP3	RNA polymerase II associated protein 3 [Source:HGNC Symbol;Acc:HGNC:26151]	-1.1361234	
AIMP2	aminoacyl tRNA synthetase complex interacting multifunctional protein 2 [Source:HGNC Symbol;Acc:HGNC:20609]	-1.1381277	
UBE2R2	ubiquitin conjugating enzyme E2 R2 [Source:HGNC Symbol;Acc:HGNC:19907]	-1.1552601	
SF3A3	splicing factor 3a subunit 3 [Source:HGNC Symbol;Acc:HGNC:10767]	-1.1587154	
NDUFS4	NADH:ubiquinone oxidoreductase subunit S4 [Source:HGNC Symbol;Acc:HGNC:7711]	-1.1622864	
KDM1A	lysine demethylase 1A [Source:HGNC Symbol;Acc:HGNC:29079]	-1.1665436	
ALDH6A1	aldehyde dehydrogenase 6 family member A1 [Source:HGNC Symbol;Acc:HGNC:7179]	-1.1673378	
PDSS1	decaprenyl diphosphate synthase subunit 1 [Source:HGNC Symbol;Acc:HGNC:17759]	-1.1760541	
ZNF43	zinc finger protein 43 [Source:HGNC Symbol;Acc:HGNC:13109]	-1.1866494	
MRPL45	mitochondrial ribosomal protein L45 [Source:HGNC Symbol;Acc:HGNC:16651]	-1.2013441	
MRE11	MRE11 homolog, double strand break repair nuclease [Source:HGNC Symbol;Acc:HGNC:7230]	-1.2055019	
COX17	cytochrome c oxidase copper chaperone COX17 [Source:HGNC Symbol;Acc:HGNC:2264]	-1.211281	
BUD23	BUD23 rRNA methyltransferase and ribosome maturation factor [Source:HGNC Symbol;Acc:HGNC:16405]	-1.2113962	
CHRNA7	cholinergic receptor nicotinic alpha 7 subunit [Source:HGNC Symbol;Acc:HGNC:1960]	-1.2176751	
CALD1	caldesmon 1 [Source:HGNC Symbol;Acc:HGNC:1441]	-1.227492	
MRPL46	mitochondrial ribosomal protein L46 [Source:HGNC Symbol;Acc:HGNC:1192]	-1.227956	
IGHMBP2	immunoglobulin mu DNA binding protein 2 [Source:HGNC Symbol;Acc:HGNC:5542]	-1.2295599	
PCSK2	proprotein convertase subtilisin/kexin type 2 [Source:HGNC Symbol;Acc:HGNC:8744]	-1.2419723	
DRG2	developmentally regulated GTP binding protein 2 [Source:HGNC Symbol;Acc:HGNC:3030]	-1.2479789	
MRPS14	mitochondrial ribosomal protein S14 [Source:HGNC Symbol;Acc:HGNC:14049]	-1.2563177	
MRPL37	mitochondrial ribosomal protein L37 [Source:HGNC Symbol;Acc:HGNC:14034]	-1.2582657	
MRPL19	mitochondrial ribosomal protein L19 [Source:HGNC Symbol;Acc:HGNC:14052]	-1.2713559	
MGAT2	alpha-1,6-mannosyl-glycoprotein 2-beta-N-acetylglucosaminyltransferase [Source:HGNC Symbol;Acc:HGNC:7045]	-1.2826322	
EIF1AD	eukaryotic translation initiation factor 1A domain containing [Source:HGNC Symbol;Acc:HGNC:28147]	-1.2869086	
PSMD2	proteasome 26S subunit ubiquitin receptor, non-ATPase 2 [Source:HGNC Symbol;Acc:HGNC:9559]	-1.2881346	
RPLP1	ribosomal protein lateral stalk subunit P1 [Source:HGNC Symbol;Acc:HGNC:10372]	-1.2984886	
ETHE1	ETHE1 persulfide dioxygenase [Source:HGNC Symbol;Acc:HGNC:23287]	-1.3033701	
BRD8	bromodomain containing 8 [Source:HGNC Symbol;Acc:HGNC:19874]	-1.3228847	
TMPRSS9	transmembrane serine protease 9 [Source:HGNC Symbol;Acc:HGNC:30079]	-1.3306099	
CDC40	cell division cycle 40 [Source:HGNC Symbol;Acc:HGNC:17350]	-1.3338593	
CRNKL1	crooked neck pre-mRNA splicing factor 1 [Source:HGNC Symbol;Acc:HGNC:15762]	-1.3407375	
ISM1	isthmin 1 [Source:HGNC Symbol;Acc:HGNC:16213]	-1.3575041	
AGPAT5	1-acylglycerol-3-phosphate O-acyltransferase 5 [Source:HGNC Symbol;Acc:HGNC:20886]	-1.3589303	
DDX1	DEAD-box helicase 1 [Source:HGNC Symbol;Acc:HGNC:2734]	-1.3686756	
ACTL10	actin like 10 [Source:HGNC Symbol;Acc:HGNC:16127]	-1.3698301	
RPL15	ribosomal protein L15 [Source:HGNC Symbol;Acc:HGNC:10306]	-1.3771447	
MRPL30	mitochondrial ribosomal protein L30 [Source:HGNC Symbol;Acc:HGNC:14036]	-1.3894547	
PSMB7	proteasome 20S subunit beta 7 [Source:HGNC Symbol;Acc:HGNC:9544]	-1.4235785	
PRPF8	pre-mRNA processing factor 8 [Source:HGNC Symbol;Acc:HGNC:17340]	-1.4281008	
SC5D	sterol-C5-desaturase [Source:HGNC Symbol;Acc:HGNC:10547]	-1.4283974	
SPPL3	signal peptide peptidase like 3 [Source:HGNC Symbol;Acc:HGNC:30424]	-1.453838	
CCDC25	coiled-coil domain containing 25 [Source:HGNC Symbol;Acc:HGNC:25591]	-1.471108	
PSMD11	proteasome 26S subunit, non-ATPase 11 [Source:HGNC Symbol;Acc:HGNC:9556]	-1.486515	
UNC13A	unc-13 homolog A [Source:HGNC Symbol;Acc:HGNC:23150]	-1.4965602	
RPL5	ribosomal protein L5 [Source:HGNC Symbol;Acc:HGNC:10360]	-1.5088786	
GAL3ST1	galactose-3-O-sulfotransferase 1 [Source:HGNC Symbol;Acc:HGNC:24240]	-1.5131866	
NLE1	notchless homolog 1 [Source:HGNC Symbol;Acc:HGNC:19889]	-1.6018428	
GTPBP4	GTP binding protein 4 [Source:HGNC Symbol;Acc:HGNC:21535]	-1.6388886	
ATF6	activating transcription factor 6 [Source:HGNC Symbol;Acc:HGNC:791]	-1.7239524	
CUL4B	cullin 4B [Source:HGNC Symbol;Acc:HGNC:2555]	-1.7324908	
TSR2	TSR2 ribosome maturation factor [Source:HGNC Symbol;Acc:HGNC:25455]	-1.7668314	
MRPS30	mitochondrial ribosomal protein S30 [Source:HGNC Symbol;Acc:HGNC:8769]	-1.7863774	
NPY1R	neuropeptide Y receptor Y1 [Source:HGNC Symbol;Acc:HGNC:7956]	-1.8396726	
FMR1	fragile X messenger ribonucleoprotein 1 [Source:HGNC Symbol;Acc:HGNC:3775]	-1.866944	
MMS19	MMS19 homolog, cytosolic iron-sulfur assembly component [Source:HGNC Symbol;Acc:HGNC:13824]	-1.8929597	
ADAT3	adenosine deaminase tRNA specific 3 [Source:HGNC Symbol;Acc:HGNC:25151]	-1.9333389	
PCYT2	phosphate cytidylyltransferase 2, ethanolamine [Source:HGNC Symbol;Acc:HGNC:8756]	-1.9463452	
JAKMIP2	janus kinase and microtubule interacting protein 2 [Source:HGNC Symbol;Acc:HGNC:29067]	-1.963787	
PARD3	par-3 family cell polarity regulator [Source:HGNC Symbol;Acc:HGNC:16051]	-2.005518	
PSMC2	proteasome 26S subunit, ATPase 2 [Source:HGNC Symbol;Acc:HGNC:9548]	-2.0149946	
ABCE1	ATP binding cassette subfamily E member 1 [Source:HGNC Symbol;Acc:HGNC:69]	-2.0589473	
NOP58	NOP58 ribonucleoprotein [Source:HGNC Symbol;Acc:HGNC:29926]	-2.1018538	
MEP1A	meprin A subunit alpha [Source:HGNC Symbol;Acc:HGNC:7015]	-2.1160548	
RACK1	receptor for activated C kinase 1 [Source:HGNC Symbol;Acc:HGNC:4399]	-2.1177425	
RIN2	Ras and Rab interactor 2 [Source:HGNC Symbol;Acc:HGNC:18750]	-2.1454413	
MUC22	mucin 22 [Source:HGNC Symbol;Acc:HGNC:39755]	-2.1507401	
METAP1	methionyl aminopeptidase 1 [Source:HGNC Symbol;Acc:HGNC:15789]	-2.178502	
PRPS1	phosphoribosyl pyrophosphate synthetase 1 [Source:HGNC Symbol;Acc:HGNC:9462]	-2.211381	
NAA10	N-alpha-acetyltransferase 10, NatA catalytic subunit [Source:HGNC Symbol;Acc:HGNC:18704]	-2.25814	
GRHL3	grainyhead like transcription factor 3 [Source:HGNC Symbol;Acc:HGNC:25839]	-2.3104663	
RSPH3	radial spoke head 3 [Source:HGNC Symbol;Acc:HGNC:21054]	-2.3683913	
POLR2E	RNA polymerase II, I and III subunit E [Source:HGNC Symbol;Acc:HGNC:9192]	-2.3896132	
FKBP2	FKBP prolyl isomerase 2 [Source:HGNC Symbol;Acc:HGNC:3718]	-2.3924558	
NOP14	NOP14 nucleolar protein [Source:HGNC Symbol;Acc:HGNC:16821]	-2.4066427	
SEC16B	SEC16 homolog B, endoplasmic reticulum export factor [Source:HGNC Symbol;Acc:HGNC:30301]	-2.4386697	
SNRNP40	small nuclear ribonucleoprotein U5 subunit 40 [Source:HGNC Symbol;Acc:HGNC:30857]	-2.634987	
UCKL1	uridine-cytidine kinase 1 like 1 [Source:HGNC Symbol;Acc:HGNC:15938]	-2.6822448	
EIF3E	eukaryotic translation initiation factor 3 subunit E [Source:HGNC Symbol;Acc:HGNC:3277]	-2.8430467	
IMP4	IMP U3 small nucleolar ribonucleoprotein 4 [Source:HGNC Symbol;Acc:HGNC:30856]	-3.0214665	
NOP2	NOP2 nucleolar protein [Source:HGNC Symbol;Acc:HGNC:7867]	-3.0586886	
