NAME	# MATCHING PROBE SETS	MATCHING PROBE SET(S)	
RSAD2	1	RSAD2	
TRIM2	1	TRIM2	
YPEL3	1	YPEL3	
CNOT9	1	CNOT9	
UBE2C	1	UBE2C	
COPS9	1	COPS9	
PEX2	1	PEX2	
NUDT2	1	NUDT2	
ORC4	1	ORC4	
MOB4	1	MOB4	
PRKAB1	1	PRKAB1	
GEMIN8	1	GEMIN8	
RNF11	1	RNF11	
HPRT1	1	HPRT1	
USP12	1	USP12	
MIEN1	1	MIEN1	
PSMB6	1	PSMB6	
CDK2	1	CDK2	
COX5B	1	COX5B	
LIMS2	1	LIMS2	
COX6B1	1	COX6B1	
TRAPPC4	1	TRAPPC4	
IER3IP1	1	IER3IP1	
HBP1	1	HBP1	
SETD9	1	SETD9	
SERINC5	1	SERINC5	
APAF1	1	APAF1	
DAD1	1	DAD1	
PAK3	1	PAK3	
FBXO7	1	FBXO7	
CERS6	1	CERS6	
NDUFS5	1	NDUFS5	
UBE2J2	1	UBE2J2	
UCHL5	1	UCHL5	
RNF13	1	RNF13	
SERP2	1	SERP2	
TM9SF4	1	TM9SF4	
BLOC1S6	1	BLOC1S6	
SSR3	1	SSR3	
CHMP5	1	CHMP5	
MRPL17	1	MRPL17	
PRKAG2	1	PRKAG2	
TPI1	1	TPI1	
UFD1	1	UFD1	
NDUFB3	1	NDUFB3	
PGAM1	1	PGAM1	
XBP1	1	XBP1	
TANGO2	1	TANGO2	
MIS12	1	MIS12	
ATG13	1	ATG13	
MAMDC2	1	MAMDC2	
ETFRF1	1	ETFRF1	
SKP2	1	SKP2	
COG7	1	COG7	
NHEJ1	1	NHEJ1	
ARPC4	1	ARPC4	
SURF4	1	SURF4	
SKP1	1	SKP1	
RAD51C	1	RAD51C	
WDR45	1	WDR45	
CHIC1	1	CHIC1	
SEM1	1	SHFM1	
TALDO1	1	TALDO1	
RAB21	1	RAB21	
RAD1	1	RAD1	
NLRC4	1	NLRC4	
MCM2	1	MCM2	
CDK10	1	CDK10	
POLR2H	1	POLR2H	
DEGS1	1	DEGS1	
DCTN5	1	DCTN5	
MCM3	1	MCM3	
CMC1	1	CMC1	
MFSD12	1	MFSD12	
PLEKHF2	1	PLEKHF2	
LMBRD2	1	LMBRD2	
SEMA5A	1	SEMA5A	
FBXL4	1	FBXL4	
SPG21	1	SPG21	
HDAC3	1	HDAC3	
PSMF1	1	PSMF1	
ATG5	1	ATG5	
SOD2	1	SOD2	
TMEM14C	1	TMEM14C	
MED31	1	MED31	
MRPS33	1	MRPS33	
GM2A	1	GM2A	
CEP78	1	CEP78	
MRPL27	1	MRPL27	
MED22	1	MED22	
RPS28	1	RPS28	
NFU1	1	NFU1	
NDUFS3	1	NDUFS3	
ABCC10	1	ABCC10	
RPL39	1	RPL39	
AP2S1	1	AP2S1	
WIPI2	1	WIPI2	
COQ2	1	COQ2	
VPS33B	1	VPS33B	
MRPS28	1	MRPS28	
ARPC3	1	ARPC3	
ZDHHC8	1	ZDHHC8	
TMEM50A	1	TMEM50A	
AP3S2	1	AP3S2	
NUBP1	1	NUBP1	
STX19	1	STX19	
ERCC5	1	ERCC5	
ID2	1	ID2	
ARPC2	1	ARPC2	
PIK3CA	1	PIK3CA	
LAMTOR2	1	LAMTOR2	
PLEKHG5	1	PLEKHG5	
MRPS18A	1	MRPS18A	
RPL37A	1	RPL37A	
SHISA5	1	SHISA5	
SMCR8	1	SMCR8	
SLC1A3	1	SLC1A3	
DPAGT1	1	DPAGT1	
CD63	1	CD63	
COMMD2	1	COMMD2	
ARPC1A	1	ARPC1A	
DESI2	1	DESI2	
NPEPL1	1	NPEPL1	
MRPL53	1	MRPL53	
BTBD9	1	BTBD9	
PLCG2	1	PLCG2	
TNKS2	1	TNKS2	
RBBP5	1	RBBP5	
UPB1	1	UPB1	
RER1	1	RER1	
NME1	1	NME1	
CLIP1	1	CLIP1	
MRPL14	1	MRPL14	
BLOC1S1	1	BLOC1S1	
TM9SF3	1	TM9SF3	
CDC27	1	CDC27	
PSMB3	1	PSMB3	
CCDC65	1	CCDC65	
HAUS6	1	HAUS6	
LIG4	1	LIG4	
COX11	1	COX11	
EIF1	1	EIF1	
INTS12	1	INTS12	
KLHL5	1	KLHL5	
CDK5	1	CDK5	
WSB1	1	WSB1	
TMEM33	1	TMEM33	
CHP1	1	CHP1	
ATP6V0B	1	ATP6V0B	
NBEAL1	1	NBEAL1	
RNF7	1	RNF7	
MRPS16	1	MRPS16	
SURF1	1	SURF1	
SF3B1	1	SF3B1	
TRAPPC6B	1	TRAPPC6B	
ENY2	1	ENY2	
TMA7	1	TMA7	
CRY1	1	CRY1	
IFT57	1	IFT57	
INF2	1	INF2	
RPS5	1	RPS5	
RAB33B	1	RAB33B	
RAP2C	1	RAP2C	
SREBF2	1	SREBF2	
TYW3	1	TYW3	
RAB43	1	RAB43	
WDR48	1	WDR48	
RAB23	1	RAB23	
TMCO6	1	TMCO6	
MPC1	1	MPC1	
RPL9	1	RPL9	
SMPD3	1	SMPD3	
SWI5	1	SWI5	
SEC22B	1	SEC22B	
MCCC1	1	MCCC1	
HTRA2	1	HTRA2	
RAB32	1	RAB32	
PPP2R3C	1	PPP2R3C	
VPS28	1	VPS28	
TOR4A	1	TOR4A	
RPL17	1	RPL17	
LUC7L2	1	LUC7L2	
CCT7	1	CCT7	
EEF1E1	1	EEF1E1	
RPS23	1	RPS23	
PXMP4	1	PXMP4	
RPA3	1	RPA3	
TK1	1	TK1	
RPS29	1	RPS29	
PSMA2	1	PSMA2	
RPS27	1	RPS27	
POMT2	1	POMT2	
PLK1	1	PLK1	
NDUFS7	1	NDUFS7	
GTF2H5	1	GTF2H5	
ACAT2	1	ACAT2	
APOL6	1	APOL6	
RPS11	1	RPS11	
GOT1	1	GOT1	
MYH1	1	MYH1	
RBM39	1	RBM39	
UBE2H	1	UBE2H	
TRAPPC2	1	TRAPPC2	
DCP2	1	DCP2	
RPL36	1	RPL36	
NDUFA5	1	NDUFA5	
GUK1	1	GUK1	
TEX10	1	TEX10	
WNT9A	1	WNT9A	
SFT2D2	1	SFT2D2	
RPL13A	1	RPL13A	
CCT3	1	CCT3	
PHLDB2	1	PHLDB2	
ZSCAN5B	1	ZSCAN5B	
HINT1	1	HINT1	
RPS18	1	RPS18	
PRDX6	1	PRDX6	
STK11	1	STK11	
SUMF1	1	SUMF1	
SERHL2	1	SERHL2	
CUL5	1	CUL5	
RBM22	1	RBM22	
MRPS18C	1	MRPS18C	
NFATC2IP	1	NFATC2IP	
SRSF4	1	SRSF4	
UBE2L3	1	UBE2L3	
GNB5	1	GNB5	
THOC6	1	THOC6	
TCF24	1	TCF24	
NEK7	1	NEK7	
FGFRL1	1	FGFRL1	
PHAF1	1	LIN10	
BUB3	1	BUB3	
WDR83	1	WDR83	
MRPL13	1	MRPL13	
GRIPAP1	1	GRIPAP1	
RAB1A	1	RAB1A	
RWDD3	1	RWDD3	
CUL2	1	CUL2	
CFAP20	1	CFAP20	
MRPS21	1	MRPS21	
TACR2	1	TACR2	
COMMD10	1	COMMD10	
SMC3	1	SMC3	
UQCRC2	1	UQCRC2	
GGPS1	1	GGPS1	
ORMDL3	1	ORMDL3	
HP1BP3	1	HP1BP3	
NUP62CL	1	NUP62CL	
RPS20	1	RPS20	
THOC5	1	THOC5	
EMC6	1	EMC6	
DNAJC9	1	DNAJC9	
FLT1	1	FLT1	
PRDX4	1	PRDX4	
NEDD4	1	NEDD4	
ADCY3	1	ADCY3	
LRRC40	1	LRRC40	
RPS3	1	RPS3	
LMTK2	1	LMTK2	
DDA1	1	DDA1	
MRPL32	1	MRPL32	
MED6	1	MED6	
ERGIC1	1	ERGIC1	
CCT4	1	CCT4	
RPS19	1	RPS19	
FKBP3	1	FKBP3	
CPN2	1	CPN2	
XXYLT1	1	XXYLT1	
MPP7	1	MPP7	
PTPN13	1	PTPN13	
MED23	1	MED23	
TTC26	1	TTC26	
FLI1	1	FLI1	
RAB14	1	RAB14	
NDUFS6	1	NDUFS6	
RPL27	1	RPL27	
RPS24	1	RPS24	
PRMT8	1	PRMT8	
TOP3B	1	TOP3B	
VDAC2	1	VDAC2	
METTL5	1	METTL5	
BCS1L	1	BCS1L	
MLH1	1	MLH1	
RPS25	1	RPS25	
FEN1	1	FEN1	
POLR3K	1	POLR3K	
CYC1	1	CYC1	
AK6	1	AK6	
LARGE1	1	LARGE1	
COPS6	1	COPS6	
RNF41	1	RNF41	
RPS15	1	RPS15	
OGFOD2	1	OGFOD2	
RPL36A	1	RPL36A	
RAB4B	1	RAB4B	
VPS25	1	VPS25	
HDDC3	1	HDDC3	
GP1BA	1	GP1BA	
PTDSS2	1	PTDSS2	
WNT4	1	WNT4	
NTHL1	1	NTHL1	
CSNK1E	1	CSNK1E	
TMEM41B	1	TMEM41B	
ART4	1	ART4	
SLC9A8	1	SLC9A8	
FBP1	1	FBP1	
PIN4	1	PIN4	
TMED2	1	TMED2	
CEP41	1	CEP41	
ARL4C	1	ARL4C	
STOML1	1	STOML1	
UBE2V1	1	UBE2V1	
TOPBP1	1	TOPBP1	
MED15	1	MED15	
COMMD3	1	COMMD3	
CIAO1	1	CIAO1	
RRM1	1	RRM1	
CSTF2	1	CSTF2	
GGT1	1	GGT1	
RASSF5	1	RASSF5	
FAM32A	1	FAM32A	
ORC6	1	ORC6	
INTS8	1	INTS8	
GPX7	1	GPX7	
MED17	1	MED17	
PPP1CB	1	PPP1CB	
ALAS1	1	ALAS1	
PMF1	1	PMF1	
AMPD2	1	AMPD2	
DCTN6	1	DCTN6	
PSMC6	1	PSMC6	
NHP2	1	NHP2	
NDUFV2	1	NDUFV2	
SEC61G	1	SEC61G	
SSU72	1	SSU72	
RPL8	1	RPL8	
SRA1	1	SRA1	
PSMG1	1	PSMG1	
ACTL6B	1	ACTL6B	
RPS16	1	RPS16	
RAD21	1	RAD21	
KCTD5	1	KCTD5	
CHTF8	1	CHTF8	
UBLCP1	1	UBLCP1	
SEC63	1	SEC63	
SYT15	1	SYT15	
SEC13	1	SEC13	
DUOX1	1	DUOX1	
PNPLA4	1	PNPLA4	
RPL7A	1	RPL7A	
STT3A	1	STT3A	
CNEP1R1	1	CNEP1R1	
COQ7	1	COQ7	
HAUS4	1	HAUS4	
COPZ1	1	COPZ1	
LIN7C	1	LIN7C	
SERPINF1	1	SERPINF1	
FOXD1	1	FOXD1	
MED21	1	MED21	
YPEL5	1	YPEL5	
ICE2	1	NARG2	
CCDC40	1	CCDC40	
PSMC3	1	PSMC3	
TAF10	1	TAF10	
ABCD2	1	ABCD2	
RPL11	1	RPL11	
B3GALT2	1	B3GALT2	
PPP4C	1	PPP4C	
BIN3	1	BIN3	
IDH3B	1	IDH3B	
UBE2I	1	UBE2I	
ARF4	1	ARF4	
NOP56	1	NOP56	
UBL5	1	UBL5	
VIPAS39	1	VIPAS39	
MRPL47	1	MRPL47	
ASCC1	1	ASCC1	
PSMA5	1	PSMA5	
MKS1	1	MKS1	
GID4	1	GID4	
PPP2CA	1	PPP2CA	
CACNB1	1	CACNB1	
MYO1A	1	MYO1A	
ZBTB8OS	1	ZBTB8OS	
ANKRD28	1	ANKRD28	
CNOT7	1	CNOT7	
ARL5B	1	ARL5B	
EDEM2	1	EDEM2	
ZNF14	1	ZNF14	
RPL18A	1	RPL18A	
SASS6	1	SASS6	
ARFRP1	1	ARFRP1	
BTBD3	1	BTBD3	
DHX36	1	DHX36	
TRAF3IP1	1	TRAF3IP1	
CYB5R2	1	CYB5R2	
ANKRD16	1	ANKRD16	
UBE2M	1	UBE2M	
PABPC4	1	PABPC4	
SYN1	1	SYN1	
PDCD7	1	PDCD7	
PRPSAP2	1	PRPSAP2	
TRAFD1	1	TRAFD1	
ANAPC11	1	ANAPC11	
UBE2G2	1	UBE2G2	
RAB30	1	RAB30	
MRPL18	1	MRPL18	
AMMECR1	1	AMMECR1	
RCBTB2	1	RCBTB2	
MAN1A2	1	MAN1A2	
MSANTD2	1	MSANTD2	
HOXA3	1	HOXA3	
ALKBH8	1	ALKBH8	
CDIP1	1	CDIP1	
SLC51A	1	SLC51A	
CTNNAL1	1	CTNNAL1	
OXCT1	1	OXCT1	
PRR7	1	PRR7	
AP3B2	1	AP3B2	
OXNAD1	1	OXNAD1	
PPFIA1	1	PPFIA1	
RPS17	1	RPS17	
POP4	1	POP4	
UBE2W	1	UBE2W	
ACAT1	1	ACAT1	
DALRD3	1	DALRD3	
UGP2	1	UGP2	
XRCC5	1	XRCC5	
MKRN1	1	MKRN1	
ERLIN1	1	ERLIN1	
TAF5	1	TAF5	
KIF27	1	KIF27	
MSH4	1	MSH4	
DOT1L	1	DOT1L	
RPRD2	1	RPRD2	
PTPN11	1	PTPN11	
HID1	1	HID1	
PTGS2	1	PTGS2	
CNDP2	1	CNDP2	
RPL38	1	RPL38	
LRRC57	1	LRRC57	
CSNK1G2	1	CSNK1G2	
AP2M1	1	AP2M1	
ACY1	1	ACY1	
TCEANC2	1	TCEANC2	
MRPL41	1	MRPL41	
TRMT11	1	TRMT11	
XPO7	1	XPO7	
CTDSP1	1	CTDSP1	
KAT6A	1	KAT6A	
HINT2	1	HINT2	
TM9SF2	1	TM9SF2	
XRCC2	1	XRCC2	
SESN1	1	SESN1	
DCLRE1B	1	DCLRE1B	
PPWD1	1	PPWD1	
ZMAT2	1	ZMAT2	
MRPS25	1	MRPS25	
MCTS1	1	MCTS1	
SIX4	1	SIX4	
SRP9	1	SRP9	
KPNB1	1	KPNB1	
ABHD17B	1	ABHD17B	
CELF2	1	CELF2	
METTL6	1	METTL6	
MNS1	1	MNS1	
MAPRE1	1	MAPRE1	
MYO19	1	MYO19	
MAP3K4	1	MAP3K4	
CARHSP1	1	CARHSP1	
NSA2	1	NSA2	
SWT1	1	SWT1	
POLDIP2	1	POLDIP2	
MED8	1	MED8	
TBX18	1	TBX18	
SUCLG2	1	SUCLG2	
COPS4	1	COPS4	
BCAS2	1	BCAS2	
TAF8	1	TAF8	
MYO6	1	MYO6	
MRPL20	1	MRPL20	
AP1B1	1	AP1B1	
GRIK1	1	GRIK1	
VPS35	1	VPS35	
GSK3B	1	GSK3B	
NSUN4	1	NSUN4	
BBS1	1	BBS1	
FABP7	1	FABP7	
SGSM3	1	SGSM3	
DNM1	1	DNM1	
KCNJ6	1	KCNJ6	
CHI3L2	1	CHI3L2	
GMPR2	1	GMPR2	
STK36	1	STK36	
RPS14	1	RPS14	
GOLGA4	1	GOLGA4	
GFPT2	1	GFPT2	
TUBA1C	1	TUBA1C	
SUCLA2	1	SUCLA2	
TRUB1	1	TRUB1	
MRPL43	1	MRPL43	
BCAR1	1	BCAR1	
SEH1L	1	SEH1L	
ARHGEF12	1	ARHGEF12	
CDK1	1	CDC2	
EIF4A2	1	EIF4A2	
TMPRSS4	1	TMPRSS4	
RPL13	1	RPL13	
EXTL3	1	EXTL3	
SHMT2	1	SHMT2	
MED16	1	MED16	
PTGER4	1	PTGER4	
MRPL2	1	MRPL2	
CHRNA9	1	CHRNA9	
NFKBIL1	1	NFKBIL1	
KCTD10	1	KCTD10	
PRODH2	1	PRODH2	
TRIM9	1	TRIM9	
MRPS34	1	MRPS34	
KPNA5	1	KPNA5	
D2HGDH	1	D2HGDH	
MBTPS1	1	MBTPS1	
WDR62	1	WDR62	
AMDHD1	1	AMDHD1	
YEATS4	1	YEATS4	
GSTZ1	1	GSTZ1	
KAT8	1	KAT8	
RASL12	1	RASL12	
DYNLRB2	1	DYNLRB2	
SIRT4	1	SIRT4	
USE1	1	USE1	
DOK7	1	DOK7	
JARID2	1	JARID2	
ACTR1A	1	ACTR1A	
GEMIN2	1	GEMIN2	
MED7	1	MED7	
MAP3K9	1	MAP3K9	
MAU2	1	MAU2	
RIOK2	1	RIOK2	
LENG1	1	LENG1	
CDKL1	1	CDKL1	
MRPS6	1	MRPS6	
FTSJ1	1	FTSJ1	
FRMD4B	1	FRMD4B	
MAP1LC3C	1	MAP1LC3C	
SYT14	1	SYT14	
RIC8A	1	RIC8A	
NT5C3A	1	NT5C3	
DHX16	1	DHX16	
RPL14	1	RPL14	
RAE1	1	RAE1	
PLCH1	1	PLCH1	
TNPO1	1	TNPO1	
GLO1	1	GLO1	
TUBGCP6	1	TUBGCP6	
KCNH5	1	KCNH5	
UPF2	1	UPF2	
ISCA2	1	ISCA2	
ARCN1	1	ARCN1	
PPIL4	1	PPIL4	
SNX12	1	SNX12	
CABP1	1	CABP1	
ATE1	1	ATE1	
NDUFV1	1	NDUFV1	
GNA14	1	GNA14	
SPG7	1	SPG7	
PSMA4	1	PSMA4	
PSMA3	1	PSMA3	
MRPS24	1	MRPS24	
SIN3B	1	SIN3B	
DCAF17	1	DCAF17	
IFT43	1	IFT43	
TACC3	1	TACC3	
DHX15	1	DHX15	
HMCN1	1	HMCN1	
CCND2	1	CCND2	
HTATIP2	1	HTATIP2	
PICK1	1	PICK1	
PLA2G2A	1	PLA2G2A	
CAMTA1	1	CAMTA1	
HAUS1	1	HAUS1	
WNT7B	1	WNT7B	
ANKRD6	1	ANKRD6	
UNC5D	1	UNC5D	
FGFR3	1	FGFR3	
UBL3	1	UBL3	
MRPS18B	1	MRPS18B	
TSEN54	1	TSEN54	
SIRT6	1	SIRT6	
USP14	1	USP14	
RGS7	1	RGS7	
RPL32	1	RPL32	
RPL18	1	RPL18	
GRK3	1	GRK3	
SRPK2	1	SRPK2	
MOCS2	1	MOCS2	
DDX17	1	DDX17	
TUBG1	1	TUBG1	
TCP1	1	TCP1	
ROPN1L	1	ROPN1L	
PPIL3	1	PPIL3	
CCT2	1	CCT2	
TTC36	1	TTC36	
CDK7	1	CDK7	
FUBP1	1	FUBP1	
WDR82	1	WDR82	
PRELID2	1	PRELID2	
METTL9	1	METTL9	
KDM3A	1	KDM3A	
RPL22	1	RPL22	
PSMA7	1	PSMA7	
MRC2	1	MRC2	
WNT9B	1	WNT9B	
ME1	1	ME1	
COG8	1	COG8	
USP39	1	USP39	
KCNA3	1	KCNA3	
ZSWIM5	1	ZSWIM5	
MICALL2	1	MICALL2	
CYTH1	1	CYTH1	
MCCC2	1	MCCC2	
SMAD3	1	SMAD3	
PFKFB1	1	PFKFB1	
CRB2	1	CRB2	
SNAP25	1	SNAP25	
NCAM2	1	NCAM2	
ABHD5	1	ABHD5	
RAD54L	1	RAD54L	
THOC3	1	THOC3	
CLCA4	1	CLCA4	
CWC25	1	CWC25	
NFS1	1	NFS1	
RPL10A	1	RPL10A	
RBM47	1	RBM47	
BRSK1	1	BRSK1	
TP53RK	1	TP53RK	
RHOBTB3	1	RHOBTB3	
GLRX5	1	GLRX5	
PPP2R5E	1	PPP2R5E	
TAF12	1	TAF12	
PPP6C	1	PPP6C	
GOT2	1	GOT2	
EIF5	1	EIF5	
ORC1	1	ORC1	
UBA2	1	UBA2	
GLB1L2	1	GLB1L2	
MTMR2	1	MTMR2	
PGM2	1	PGM2	
YIPF6	1	YIPF6	
AGO1	1	AGO1	
POU3F4	1	POU3F4	
FRMD4A	1	FRMD4A	
NMD3	1	NMD3	
EIF5A	1	EIF5A	
MLC1	1	MLC1	
CDC42	1	CDC42	
MED18	1	MED18	
RCL1	1	RCL1	
NMT2	1	NMT2	
IDH2	1	IDH2	
MSH6	1	MSH6	
SHMT1	1	SHMT1	
GUF1	1	GUF1	
MKNK2	1	MKNK2	
POC1A	1	POC1A	
PRKAA2	1	PRKAA2	
VPS29	1	VPS29	
POLE2	1	POLE2	
NIT2	1	NIT2	
GGT7	1	GGT7	
SSC5D	1	SSC5D	
ADRM1	1	ADRM1	
NDUFA2	1	NDUFA2	
KCNH6	1	KCNH6	
WDR5	1	WDR5	
LAP3	1	LAP3	
ATXN3	1	ATXN3	
COMMD5	1	COMMD5	
RFC3	1	RFC3	
CDK17	1	CDK17	
MRPS11	1	MRPS11	
UBA1	1	UBA1	
MRPL3	1	MRPL3	
COPB1	1	COPB1	
POLE3	1	POLE3	
MYD88	1	MYD88	
MAP2K4	1	MAP2K4	
PAIP2	1	PAIP2	
TFAP2E	1	TFAP2E	
BANF1	1	BANF1	
MRPL16	1	MRPL16	
RNF19A	1	RNF19A	
PMS2	1	PMS2	
SEL1L	1	SEL1L	
IMP3	1	IMP3	
EIF6	1	EIF6	
ARRB2	1	ARRB2	
RAD51B	1	RAD51B	
LHX9	1	LHX9	
ATG10	1	ATG10	
RANBP1	1	RANBP1	
GIGYF1	1	GIGYF1	
NXT1	1	NXT1	
SYT7	1	SYT7	
PANK1	1	PANK1	
SRSF1	1	SRSF1	
TMOD2	1	TMOD2	
KCNMA1	1	KCNMA1	
ECH1	1	ECH1	
CDC37	1	CDC37	
NANOS3	1	NANOS3	
SNX6	1	SNX6	
MED4	1	MED4	
RAB39A	1	RAB39A	
ANP32A	1	ANP32A	
RPN2	1	RPN2	
TPH1	1	TPH1	
PEX16	1	PEX16	
MTHFD1	1	MTHFD1	
ORC5	1	ORC5	
PPT2	1	PPT2	
ANKFY1	1	ANKFY1	
SPDL1	1	SPDL1	
FUT7	1	FUT7	
RAB2A	1	RAB2	
MAP1LC3A	1	MAP1LC3A	
GPD2	1	GPD2	
DDB1	1	DDB1	
MOCS3	1	MOCS3	
MRPL22	1	MRPL22	
GSPT1	1	GSPT1	
MRPL51	1	MRPL51	
CEP97	1	CEP97	
RGS20	1	RGS20	
MAPK1	1	MAPK1	
INO80	1	INO80	
DOCK1	1	DOCK1	
NCOA2	1	NCOA2	
NDUFB6	1	NDUFB6	
ACAA2	1	ACAA2	
RPS3A	1	RPS3A	
FOXC1	1	FOXC1	
ACVRL1	1	ACVRL1	
IST1	1	IST1	
PPP2R5D	1	PPP2R5D	
IDH1	1	IDH1	
RFC5	1	RFC5	
TRAPPC5	1	TRAPPC5	
PGAM5	1	PGAM5	
TLK2	1	TLK2	
SIK2	1	SIK2	
EIF2B1	1	EIF2B1	
HIP1	1	HIP1	
MRPS17	1	MRPS17	
HMCN2	1	HMCN2	
ABCD3	1	ABCD3	
ECHS1	1	ECHS1	
ATXN2	1	ATXN2	
DIMT1	1	DIMT1	
ALDH8A1	1	ALDH8A1	
DDX18	1	DDX18	
MDH2	1	MDH2	
ABCB7	1	ABCB7	
UNC13B	1	UNC13B	
RPS26	1	RPS26	
ITPR1	1	ITPR1	
RGS9BP	1	RGS9BP	
IFT20	1	IFT20	
UBA3	1	UBA3	
CERS3	1	CERS3	
ATP2B3	1	ATP2B3	
RTF1	1	RTF1	
FRMD7	1	FRMD7	
SCFD1	1	SCFD1	
ABCD4	1	ABCD4	
PDE6D	1	PDE6D	
TEX11	1	TEX11	
ENPP1	1	ENPP1	
ANKRD17	1	ANKRD17	
AP3M1	1	AP3M1	
LONRF2	1	LONRF2	
PTP4A3	1	PTP4A3	
HAUS3	1	HAUS3	
RRP9	1	RRP9	
MORF4L1	1	MORF4L1	
PARD6G	1	PARD6G	
PLEKHJ1	1	PLEKHJ1	
CPSF7	1	CPSF7	
EFHD2	1	EFHD2	
PDE8A	1	PDE8A	
ELP3	1	ELP3	
HOXA1	1	HOXA1	
SF3B4	1	SF3B4	
SUCLG1	1	SUCLG1	
MRPS12	1	MRPS12	
ADD1	1	ADD1	
MAP2K3	1	MAP2K3	
SLC4A9	1	SLC4A9	
REXO2	1	REXO2	
GRAMD1A	1	GRAMD1A	
DMAP1	1	DMAP1	
LDB2	1	LDB2	
LRP6	1	LRP6	
CELF3	1	CELF3	
MRPL4	1	MRPL4	
SAP30	1	SAP30	
SLC6A3	1	SLC6A3	
UBE2J1	1	UBE2J1	
MINPP1	1	MINPP1	
MDH1	1	MDH1	
SSBP3	1	SSBP3	
MED19	1	MED19	
RAB35	1	RAB35	
RPL23	1	RPL23	
ORC2	1	ORC2	
RAP1B	1	RAP1B	
NFE2L1	1	NFE2L1	
LCLAT1	1	LCLAT1	
BRWD3	1	BRWD3	
NIP7	1	NIP7	
ZRANB2	1	ZRANB2	
ANKRD50	1	ANKRD50	
RPL37	1	RPL37	
COG3	1	COG3	
RPL19	1	RPL19	
WDR45B	1	WDR45B	
SREK1	1	SREK1	
DDX3X	1	DDX3X	
GTPBP1	1	GTPBP1	
AFG3L2	1	AFG3L2	
EIF1AY	1	EIF1AY	
TAF11	1	TAF11	
MRPS22	1	MRPS22	
PNPT1	1	PNPT1	
CRIP1	1	CRIP1	
PSMD3	1	PSMD3	
MRPL48	1	MRPL48	
RPS6KB1	1	RPS6KB1	
MRPS2	1	MRPS2	
SYT4	1	SYT4	
NOX5	1	NOX5	
PLSCR3	1	PLSCR3	
AP1S2	1	AP1S2	
USP19	1	USP19	
HM13	1	HM13	
RAB37	1	RAB37	
RBM8A	1	RBM8A	
FANCD2	1	FANCD2	
RPL28	1	RPL28	
NEIL1	1	NEIL1	
PAX3	1	PAX3	
RPP25	1	RPP25	
PNO1	1	PNO1	
ABCF2	1	ABCF2	
RPS13	1	RPS13	
DNAJC4	1	DNAJC4	
ALDH1A1	1	ALDH1A1	
TMCO1	1	TMCO1	
PCID2	1	PCID2	
GLOD4	1	GLOD4	
RNF4	1	RNF4	
SRP14	1	SRP14	
GPN1	1	GPN1	
PPIL1	1	PPIL1	
RAB10	1	RAB10	
RPL10	1	RPL10	
NUP58	1	NUP58	
TARBP1	1	TARBP1	
DNAJC8	1	DNAJC8	
PAQR5	1	PAQR5	
ING3	1	ING3	
CHURC1	1	CHURC1	
MFAP1	1	MFAP1	
NIPSNAP3A	1	NIPSNAP3A	
MUS81	1	MUS81	
DPH1	1	DPH1	
TRAP1	1	TRAP1	
GPR83	1	GPR83	
EMG1	1	EMG1	
TAF7	1	TAF7	
EFTUD2	1	EFTUD2	
ARF6	1	ARF6	
AKR1A1	1	AKR1A1	
SIX6	1	SIX6	
RAB44	1	RAB44	
MAP2K1	1	MAP2K1	
HDAC4	1	HDAC4	
RSRC2	1	RSRC2	
SRP68	1	SRP68	
CTNNBL1	1	CTNNBL1	
INTS3	1	INTS3	
SF3A2	1	SF3A2	
MRPL21	1	MRPL21	
DHX8	1	DHX8	
CDK8	1	CDK8	
PALS2	1	MPP6	
BRIP1	1	BRIP1	
RPS8	1	RPS8	
TXNL4A	1	TXNL4A	
GPHB5	1	GPB5	
PDE12	1	PDE12	
CHD1	1	CHD1	
UBE2G1	1	UBE2G1	
DUSP8	1	DUSP8	
AHCYL2	1	AHCYL2	
PTPRN2	1	PTPRN2	
AKT1	1	AKT1	
NOL10	1	NOL10	
IKZF5	1	IKZF5	
METAP2	1	METAP2	
TLN2	1	TLN2	
VAMP3	1	VAMP3	
ACO2	1	ACO2	
G6PD	1	G6PD	
TAF2	1	TAF2	
DMRT2	1	DMRT2	
WDR3	1	WDR3	
PRG4	1	PRG4	
PRPF31	1	PRPF31	
SMU1	1	SMU1	
JPH3	1	JPH3	
CCT6A	1	CCT6A	
MRPL1	1	MRPL1	
RPS10	1	RPS10	
UNC5B	1	UNC5B	
SOX14	1	SOX14	
SELENBP1	1	SELENBP1	
FOXL1	1	FOXL1	
NDUFS8	1	NDUFS8	
RPL23A	1	RPL23A	
MRPS7	1	MRPS7	
MED26	1	MED26	
DNAL1	1	DNAL1	
CDK12	1	CDK12	
ATP1B1	1	ATP1B1	
UFC1	1	UFC1	
RAB11A	1	RAB11A	
RPL24	1	RPL24	
CHCHD4	1	CHCHD4	
NSMCE1	1	NSMCE1	
CSNK1A1	1	CSNK1A1	
CNOT6L	1	CNOT6L	
SMARCE1	1	SMARCE1	
WDR17	1	WDR17	
MRPL24	1	MRPL24	
MOCS1	1	MOCS1	
RPL34	1	RPL34	
POLR2C	1	POLR2C	
ZPR1	1	ZPR1	
WNT16	1	WNT16	
UBE2T	1	UBE2T	
INTS11	1	INTS11	
TAF13	1	TAF13	
URM1	1	URM1	
TEAD1	1	TEAD1	
FOXB2	1	FOXB2	
TIMM17B	1	TIMM17B	
AGO3	1	AGO3	
FAM98B	1	FAM98B	
TIAL1	1	TIAL1	
RPL35	1	RPL35	
PEX13	1	PEX13	
XRN2	1	XRN2	
HCN2	1	HCN2	
CLCC1	1	CLCC1	
MAK16	1	MAK16	
PPP1CA	1	PPP1CA	
LIX1L	1	LIX1L	
DYNC1I1	1	DYNC1I1	
MRPS10	1	MRPS10	
ZSWIM7	1	ZSWIM7	
RPL6	1	RPL6	
SSX2IP	1	SSX2IP	
JMJD6	1	JMJD6	
PSMA1	1	PSMA1	
ALDH1L1	1	ALDH1L1	
EIF4G1	1	EIF4G1	
DPH5	1	DPH5	
XPNPEP2	1	XPNPEP2	
QTRT1	1	QTRT1	
TC2N	1	TC2N	
STOML2	1	STOML2	
SF3B2	1	SF3B2	
CHMP2A	1	CHMP2A	
DPM1	1	DPM1	
NCAM1	1	NCAM1	
NOP10	1	NOP10	
MLST8	1	MLST8	
NAT10	1	NAT10	
MRPL15	1	MRPL15	
CD55	1	CD55	
MTUS2	1	MTUS2	
RPL30	1	RPL30	
CTU1	1	CTU1	
GDI1	1	GDI1	
HSPA9	1	HSPA9	
RPL27A	1	RPL27A	
UXS1	1	UXS1	
PRPF6	1	PRPF6	
KIF3A	1	KIF3A	
CBFA2T2	1	CBFA2T2	
POLR2F	1	POLR2F	
NAA20	1	NAA20	
SMAD4	1	SMAD4	
COPS2	1	COPS2	
PPP5C	1	PPP5C	
PDAP1	1	PDAP1	
NUP62	1	NUP62	
HCN4	1	HCN4	
FOXL2	1	FOXL2	
WASF3	1	WASF3	
EIF3L	1	EIF3L	
RPAP1	1	RPAP1	
NUCB1	1	NUCB1	
TGFBR1	1	TGFBR1	
RPL29	1	RPL29	
GNPDA1	1	GNPDA1	
TLR6	1	TLR6	
MRPL28	1	MRPL28	
SCUBE3	1	SCUBE3	
TRPM7	1	TRPM7	
RPAP3	1	RPAP3	
AIMP2	1	AIMP2	
UBE2R2	1	UBE2R2	
SF3A3	1	SF3A3	
NDUFS4	1	NDUFS4	
KDM1A	1	KDM1A	
ALDH6A1	1	ALDH6A1	
PDSS1	1	PDSS1	
ZNF43	1	ZNF43	
MRPL45	1	MRPL45	
MRE11	1	MRE11	
COX17	1	COX17	
BUD23	1	BUD23	
CHRNA7	1	CHRNA7	
CALD1	1	CALD1	
MRPL46	1	MRPL46	
IGHMBP2	1	IGHMBP2	
PCSK2	1	PCSK2	
DRG2	1	DRG2	
MRPS14	1	MRPS14	
MRPL37	1	MRPL37	
MRPL19	1	MRPL19	
MGAT2	1	MGAT2	
EIF1AD	1	EIF1AD	
PSMD2	1	PSMD2	
RPLP1	1	RPLP1	
ETHE1	1	ETHE1	
BRD8	1	BRD8	
TMPRSS9	1	TMPRSS9	
CDC40	1	CDC40	
CRNKL1	1	CRNKL1	
ISM1	1	ISM1	
AGPAT5	1	AGPAT5	
DDX1	1	DDX1	
ACTL10	1	ACTL10	
RPL15	1	RPL15	
MRPL30	1	MRPL30	
PSMB7	1	PSMB7	
PRPF8	1	PRPF8	
SC5D	1	SC5D	
SPPL3	1	SPPL3	
CCDC25	1	CCDC25	
PSMD11	1	PSMD11	
UNC13A	1	UNC13A	
RPL5	1	RPL5	
GAL3ST1	1	GAL3ST1	
NLE1	1	NLE1	
GTPBP4	1	GTPBP4	
ATF6	1	ATF6	
CUL4B	1	CUL4B	
TSR2	1	TSR2	
MRPS30	1	MRPS30	
NPY1R	1	NPY1R	
FMR1	1	FMR1	
MMS19	1	MMS19	
ADAT3	1	ADAT3	
PCYT2	1	PCYT2	
JAKMIP2	1	JAKMIP2	
PARD3	1	PARD3	
PSMC2	1	PSMC2	
ABCE1	1	ABCE1	
NOP58	1	NOP58	
MEP1A	1	MEP1A	
RACK1	1	RACK1	
RIN2	1	RIN2	
MUC22	1	MUC22	
METAP1	1	METAP1	
PRPS1	1	PRPS1	
NAA10	1	NAA10	
GRHL3	1	GRHL3	
RSPH3	1	RSPH3	
POLR2E	1	POLR2E	
FKBP2	1	FKBP2	
NOP14	1	NOP14	
SEC16B	1	SEC16B	
SNRNP40	1	SNRNP40	
UCKL1	1	UCKL1	
EIF3E	1	EIF3E	
IMP4	1	IMP4	
NOP2	1	NOP2	
