NAME	GS<br> follow link to MSigDB	GS DETAILS	SIZE	ES	NES	NOM p-val	FDR q-val	FWER p-val	RANK AT MAX	LEADING EDGE	
HALLMARK_G2M_CHECKPOINT	HALLMARK_G2M_CHECKPOINT	Details ...	18	0.5548063	1.5734609	0.02952913	0.112097204	0.10482529	234	tags=39%, list=21%, signal=48%	
HALLMARK_XENOBIOTIC_METABOLISM	HALLMARK_XENOBIOTIC_METABOLISM	Details ...	16	0.5198198	1.4462044	0.062116563	0.13531137	0.23893511	129	tags=25%, list=12%, signal=28%	
HALLMARK_E2F_TARGETS	HALLMARK_E2F_TARGETS	Details ...	30	0.34110075	1.118316	0.27385893	0.47946182	0.7767055	194	tags=30%, list=17%, signal=35%	
HALLMARK_ADIPOGENESIS	HALLMARK_ADIPOGENESIS	Details ...	16	0.36951435	1.0203711	0.42460316	0.5259573	0.8958403	207	tags=31%, list=19%, signal=38%	
HALLMARK_DNA_REPAIR	HALLMARK_DNA_REPAIR	Details ...	27	0.2992153	0.95696646	0.52388936	0.52188843	0.9470882	208	tags=37%, list=19%, signal=44%	
