NAME	GS<br> follow link to MSigDB	GS DETAILS	SIZE	ES	NES	NOM p-val	FDR q-val	FWER p-val	RANK AT MAX	LEADING EDGE	
HALLMARK_UNFOLDED_PROTEIN_RESPONSE	HALLMARK_UNFOLDED_PROTEIN_RESPONSE	Details ...	16	-0.5015464	-1.3154163	0.14069767	0.8528234	0.59567386	126	tags=25%, list=11%, signal=28%	
HALLMARK_FATTY_ACID_METABOLISM	HALLMARK_FATTY_ACID_METABOLISM	Details ...	20	-0.39172748	-1.0782708	0.35881346	1.0	0.9344426	396	tags=55%, list=36%, signal=84%	
HALLMARK_MTORC1_SIGNALING	HALLMARK_MTORC1_SIGNALING	Details ...	29	-0.28615603	-0.8664413	0.6765659	1.0	0.9956739	107	tags=17%, list=10%, signal=19%	
HALLMARK_GLYCOLYSIS	HALLMARK_GLYCOLYSIS	Details ...	21	-0.30379367	-0.8520699	0.68779343	1.0	0.997005	86	tags=14%, list=8%, signal=15%	
HALLMARK_OXIDATIVE_PHOSPHORYLATION	HALLMARK_OXIDATIVE_PHOSPHORYLATION	Details ...	47	-0.21832006	-0.7287938	0.90493506	1.0	1.0	190	tags=21%, list=17%, signal=25%	
HALLMARK_MYC_TARGETS_V1	HALLMARK_MYC_TARGETS_V1	Details ...	53	-0.19643748	-0.666303	0.96794873	1.0	1.0	204	tags=17%, list=18%, signal=20%	
HALLMARK_HEME_METABOLISM	HALLMARK_HEME_METABOLISM	Details ...	19	-0.22883712	-0.621361	0.9537935	0.9570568	1.0	307	tags=37%, list=28%, signal=50%	
