NAME	SYMBOL	TITLE	RANK IN GENE LIST	RANK METRIC SCORE	RUNNING ES	CORE ENRICHMENT	
row_0	MT-ND4L	mitochondrially encoded NADH:ubiquinone oxidoreductase core subunit 4L [Source:HGNC Symbol;Acc:HGNC:7460]	0	0.09397636353969574	0.029155647	Yes	
row_1	MT-CO1	mitochondrially encoded cytochrome c oxidase I [Source:HGNC Symbol;Acc:HGNC:7419]	1	-0.02200084552168846	0.03598129	Yes	
row_2	MT-ND3	mitochondrially encoded NADH:ubiquinone oxidoreductase core subunit 3 [Source:HGNC Symbol;Acc:HGNC:7458]	2	-0.09479109197854996	0.0653897	Yes	
row_3	MT-CO2	mitochondrially encoded cytochrome c oxidase II [Source:HGNC Symbol;Acc:HGNC:7421]	3	-0.1006234735250473	0.09660758	Yes	
row_4	MT-ND1	mitochondrially encoded NADH:ubiquinone oxidoreductase core subunit 1 [Source:HGNC Symbol;Acc:HGNC:7455]	4	-0.1505490243434906	0.14331459	Yes	
row_5	MT-ND2	mitochondrially encoded NADH:ubiquinone oxidoreductase core subunit 2 [Source:HGNC Symbol;Acc:HGNC:7456]	5	-0.22731374204158783	0.21383741	Yes	
row_6	MT-CO3	mitochondrially encoded cytochrome c oxidase III [Source:HGNC Symbol;Acc:HGNC:7422]	6	-0.289124995470047	0.30353683	Yes	
row_7	MT-ATP6	mitochondrially encoded ATP synthase membrane subunit 6 [Source:HGNC Symbol;Acc:HGNC:7414]	7	-0.3032238483428955	0.39761037	Yes	
row_8	MT-ND4	mitochondrially encoded NADH:ubiquinone oxidoreductase core subunit 4 [Source:HGNC Symbol;Acc:HGNC:7459]	8	-0.31461814045906067	0.4952189	Yes	
row_9	MT-ND6	mitochondrially encoded NADH:ubiquinone oxidoreductase core subunit 6 [Source:HGNC Symbol;Acc:HGNC:7462]	9	-0.40688300132751465	0.6214521	Yes	
row_10	MT-ND5	mitochondrially encoded NADH:ubiquinone oxidoreductase core subunit 5 [Source:HGNC Symbol;Acc:HGNC:7461]	10	-0.5098203420639038	0.77962106	Yes	
row_11	MT-ATP8	mitochondrially encoded ATP synthase membrane subunit 8 [Source:HGNC Symbol;Acc:HGNC:7415]	11	-0.7103399038314819	1.0000001	Yes	
