,MaternalPop,SeMetDose,type
SRR6853319,Old,0,paired-end
SRR6853320,Old,408,paired-end
SRR6853321,Old,408,paired-end
SRR6853322,Old,102,paired-end
SRR6853323,Old,408,paired-end
SRR6853324,Old,102,paired-end
SRR6853325,Old,102,paired-end
SRR6853326,Old,0,paired-end
SRR6853327,Young,102,paired-end
SRR6853328,Young,0,paired-end
SRR6853329,Young,408,paired-end
SRR6853330,Young,102,paired-end
SRR6853331,Young,0,paired-end
SRR6853332,Young,408,paired-end
SRR6853333,Young,102,paired-end
SRR6853334,Young,0,paired-end
SRR6853335,Old,0,paired-end
SRR6853336,Young,408,paired-end