NAME	GS<br> follow link to MSigDB	GS DETAILS	SIZE	ES	NES	NOM p-val	FDR q-val	FWER p-val	RANK AT MAX	LEADING EDGE	
HALLMARK_E2F_TARGETS	HALLMARK_E2F_TARGETS	Details ...	30	-0.504052	-1.5163952	0.028061224	0.25200394	0.17903495	256	tags=47%, list=23%, signal=59%	
HALLMARK_DNA_REPAIR	HALLMARK_DNA_REPAIR	Details ...	27	-0.47850138	-1.3911841	0.071243525	0.3146246	0.39168054	139	tags=33%, list=12%, signal=37%	
HALLMARK_MTORC1_SIGNALING	HALLMARK_MTORC1_SIGNALING	Details ...	29	-0.35668993	-1.0623177	0.36393228	0.990938	0.918802	120	tags=21%, list=11%, signal=23%	
HALLMARK_XENOBIOTIC_METABOLISM	HALLMARK_XENOBIOTIC_METABOLISM	Details ...	16	-0.3742289	-0.962412	0.5075908	1.0	0.97271216	36	tags=13%, list=3%, signal=13%	
HALLMARK_HEME_METABOLISM	HALLMARK_HEME_METABOLISM	Details ...	19	-0.33319485	-0.8976064	0.5997375	0.9892129	0.98868555	213	tags=42%, list=19%, signal=51%	
HALLMARK_G2M_CHECKPOINT	HALLMARK_G2M_CHECKPOINT	Details ...	18	-0.31600592	-0.83336526	0.69256306	0.96297693	0.9956739	223	tags=28%, list=20%, signal=34%	
HALLMARK_MYC_TARGETS_V1	HALLMARK_MYC_TARGETS_V1	Details ...	53	-0.1848135	-0.6245112	0.9877892	1.0	1.0	274	tags=21%, list=25%, signal=26%	
HALLMARK_GLYCOLYSIS	HALLMARK_GLYCOLYSIS	Details ...	21	-0.21682471	-0.59899867	0.97117794	0.9687297	1.0	397	tags=48%, list=36%, signal=73%	
