NAME	GS<br> follow link to MSigDB	GS DETAILS	SIZE	ES	NES	NOM p-val	FDR q-val	FWER p-val	RANK AT MAX	LEADING EDGE	
HALLMARK_UNFOLDED_PROTEIN_RESPONSE	HALLMARK_UNFOLDED_PROTEIN_RESPONSE	Details ...	16	0.52021426	1.3340114	0.12749828	0.43463647	0.48386022	133	tags=31%, list=12%, signal=35%	
HALLMARK_FATTY_ACID_METABOLISM	HALLMARK_FATTY_ACID_METABOLISM	Details ...	20	0.47659373	1.3124121	0.12818746	0.24306922	0.5227953	283	tags=40%, list=25%, signal=53%	
HALLMARK_ADIPOGENESIS	HALLMARK_ADIPOGENESIS	Details ...	16	0.38115215	0.9918029	0.46366084	0.626412	0.9560732	206	tags=25%, list=18%, signal=30%	
HALLMARK_OXIDATIVE_PHOSPHORYLATION	HALLMARK_OXIDATIVE_PHOSPHORYLATION	Details ...	47	0.24442297	0.81824577	0.8036437	0.74766463	0.997005	206	tags=19%, list=18%, signal=22%	
