NAME	TITLE	SCORE	
MRPS6	mitochondrial ribosomal protein S6 [Source:HGNC Symbol;Acc:HGNC:14051]	2.4467013	
WDR17	WD repeat domain 17 [Source:HGNC Symbol;Acc:HGNC:16661]	1.6153117	
FGFR3	fibroblast growth factor receptor 3 [Source:HGNC Symbol;Acc:HGNC:3690]	1.6063858	
IMP4	IMP U3 small nucleolar ribonucleoprotein 4 [Source:HGNC Symbol;Acc:HGNC:30856]	1.4566089	
UCKL1	uridine-cytidine kinase 1 like 1 [Source:HGNC Symbol;Acc:HGNC:15938]	1.4478072	
NPY1R	neuropeptide Y receptor Y1 [Source:HGNC Symbol;Acc:HGNC:7956]	1.4124172	
XPNPEP2	X-prolyl aminopeptidase 2 [Source:HGNC Symbol;Acc:HGNC:12823]	1.3868408	
CHRNA7	cholinergic receptor nicotinic alpha 7 subunit [Source:HGNC Symbol;Acc:HGNC:1960]	1.2897134	
RPAP1	RNA polymerase II associated protein 1 [Source:HGNC Symbol;Acc:HGNC:24567]	1.2736868	
PNPT1	polyribonucleotide nucleotidyltransferase 1 [Source:HGNC Symbol;Acc:HGNC:23166]	1.2602197	
NEIL1	nei like DNA glycosylase 1 [Source:HGNC Symbol;Acc:HGNC:18448]	1.223153	
NOP14	NOP14 nucleolar protein [Source:HGNC Symbol;Acc:HGNC:16821]	1.2091706	
UNC13A	unc-13 homolog A [Source:HGNC Symbol;Acc:HGNC:23150]	1.1716539	
MRPL15	mitochondrial ribosomal protein L15 [Source:HGNC Symbol;Acc:HGNC:14054]	1.1682354	
ATF6	activating transcription factor 6 [Source:HGNC Symbol;Acc:HGNC:791]	1.1522558	
TRUB1	TruB pseudouridine synthase family member 1 [Source:HGNC Symbol;Acc:HGNC:16060]	1.1398932	
ALDH1L1	aldehyde dehydrogenase 1 family member L1 [Source:HGNC Symbol;Acc:HGNC:3978]	1.1247171	
SC5D	sterol-C5-desaturase [Source:HGNC Symbol;Acc:HGNC:10547]	1.1072226	
INTS11	integrator complex subunit 11 [Source:HGNC Symbol;Acc:HGNC:26052]	1.0836887	
FUT7	fucosyltransferase 7 [Source:HGNC Symbol;Acc:HGNC:4018]	1.0342996	
GRHL3	grainyhead like transcription factor 3 [Source:HGNC Symbol;Acc:HGNC:25839]	0.96927714	
RSPH3	radial spoke head 3 [Source:HGNC Symbol;Acc:HGNC:21054]	0.94728714	
FKBP2	FKBP prolyl isomerase 2 [Source:HGNC Symbol;Acc:HGNC:3718]	0.94298995	
CERS3	ceramide synthase 3 [Source:HGNC Symbol;Acc:HGNC:23752]	0.94277644	
CHURC1	churchill domain containing 1 [Source:HGNC Symbol;Acc:HGNC:20099]	0.9352214	
KDM1A	lysine demethylase 1A [Source:HGNC Symbol;Acc:HGNC:29079]	0.92605966	
NOP58	NOP58 ribonucleoprotein [Source:HGNC Symbol;Acc:HGNC:29926]	0.9140485	
SIK2	salt inducible kinase 2 [Source:HGNC Symbol;Acc:HGNC:21680]	0.89934707	
SCUBE3	signal peptide, CUB domain and EGF like domain containing 3 [Source:HGNC Symbol;Acc:HGNC:13655]	0.8810141	
PNO1	partner of NOB1 homolog [Source:HGNC Symbol;Acc:HGNC:32790]	0.8668065	
RIN2	Ras and Rab interactor 2 [Source:HGNC Symbol;Acc:HGNC:18750]	0.8575424	
UBE2T	ubiquitin conjugating enzyme E2 T [Source:HGNC Symbol;Acc:HGNC:25009]	0.85308987	
DRG2	developmentally regulated GTP binding protein 2 [Source:HGNC Symbol;Acc:HGNC:3030]	0.82539946	
NIP7	nucleolar pre-rRNA processing protein NIP7 [Source:HGNC Symbol;Acc:HGNC:24328]	0.8107078	
RAP1B	RAP1B, member of RAS oncogene family [Source:HGNC Symbol;Acc:HGNC:9857]	0.80535436	
POLR2C	RNA polymerase II subunit C [Source:HGNC Symbol;Acc:HGNC:9189]	0.80437595	
TMPRSS4	transmembrane serine protease 4 [Source:HGNC Symbol;Acc:HGNC:11878]	0.7818898	
SSBP3	single stranded DNA binding protein 3 [Source:HGNC Symbol;Acc:HGNC:15674]	0.77969205	
PCYT2	phosphate cytidylyltransferase 2, ethanolamine [Source:HGNC Symbol;Acc:HGNC:8756]	0.77361387	
TRAP1	TNF receptor associated protein 1 [Source:HGNC Symbol;Acc:HGNC:16264]	0.7722025	
BUB3	BUB3 mitotic checkpoint protein [Source:HGNC Symbol;Acc:HGNC:1151]	0.7664217	
ALDH1A1	aldehyde dehydrogenase 1 family member A1 [Source:HGNC Symbol;Acc:HGNC:402]	0.7648659	
BRD8	bromodomain containing 8 [Source:HGNC Symbol;Acc:HGNC:19874]	0.75541246	
MED4	mediator complex subunit 4 [Source:HGNC Symbol;Acc:HGNC:17903]	0.74993366	
SNRNP40	small nuclear ribonucleoprotein U5 subunit 40 [Source:HGNC Symbol;Acc:HGNC:30857]	0.7396329	
MYO1A	myosin IA [Source:HGNC Symbol;Acc:HGNC:7595]	0.7379271	
COG3	component of oligomeric golgi complex 3 [Source:HGNC Symbol;Acc:HGNC:18619]	0.7317881	
SF3A2	splicing factor 3a subunit 2 [Source:HGNC Symbol;Acc:HGNC:10766]	0.7157382	
PNPLA4	patatin like phospholipase domain containing 4 [Source:HGNC Symbol;Acc:HGNC:24887]	0.7031264	
CDC40	cell division cycle 40 [Source:HGNC Symbol;Acc:HGNC:17350]	0.6989464	
NOP2	NOP2 nucleolar protein [Source:HGNC Symbol;Acc:HGNC:7867]	0.69830483	
PRODH2	proline dehydrogenase 2 [Source:HGNC Symbol;Acc:HGNC:17325]	0.6939254	
GPR83	G protein-coupled receptor 83 [Source:HGNC Symbol;Acc:HGNC:4523]	0.6850188	
RGS9BP	regulator of G protein signaling 9 binding protein [Source:HGNC Symbol;Acc:HGNC:30304]	0.67376417	
VAMP3	vesicle associated membrane protein 3 [Source:HGNC Symbol;Acc:HGNC:12644]	0.65624535	
HCN2	hyperpolarization activated cyclic nucleotide gated potassium and sodium channel 2 [Source:HGNC Symbol;Acc:HGNC:4846]	0.65576285	
CELF3	CUGBP Elav-like family member 3 [Source:HGNC Symbol;Acc:HGNC:11967]	0.6539425	
ALDH8A1	aldehyde dehydrogenase 8 family member A1 [Source:HGNC Symbol;Acc:HGNC:15471]	0.643774	
LIX1L	limb and CNS expressed 1 like [Source:HGNC Symbol;Acc:HGNC:28715]	0.6255736	
ATE1	arginyltransferase 1 [Source:HGNC Symbol;Acc:HGNC:782]	0.62511784	
HCN4	hyperpolarization activated cyclic nucleotide gated potassium channel 4 [Source:HGNC Symbol;Acc:HGNC:16882]	0.61776984	
POLR2E	RNA polymerase II, I and III subunit E [Source:HGNC Symbol;Acc:HGNC:9192]	0.61462325	
MAP2K3	mitogen-activated protein kinase kinase 3 [Source:HGNC Symbol;Acc:HGNC:6843]	0.6045943	
AIMP2	aminoacyl tRNA synthetase complex interacting multifunctional protein 2 [Source:HGNC Symbol;Acc:HGNC:20609]	0.6025384	
TC2N	tandem C2 domains, nuclear [Source:HGNC Symbol;Acc:HGNC:19859]	0.5986828	
GTPBP4	GTP binding protein 4 [Source:HGNC Symbol;Acc:HGNC:21535]	0.59647006	
RAB4B	RAB4B, member RAS oncogene family [Source:HGNC Symbol;Acc:HGNC:9782]	0.5951065	
SOX14	SRY-box transcription factor 14 [Source:HGNC Symbol;Acc:HGNC:11193]	0.5943613	
IMP3	IMP U3 small nucleolar ribonucleoprotein 3 [Source:HGNC Symbol;Acc:HGNC:14497]	0.5903412	
ETHE1	ETHE1 persulfide dioxygenase [Source:HGNC Symbol;Acc:HGNC:23287]	0.58969367	
EIF1AD	eukaryotic translation initiation factor 1A domain containing [Source:HGNC Symbol;Acc:HGNC:28147]	0.586392	
FBP1	fructose-bisphosphatase 1 [Source:HGNC Symbol;Acc:HGNC:3606]	0.5839851	
MRPS14	mitochondrial ribosomal protein S14 [Source:HGNC Symbol;Acc:HGNC:14049]	0.58266586	
STOML2	stomatin like 2 [Source:HGNC Symbol;Acc:HGNC:14559]	0.5798227	
ELP3	elongator acetyltransferase complex subunit 3 [Source:HGNC Symbol;Acc:HGNC:20696]	0.5683539	
UXS1	UDP-glucuronate decarboxylase 1 [Source:HGNC Symbol;Acc:HGNC:17729]	0.56485325	
MRPL16	mitochondrial ribosomal protein L16 [Source:HGNC Symbol;Acc:HGNC:14476]	0.5646457	
PDE12	phosphodiesterase 12 [Source:HGNC Symbol;Acc:HGNC:25386]	0.56384325	
DUSP8	dual specificity phosphatase 8 [Source:HGNC Symbol;Acc:HGNC:3074]	0.558823	
PARD3	par-3 family cell polarity regulator [Source:HGNC Symbol;Acc:HGNC:16051]	0.54808277	
CRIP1	cysteine rich protein 1 [Source:HGNC Symbol;Acc:HGNC:2360]	0.5433219	
RAB37	RAB37, member RAS oncogene family [Source:HGNC Symbol;Acc:HGNC:30268]	0.54308397	
ACTL10	actin like 10 [Source:HGNC Symbol;Acc:HGNC:16127]	0.54067904	
SF3B4	splicing factor 3b subunit 4 [Source:HGNC Symbol;Acc:HGNC:10771]	0.53641075	
SF3A3	splicing factor 3a subunit 3 [Source:HGNC Symbol;Acc:HGNC:10767]	0.53111774	
MUS81	MUS81 structure-specific endonuclease subunit [Source:HGNC Symbol;Acc:HGNC:29814]	0.5236744	
MRPL46	mitochondrial ribosomal protein L46 [Source:HGNC Symbol;Acc:HGNC:1192]	0.517154	
AGO3	argonaute RISC catalytic component 3 [Source:HGNC Symbol;Acc:HGNC:18421]	0.51505846	
MEP1A	meprin A subunit alpha [Source:HGNC Symbol;Acc:HGNC:7015]	0.5110398	
PPP1CB	protein phosphatase 1 catalytic subunit beta [Source:HGNC Symbol;Acc:HGNC:9282]	0.5090978	
MRPS18B	mitochondrial ribosomal protein S18B [Source:HGNC Symbol;Acc:HGNC:14516]	0.5075861	
IST1	IST1 factor associated with ESCRT-III [Source:HGNC Symbol;Acc:HGNC:28977]	0.50703806	
SYT4	synaptotagmin 4 [Source:HGNC Symbol;Acc:HGNC:11512]	0.50574046	
DIMT1	DIM1 rRNA methyltransferase and ribosome maturation factor [Source:HGNC Symbol;Acc:HGNC:30217]	0.5054056	
MRPS30	mitochondrial ribosomal protein S30 [Source:HGNC Symbol;Acc:HGNC:8769]	0.50177765	
METAP1	methionyl aminopeptidase 1 [Source:HGNC Symbol;Acc:HGNC:15789]	0.49480924	
MLST8	MTOR associated protein, LST8 homolog [Source:HGNC Symbol;Acc:HGNC:24825]	0.49387133	
EFHD2	EF-hand domain family member D2 [Source:HGNC Symbol;Acc:HGNC:28670]	0.49345872	
TSR2	TSR2 ribosome maturation factor [Source:HGNC Symbol;Acc:HGNC:25455]	0.492804	
MRPL28	mitochondrial ribosomal protein L28 [Source:HGNC Symbol;Acc:HGNC:14484]	0.49168617	
METTL6	methyltransferase 6, methylcytidine [Source:HGNC Symbol;Acc:HGNC:28343]	0.48838583	
SUCLA2	succinate-CoA ligase ADP-forming subunit beta [Source:HGNC Symbol;Acc:HGNC:11448]	0.4815013	
ARF4	ADP ribosylation factor 4 [Source:HGNC Symbol;Acc:HGNC:655]	0.47920862	
DDX18	DEAD-box helicase 18 [Source:HGNC Symbol;Acc:HGNC:2741]	0.47846305	
ZNF43	zinc finger protein 43 [Source:HGNC Symbol;Acc:HGNC:13109]	0.47790068	
ALDH6A1	aldehyde dehydrogenase 6 family member A1 [Source:HGNC Symbol;Acc:HGNC:7179]	0.47417292	
MICALL2	MICAL like 2 [Source:HGNC Symbol;Acc:HGNC:29672]	0.473223	
FOXL1	forkhead box L1 [Source:HGNC Symbol;Acc:HGNC:3817]	0.46589077	
SF3B2	splicing factor 3b subunit 2 [Source:HGNC Symbol;Acc:HGNC:10769]	0.45778832	
TRAFD1	TRAF-type zinc finger domain containing 1 [Source:HGNC Symbol;Acc:HGNC:24808]	0.45661077	
ABCD3	ATP binding cassette subfamily D member 3 [Source:HGNC Symbol;Acc:HGNC:67]	0.4519894	
MRPL45	mitochondrial ribosomal protein L45 [Source:HGNC Symbol;Acc:HGNC:16651]	0.4491747	
TLN2	talin 2 [Source:HGNC Symbol;Acc:HGNC:15447]	0.4475645	
COPS4	COP9 signalosome subunit 4 [Source:HGNC Symbol;Acc:HGNC:16702]	0.4439774	
CLCA4	chloride channel accessory 4 [Source:HGNC Symbol;Acc:HGNC:2018]	0.44131145	
EIF3L	eukaryotic translation initiation factor 3 subunit L [Source:HGNC Symbol;Acc:HGNC:18138]	0.4400323	
NPR1	natriuretic peptide receptor 1 [Source:HGNC Symbol;Acc:HGNC:7943]	0.43924373	
SRP14	signal recognition particle 14 [Source:HGNC Symbol;Acc:HGNC:11299]	0.4375555	
EIF4A2	eukaryotic translation initiation factor 4A2 [Source:HGNC Symbol;Acc:HGNC:3284]	0.4356539	
CHMP2A	charged multivesicular body protein 2A [Source:HGNC Symbol;Acc:HGNC:30216]	0.4343505	
GAL3ST1	galactose-3-O-sulfotransferase 1 [Source:HGNC Symbol;Acc:HGNC:24240]	0.43397117	
UBL3	ubiquitin like 3 [Source:HGNC Symbol;Acc:HGNC:12504]	0.43220878	
TM9SF2	transmembrane 9 superfamily member 2 [Source:HGNC Symbol;Acc:HGNC:11865]	0.43211913	
RAE1	ribonucleic acid export 1 [Source:HGNC Symbol;Acc:HGNC:9828]	0.42569762	
NAA10	N-alpha-acetyltransferase 10, NatA catalytic subunit [Source:HGNC Symbol;Acc:HGNC:18704]	0.4206373	
BCS1L	BCS1 homolog, ubiquinol-cytochrome c reductase complex chaperone [Source:HGNC Symbol;Acc:HGNC:1020]	0.419713	
SMU1	SMU1 DNA replication regulator and spliceosomal factor [Source:HGNC Symbol;Acc:HGNC:18247]	0.41963357	
DMRT2	doublesex and mab-3 related transcription factor 2 [Source:HGNC Symbol;Acc:HGNC:2935]	0.4189453	
PCSK2	proprotein convertase subtilisin/kexin type 2 [Source:HGNC Symbol;Acc:HGNC:8744]	0.4184787	
RBM8A	RNA binding motif protein 8A [Source:HGNC Symbol;Acc:HGNC:9905]	0.41606274	
SNX6	sorting nexin 6 [Source:HGNC Symbol;Acc:HGNC:14970]	0.41337964	
NOP10	NOP10 ribonucleoprotein [Source:HGNC Symbol;Acc:HGNC:14378]	0.41259506	
PSMD3	proteasome 26S subunit, non-ATPase 3 [Source:HGNC Symbol;Acc:HGNC:9560]	0.41042483	
HSPA9	heat shock protein family A (Hsp70) member 9 [Source:HGNC Symbol;Acc:HGNC:5244]	0.4084086	
FOXB2	forkhead box B2 [Source:HGNC Symbol;Acc:HGNC:23315]	0.407039	
YPEL5	yippee like 5 [Source:HGNC Symbol;Acc:HGNC:18329]	0.4044418	
XRN2	5'-3' exoribonuclease 2 [Source:HGNC Symbol;Acc:HGNC:12836]	0.40378532	
MRPL30	mitochondrial ribosomal protein L30 [Source:HGNC Symbol;Acc:HGNC:14036]	0.40333357	
ABCE1	ATP binding cassette subfamily E member 1 [Source:HGNC Symbol;Acc:HGNC:69]	0.39896744	
JAKMIP2	janus kinase and microtubule interacting protein 2 [Source:HGNC Symbol;Acc:HGNC:29067]	0.39610058	
MAP3K4	mitogen-activated protein kinase kinase kinase 4 [Source:HGNC Symbol;Acc:HGNC:6856]	0.39204034	
EIF6	eukaryotic translation initiation factor 6 [Source:HGNC Symbol;Acc:HGNC:6159]	0.38799724	
CRNKL1	crooked neck pre-mRNA splicing factor 1 [Source:HGNC Symbol;Acc:HGNC:15762]	0.3866864	
DPH5	diphthamide biosynthesis 5 [Source:HGNC Symbol;Acc:HGNC:24270]	0.38606724	
TLR6	toll like receptor 6 [Source:HGNC Symbol;Acc:HGNC:16711]	0.38303477	
UNC5B	unc-5 netrin receptor B [Source:HGNC Symbol;Acc:HGNC:12568]	0.3764811	
GLOD4	glyoxalase domain containing 4 [Source:HGNC Symbol;Acc:HGNC:14111]	0.37404847	
OGFOD2	2-oxoglutarate and iron dependent oxygenase domain containing 2 [Source:HGNC Symbol;Acc:HGNC:25823]	0.37403607	
WNT7B	Wnt family member 7B [Source:HGNC Symbol;Acc:HGNC:12787]	0.37360647	
MRPS2	mitochondrial ribosomal protein S2 [Source:HGNC Symbol;Acc:HGNC:14495]	0.37316728	
ISM1	isthmin 1 [Source:HGNC Symbol;Acc:HGNC:16213]	0.37307975	
GRAMD1A	GRAM domain containing 1A [Source:HGNC Symbol;Acc:HGNC:29305]	0.37238613	
TFAP2E	transcription factor AP-2 epsilon [Source:HGNC Symbol;Acc:HGNC:30774]	0.37136596	
PSMC2	proteasome 26S subunit, ATPase 2 [Source:HGNC Symbol;Acc:HGNC:9548]	0.37098148	
MRPL48	mitochondrial ribosomal protein L48 [Source:HGNC Symbol;Acc:HGNC:16653]	0.3697358	
SREK1	splicing regulatory glutamic acid and lysine rich protein 1 [Source:HGNC Symbol;Acc:HGNC:17882]	0.36690766	
SPPL3	signal peptide peptidase like 3 [Source:HGNC Symbol;Acc:HGNC:30424]	0.3645876	
CLCC1	chloride channel CLIC like 1 [Source:HGNC Symbol;Acc:HGNC:29675]	0.36141258	
FANCD2	FA complementation group D2 [Source:HGNC Symbol;Acc:HGNC:3585]	0.3560906	
DNAJC4	DnaJ heat shock protein family (Hsp40) member C4 [Source:HGNC Symbol;Acc:HGNC:5271]	0.35501686	
GGT7	gamma-glutamyltransferase 7 [Source:HGNC Symbol;Acc:HGNC:4259]	0.35325885	
CDK8	cyclin dependent kinase 8 [Source:HGNC Symbol;Acc:HGNC:1779]	0.35279334	
MUC22	mucin 22 [Source:HGNC Symbol;Acc:HGNC:39755]	0.35069203	
NUP62	nucleoporin 62 [Source:HGNC Symbol;Acc:HGNC:8066]	0.34640133	
NOX5	NADPH oxidase 5 [Source:HGNC Symbol;Acc:HGNC:14874]	0.34625784	
MRPL3	mitochondrial ribosomal protein L3 [Source:HGNC Symbol;Acc:HGNC:10379]	0.34165043	
PCID2	PCI domain containing 2 [Source:HGNC Symbol;Acc:HGNC:25653]	0.340702	
CNOT7	CCR4-NOT transcription complex subunit 7 [Source:HGNC Symbol;Acc:HGNC:14101]	0.33957773	
CIAO1	cytosolic iron-sulfur assembly component 1 [Source:HGNC Symbol;Acc:HGNC:14280]	0.33618596	
ORC5	origin recognition complex subunit 5 [Source:HGNC Symbol;Acc:HGNC:8491]	0.33593723	
GPD2	glycerol-3-phosphate dehydrogenase 2 [Source:HGNC Symbol;Acc:HGNC:4456]	0.33554837	
FLI1	Fli-1 proto-oncogene, ETS transcription factor [Source:HGNC Symbol;Acc:HGNC:3749]	0.33500272	
KCNMA1	potassium calcium-activated channel subfamily M alpha 1 [Source:HGNC Symbol;Acc:HGNC:6284]	0.33341455	
MKNK2	MAPK interacting serine/threonine kinase 2 [Source:HGNC Symbol;Acc:HGNC:7111]	0.33203554	
RPN2	ribophorin II [Source:HGNC Symbol;Acc:HGNC:10382]	0.32938486	
USP39	ubiquitin specific peptidase 39 [Source:HGNC Symbol;Acc:HGNC:20071]	0.32769254	
NMD3	NMD3 ribosome export adaptor [Source:HGNC Symbol;Acc:HGNC:24250]	0.32768986	
LCLAT1	lysocardiolipin acyltransferase 1 [Source:HGNC Symbol;Acc:HGNC:26756]	0.32729328	
DDX17	DEAD-box helicase 17 [Source:HGNC Symbol;Acc:HGNC:2740]	0.3268718	
TRAPPC5	trafficking protein particle complex subunit 5 [Source:HGNC Symbol;Acc:HGNC:23067]	0.32606974	
MCCC2	methylcrotonyl-CoA carboxylase subunit 2 [Source:HGNC Symbol;Acc:HGNC:6937]	0.32268113	
PSMA1	proteasome 20S subunit alpha 1 [Source:HGNC Symbol;Acc:HGNC:9530]	0.32117435	
MMS19	MMS19 homolog, cytosolic iron-sulfur assembly component [Source:HGNC Symbol;Acc:HGNC:13824]	0.31930745	
AFG3L2	AFG3 like matrix AAA peptidase subunit 2 [Source:HGNC Symbol;Acc:HGNC:315]	0.3189781	
DMAP1	DNA methyltransferase 1 associated protein 1 [Source:HGNC Symbol;Acc:HGNC:18291]	0.31576177	
SRP68	signal recognition particle 68 [Source:HGNC Symbol;Acc:HGNC:11302]	0.31490648	
MRPL21	mitochondrial ribosomal protein L21 [Source:HGNC Symbol;Acc:HGNC:14479]	0.31374627	
COX17	cytochrome c oxidase copper chaperone COX17 [Source:HGNC Symbol;Acc:HGNC:2264]	0.3133629	
G6PD	glucose-6-phosphate dehydrogenase [Source:HGNC Symbol;Acc:HGNC:4057]	0.31288612	
MTHFD1	methylenetetrahydrofolate dehydrogenase, cyclohydrolase and formyltetrahydrofolate synthetase 1 [Source:HGNC Symbol;Acc:HGNC:7432]	0.31118596	
ARF6	ADP ribosylation factor 6 [Source:HGNC Symbol;Acc:HGNC:659]	0.30837634	
ERLIN1	ER lipid raft associated 1 [Source:HGNC Symbol;Acc:HGNC:16947]	0.3076192	
SIRT4	sirtuin 4 [Source:HGNC Symbol;Acc:HGNC:14932]	0.3049616	
MTUS2	microtubule associated scaffold protein 2 [Source:HGNC Symbol;Acc:HGNC:20595]	0.30359012	
GUF1	GTP binding elongation factor GUF1 [Source:HGNC Symbol;Acc:HGNC:25799]	0.30338514	
OXCT1	3-oxoacid CoA-transferase 1 [Source:HGNC Symbol;Acc:HGNC:8527]	0.30267218	
UGP2	UDP-glucose pyrophosphorylase 2 [Source:HGNC Symbol;Acc:HGNC:12527]	0.29956907	
ADAT3	adenosine deaminase tRNA specific 3 [Source:HGNC Symbol;Acc:HGNC:25151]	0.29946423	
ECH1	enoyl-CoA hydratase 1 [Source:HGNC Symbol;Acc:HGNC:3149]	0.29891792	
RPL38	ribosomal protein L38 [Source:HGNC Symbol;Acc:HGNC:10349]	0.29803213	
DDX1	DEAD-box helicase 1 [Source:HGNC Symbol;Acc:HGNC:2734]	0.29733875	
NCAM1	neural cell adhesion molecule 1 [Source:HGNC Symbol;Acc:HGNC:7656]	0.29692882	
STOML1	stomatin like 1 [Source:HGNC Symbol;Acc:HGNC:14560]	0.2946602	
GNPDA1	glucosamine-6-phosphate deaminase 1 [Source:HGNC Symbol;Acc:HGNC:4417]	0.29281634	
NLE1	notchless homolog 1 [Source:HGNC Symbol;Acc:HGNC:19889]	0.29280686	
SMARCE1	SWI/SNF related, matrix associated, actin dependent regulator of chromatin, subfamily e, member 1 [Source:HGNC Symbol;Acc:HGNC:11109]	0.28881767	
ACO2	aconitase 2 [Source:HGNC Symbol;Acc:HGNC:118]	0.28750116	
MAPRE1	microtubule associated protein RP/EB family member 1 [Source:HGNC Symbol;Acc:HGNC:6890]	0.28309667	
PRPF6	pre-mRNA processing factor 6 [Source:HGNC Symbol;Acc:HGNC:15860]	0.28139818	
MNS1	meiosis specific nuclear structural 1 [Source:HGNC Symbol;Acc:HGNC:29636]	0.2813852	
CCND2	cyclin D2 [Source:HGNC Symbol;Acc:HGNC:1583]	0.2804789	
POLDIP2	DNA polymerase delta interacting protein 2 [Source:HGNC Symbol;Acc:HGNC:23781]	0.27964574	
RAB39A	RAB39A, member RAS oncogene family [Source:HGNC Symbol;Acc:HGNC:16521]	0.27825877	
SLC6A3	solute carrier family 6 member 3 [Source:HGNC Symbol;Acc:HGNC:11049]	0.27687758	
TAF11	TATA-box binding protein associated factor 11 [Source:HGNC Symbol;Acc:HGNC:11544]	0.27516082	
RAB44	RAB44, member RAS oncogene family [Source:HGNC Symbol;Acc:HGNC:21068]	0.2717874	
WDR82	WD repeat domain 82 [Source:HGNC Symbol;Acc:HGNC:28826]	0.26953572	
METTL9	methyltransferase like 9 [Source:HGNC Symbol;Acc:HGNC:24586]	0.2693711	
PRPF8	pre-mRNA processing factor 8 [Source:HGNC Symbol;Acc:HGNC:17340]	0.26757362	
NFS1	NFS1 cysteine desulfurase [Source:HGNC Symbol;Acc:HGNC:15910]	0.26722214	
UBA2	ubiquitin like modifier activating enzyme 2 [Source:HGNC Symbol;Acc:HGNC:30661]	0.26542404	
AP3M1	adaptor related protein complex 3 subunit mu 1 [Source:HGNC Symbol;Acc:HGNC:569]	0.2637398	
ARRB2	arrestin beta 2 [Source:HGNC Symbol;Acc:HGNC:712]	0.26318735	
CDK7	cyclin dependent kinase 7 [Source:HGNC Symbol;Acc:HGNC:1778]	0.26192778	
PAIP2	poly(A) binding protein interacting protein 2 [Source:HGNC Symbol;Acc:HGNC:17970]	0.2618787	
KIF3A	kinesin family member 3A [Source:HGNC Symbol;Acc:HGNC:6319]	0.25900948	
EIF4G1	eukaryotic translation initiation factor 4 gamma 1 [Source:HGNC Symbol;Acc:HGNC:3296]	0.25899613	
RAD51B	RAD51 paralog B [Source:HGNC Symbol;Acc:HGNC:9822]	0.25057092	
ANP32A	acidic nuclear phosphoprotein 32 family member A [Source:HGNC Symbol;Acc:HGNC:13233]	0.24982518	
NSMCE1	NSE1 homolog, SMC5-SMC6 complex component [Source:HGNC Symbol;Acc:HGNC:29897]	0.24915428	
NUCB1	nucleobindin 1 [Source:HGNC Symbol;Acc:HGNC:8043]	0.24900348	
MOCS1	molybdenum cofactor synthesis 1 [Source:HGNC Symbol;Acc:HGNC:7190]	0.24771237	
FMR1	fragile X messenger ribonucleoprotein 1 [Source:HGNC Symbol;Acc:HGNC:3775]	0.2470685	
WASF3	WASP family member 3 [Source:HGNC Symbol;Acc:HGNC:12734]	0.24657483	
PHLDB2	pleckstrin homology like domain family B member 2 [Source:HGNC Symbol;Acc:HGNC:29573]	0.24600607	
ARL5B	ADP ribosylation factor like GTPase 5B [Source:HGNC Symbol;Acc:HGNC:23052]	0.24574229	
UBE2R2	ubiquitin conjugating enzyme E2 R2 [Source:HGNC Symbol;Acc:HGNC:19907]	0.24425155	
MRPL47	mitochondrial ribosomal protein L47 [Source:HGNC Symbol;Acc:HGNC:16652]	0.2422743	
RAD21	RAD21 cohesin complex component [Source:HGNC Symbol;Acc:HGNC:9811]	0.24019437	
TAF7	TATA-box binding protein associated factor 7 [Source:HGNC Symbol;Acc:HGNC:11541]	0.23848082	
SCFD1	sec1 family domain containing 1 [Source:HGNC Symbol;Acc:HGNC:20726]	0.2384759	
ZSWIM7	zinc finger SWIM-type containing 7 [Source:HGNC Symbol;Acc:HGNC:26993]	0.23812	
SGSM3	small G protein signaling modulator 3 [Source:HGNC Symbol;Acc:HGNC:25228]	0.23726441	
NDUFS4	NADH:ubiquinone oxidoreductase subunit S4 [Source:HGNC Symbol;Acc:HGNC:7711]	0.23475693	
MRPL24	mitochondrial ribosomal protein L24 [Source:HGNC Symbol;Acc:HGNC:14037]	0.23372188	
USP14	ubiquitin specific peptidase 14 [Source:HGNC Symbol;Acc:HGNC:12612]	0.22943921	
CDK1	cyclin dependent kinase 1 [Source:HGNC Symbol;Acc:HGNC:1722]	0.22881462	
BRIP1	BRCA1 interacting helicase 1 [Source:HGNC Symbol;Acc:HGNC:20473]	0.22831969	
SEH1L	SEH1 like nucleoporin [Source:HGNC Symbol;Acc:HGNC:30379]	0.22807145	
GSTZ1	glutathione S-transferase zeta 1 [Source:HGNC Symbol;Acc:HGNC:4643]	0.22352242	
GP1BA	glycoprotein Ib platelet subunit alpha [Source:HGNC Symbol;Acc:HGNC:4439]	0.22325258	
MRPS16	mitochondrial ribosomal protein S16 [Source:HGNC Symbol;Acc:HGNC:14048]	0.22128312	
SLC4A9	solute carrier family 4 member 9 [Source:HGNC Symbol;Acc:HGNC:11035]	0.22118814	
DNAL1	dynein axonemal light chain 1 [Source:HGNC Symbol;Acc:HGNC:23247]	0.22102563	
SEC16B	SEC16 homolog B, endoplasmic reticulum export factor [Source:HGNC Symbol;Acc:HGNC:30301]	0.2205478	
POLE3	DNA polymerase epsilon 3, accessory subunit [Source:HGNC Symbol;Acc:HGNC:13546]	0.21994044	
DHX16	DEAH-box helicase 16 [Source:HGNC Symbol;Acc:HGNC:2739]	0.21967158	
DHX8	DEAH-box helicase 8 [Source:HGNC Symbol;Acc:HGNC:2749]	0.21856031	
WNT16	Wnt family member 16 [Source:HGNC Symbol;Acc:HGNC:16267]	0.21792926	
NFKBIL1	NFKB inhibitor like 1 [Source:HGNC Symbol;Acc:HGNC:7800]	0.21779598	
HDDC3	HD domain containing 3 [Source:HGNC Symbol;Acc:HGNC:30522]	0.21751964	
SHMT2	serine hydroxymethyltransferase 2 [Source:HGNC Symbol;Acc:HGNC:10852]	0.21706334	
CD55	CD55 molecule (Cromer blood group) [Source:HGNC Symbol;Acc:HGNC:2665]	0.21348631	
GRIK1	glutamate ionotropic receptor kainate type subunit 1 [Source:HGNC Symbol;Acc:HGNC:4579]	0.21183665	
MRPS10	mitochondrial ribosomal protein S10 [Source:HGNC Symbol;Acc:HGNC:14502]	0.211396	
CYB5R2	cytochrome b5 reductase 2 [Source:HGNC Symbol;Acc:HGNC:24376]	0.21122885	
MBTPS1	membrane bound transcription factor peptidase, site 1 [Source:HGNC Symbol;Acc:HGNC:15456]	0.20701805	
TIMM17B	translocase of inner mitochondrial membrane 17B [Source:HGNC Symbol;Acc:HGNC:17310]	0.2069774	
TARBP1	TAR (HIV-1) RNA binding protein 1 [Source:HGNC Symbol;Acc:HGNC:11568]	0.20613502	
ALAS1	5'-aminolevulinate synthase 1 [Source:HGNC Symbol;Acc:HGNC:396]	0.20451644	
ACTL6B	actin like 6B [Source:HGNC Symbol;Acc:HGNC:160]	0.20412086	
PDE8A	phosphodiesterase 8A [Source:HGNC Symbol;Acc:HGNC:8793]	0.20312884	
FAM32A	family with sequence similarity 32 member A [Source:HGNC Symbol;Acc:HGNC:24563]	0.19970322	
PSMD2	proteasome 26S subunit ubiquitin receptor, non-ATPase 2 [Source:HGNC Symbol;Acc:HGNC:9559]	0.19789532	
POC1A	POC1 centriolar protein A [Source:HGNC Symbol;Acc:HGNC:24488]	0.193669	
ACY1	aminoacylase 1 [Source:HGNC Symbol;Acc:HGNC:177]	0.19248219	
VPS35	VPS35 retromer complex component [Source:HGNC Symbol;Acc:HGNC:13487]	0.19218273	
SWT1	SWT1 RNA endoribonuclease homolog [Source:HGNC Symbol;Acc:HGNC:16785]	0.19169234	
SELENBP1	selenium binding protein 1 [Source:HGNC Symbol;Acc:HGNC:10719]	0.19126923	
UPF2	UPF2 regulator of nonsense mediated mRNA decay [Source:HGNC Symbol;Acc:HGNC:17854]	0.18983485	
CARHSP1	calcium regulated heat stable protein 1 [Source:HGNC Symbol;Acc:HGNC:17150]	0.18767388	
WDR5	WD repeat domain 5 [Source:HGNC Symbol;Acc:HGNC:12757]	0.18697806	
CALD1	caldesmon 1 [Source:HGNC Symbol;Acc:HGNC:1441]	0.18555479	
ACAA2	acetyl-CoA acyltransferase 2 [Source:HGNC Symbol;Acc:HGNC:83]	0.18493958	
GLRX5	glutaredoxin 5 [Source:HGNC Symbol;Acc:HGNC:20134]	0.18289271	
EIF3E	eukaryotic translation initiation factor 3 subunit E [Source:HGNC Symbol;Acc:HGNC:3277]	0.18258469	
UBE2J1	ubiquitin conjugating enzyme E2 J1 [Source:HGNC Symbol;Acc:HGNC:17598]	0.18199614	
NOL10	nucleolar protein 10 [Source:HGNC Symbol;Acc:HGNC:25862]	0.17727298	
DYNC1I1	dynein cytoplasmic 1 intermediate chain 1 [Source:HGNC Symbol;Acc:HGNC:2963]	0.17466657	
MGAT2	alpha-1,6-mannosyl-glycoprotein 2-beta-N-acetylglucosaminyltransferase [Source:HGNC Symbol;Acc:HGNC:7045]	0.17204697	
BRWD3	bromodomain and WD repeat domain containing 3 [Source:HGNC Symbol;Acc:HGNC:17342]	0.17131041	
MRPL37	mitochondrial ribosomal protein L37 [Source:HGNC Symbol;Acc:HGNC:14034]	0.16930108	
NT5C3A	5'-nucleotidase, cytosolic IIIA [Source:HGNC Symbol;Acc:HGNC:17820]	0.1681236	
ABHD5	abhydrolase domain containing 5, lysophosphatidic acid acyltransferase [Source:HGNC Symbol;Acc:HGNC:21396]	0.16644123	
HMCN1	hemicentin 1 [Source:HGNC Symbol;Acc:HGNC:19194]	0.16230136	
SIN3B	SIN3 transcription regulator family member B [Source:HGNC Symbol;Acc:HGNC:19354]	0.1613689	
PEX16	peroxisomal biogenesis factor 16 [Source:HGNC Symbol;Acc:HGNC:8857]	0.16063865	
INTS8	integrator complex subunit 8 [Source:HGNC Symbol;Acc:HGNC:26048]	0.15829591	
ACAT1	acetyl-CoA acetyltransferase 1 [Source:HGNC Symbol;Acc:HGNC:93]	0.15711026	
IGHMBP2	immunoglobulin mu DNA binding protein 2 [Source:HGNC Symbol;Acc:HGNC:5542]	0.1568946	
WDR3	WD repeat domain 3 [Source:HGNC Symbol;Acc:HGNC:12755]	0.15472539	
BTBD3	BTB domain containing 3 [Source:HGNC Symbol;Acc:HGNC:15854]	0.15452825	
RPL34	ribosomal protein L34 [Source:HGNC Symbol;Acc:HGNC:10340]	0.1535804	
ANKFY1	ankyrin repeat and FYVE domain containing 1 [Source:HGNC Symbol;Acc:HGNC:20763]	0.1535226	
HID1	HID1 domain containing [Source:HGNC Symbol;Acc:HGNC:15736]	0.15194845	
MRPL41	mitochondrial ribosomal protein L41 [Source:HGNC Symbol;Acc:HGNC:14492]	0.15070082	
MTMR2	myotubularin related protein 2 [Source:HGNC Symbol;Acc:HGNC:7450]	0.15038162	
ALKBH8	alkB homolog 8, tRNA methyltransferase [Source:HGNC Symbol;Acc:HGNC:25189]	0.15002488	
NUP58	nucleoporin 58 [Source:HGNC Symbol;Acc:HGNC:20261]	0.14967065	
NHP2	NHP2 ribonucleoprotein [Source:HGNC Symbol;Acc:HGNC:14377]	0.1492156	
MYO6	myosin VI [Source:HGNC Symbol;Acc:HGNC:7605]	0.1492094	
POLE2	DNA polymerase epsilon 2, accessory subunit [Source:HGNC Symbol;Acc:HGNC:9178]	0.14880647	
SOD2	superoxide dismutase 2 [Source:HGNC Symbol;Acc:HGNC:11180]	0.14770627	
PDAP1	PDGFA associated protein 1 [Source:HGNC Symbol;Acc:HGNC:14634]	0.14681083	
UBL5	ubiquitin like 5 [Source:HGNC Symbol;Acc:HGNC:13736]	0.14629689	
MED6	mediator complex subunit 6 [Source:HGNC Symbol;Acc:HGNC:19970]	0.14583069	
KCTD10	potassium channel tetramerization domain containing 10 [Source:HGNC Symbol;Acc:HGNC:23236]	0.1455193	
MRPL1	mitochondrial ribosomal protein L1 [Source:HGNC Symbol;Acc:HGNC:14275]	0.14547384	
TAF2	TATA-box binding protein associated factor 2 [Source:HGNC Symbol;Acc:HGNC:11536]	0.14413951	
FKBP3	FKBP prolyl isomerase 3 [Source:HGNC Symbol;Acc:HGNC:3719]	0.14399168	
SFT2D2	SFT2 domain containing 2 [Source:HGNC Symbol;Acc:HGNC:25140]	0.14341949	
STK36	serine/threonine kinase 36 [Source:HGNC Symbol;Acc:HGNC:17209]	0.14270562	
REXO2	RNA exonuclease 2 [Source:HGNC Symbol;Acc:HGNC:17851]	0.14262453	
LIG4	DNA ligase 4 [Source:HGNC Symbol;Acc:HGNC:6601]	0.14002271	
PPP6C	protein phosphatase 6 catalytic subunit [Source:HGNC Symbol;Acc:HGNC:9323]	0.13838889	
CSNK1A1	casein kinase 1 alpha 1 [Source:HGNC Symbol;Acc:HGNC:2451]	0.1365663	
MRPL22	mitochondrial ribosomal protein L22 [Source:HGNC Symbol;Acc:HGNC:14480]	0.13647076	
BRSK1	BR serine/threonine kinase 1 [Source:HGNC Symbol;Acc:HGNC:18994]	0.13599859	
IKZF5	IKAROS family zinc finger 5 [Source:HGNC Symbol;Acc:HGNC:14283]	0.13593973	
SUCLG2	succinate-CoA ligase GDP-forming subunit beta [Source:HGNC Symbol;Acc:HGNC:11450]	0.1357375	
LSM1	LSM1 homolog, mRNA degradation associated [Source:HGNC Symbol;Acc:HGNC:20472]	0.13459468	
NOP56	NOP56 ribonucleoprotein [Source:HGNC Symbol;Acc:HGNC:15911]	0.13450289	
CCT2	chaperonin containing TCP1 subunit 2 [Source:HGNC Symbol;Acc:HGNC:1615]	0.13333267	
KPNA5	karyopherin subunit alpha 5 [Source:HGNC Symbol;Acc:HGNC:6398]	0.13158177	
GSPT1	G1 to S phase transition 1 [Source:HGNC Symbol;Acc:HGNC:4621]	0.13086092	
PTP4A3	protein tyrosine phosphatase 4A3 [Source:HGNC Symbol;Acc:HGNC:9636]	0.1306957	
CSTF2	cleavage stimulation factor subunit 2 [Source:HGNC Symbol;Acc:HGNC:2484]	0.12575002	
ZNF14	zinc finger protein 14 [Source:HGNC Symbol;Acc:HGNC:12924]	0.124740355	
MAK16	MAK16 homolog [Source:HGNC Symbol;Acc:HGNC:13703]	0.123254895	
BUD23	BUD23 rRNA methyltransferase and ribosome maturation factor [Source:HGNC Symbol;Acc:HGNC:16405]	0.12298891	
UBE2L3	ubiquitin conjugating enzyme E2 L3 [Source:HGNC Symbol;Acc:HGNC:12488]	0.12187389	
LSM3	LSM3 homolog, U6 small nuclear RNA and mRNA degradation associated [Source:HGNC Symbol;Acc:HGNC:17874]	0.120389365	
UBE2G2	ubiquitin conjugating enzyme E2 G2 [Source:HGNC Symbol;Acc:HGNC:12483]	0.1185321	
CUL4B	cullin 4B [Source:HGNC Symbol;Acc:HGNC:2555]	0.118082725	
UFC1	ubiquitin-fold modifier conjugating enzyme 1 [Source:HGNC Symbol;Acc:HGNC:26941]	0.11671229	
NAT10	N-acetyltransferase 10 [Source:HGNC Symbol;Acc:HGNC:29830]	0.11532012	
PPP1CA	protein phosphatase 1 catalytic subunit alpha [Source:HGNC Symbol;Acc:HGNC:9281]	0.1129822	
PLCH1	phospholipase C eta 1 [Source:HGNC Symbol;Acc:HGNC:29185]	0.11283109	
ZBTB8OS	zinc finger and BTB domain containing 8 opposite strand [Source:HGNC Symbol;Acc:HGNC:24094]	0.11270763	
ADD1	adducin 1 [Source:HGNC Symbol;Acc:HGNC:243]	0.110221624	
GPX7	glutathione peroxidase 7 [Source:HGNC Symbol;Acc:HGNC:4559]	0.110213056	
TTC36	tetratricopeptide repeat domain 36 [Source:HGNC Symbol;Acc:HGNC:33708]	0.10946285	
PRPF31	pre-mRNA processing factor 31 [Source:HGNC Symbol;Acc:HGNC:15446]	0.109277315	
POLR2F	RNA polymerase II, I and III subunit F [Source:HGNC Symbol;Acc:HGNC:9193]	0.10704372	
PTDSS2	phosphatidylserine synthase 2 [Source:HGNC Symbol;Acc:HGNC:15463]	0.1061168	
NCAM2	neural cell adhesion molecule 2 [Source:HGNC Symbol;Acc:HGNC:7657]	0.10572568	
RSRC2	arginine and serine rich coiled-coil 2 [Source:HGNC Symbol;Acc:HGNC:30559]	0.10507661	
PLSCR3	phospholipid scramblase 3 [Source:HGNC Symbol;Acc:HGNC:16495]	0.10347234	
LRP6	LDL receptor related protein 6 [Source:HGNC Symbol;Acc:HGNC:6698]	0.10338323	
MAU2	MAU2 sister chromatid cohesion factor [Source:HGNC Symbol;Acc:HGNC:29140]	0.10271009	
PRKAB1	protein kinase AMP-activated non-catalytic subunit beta 1 [Source:HGNC Symbol;Acc:HGNC:9378]	0.102632545	
PDSS1	decaprenyl diphosphate synthase subunit 1 [Source:HGNC Symbol;Acc:HGNC:17759]	0.10247869	
MCTS1	MCTS1 re-initiation and release factor [Source:HGNC Symbol;Acc:HGNC:23357]	0.10130697	
RHOBTB3	Rho related BTB domain containing 3 [Source:HGNC Symbol;Acc:HGNC:18757]	0.100919984	
NAA20	N-alpha-acetyltransferase 20, NatB catalytic subunit [Source:HGNC Symbol;Acc:HGNC:15908]	0.098792054	
USP19	ubiquitin specific peptidase 19 [Source:HGNC Symbol;Acc:HGNC:12617]	0.09713455	
TBX18	T-box transcription factor 18 [Source:HGNC Symbol;Acc:HGNC:11595]	0.09707758	
ATG10	autophagy related 10 [Source:HGNC Symbol;Acc:HGNC:20315]	0.097054355	
FRMD4A	FERM domain containing 4A [Source:HGNC Symbol;Acc:HGNC:25491]	0.09661489	
SRP9	signal recognition particle 9 [Source:HGNC Symbol;Acc:HGNC:11304]	0.09645214	
TAF10	TATA-box binding protein associated factor 10 [Source:HGNC Symbol;Acc:HGNC:11543]	0.09530054	
CMC1	C-X9-C motif containing 1 [Source:HGNC Symbol;Acc:HGNC:28783]	0.092892624	
SMAD4	SMAD family member 4 [Source:HGNC Symbol;Acc:HGNC:6770]	0.0912797	
GFPT2	glutamine-fructose-6-phosphate transaminase 2 [Source:HGNC Symbol;Acc:HGNC:4242]	0.09007015	
SPDL1	spindle apparatus coiled-coil protein 1 [Source:HGNC Symbol;Acc:HGNC:26010]	0.08979546	
PMS2	PMS1 homolog 2, mismatch repair system component [Source:HGNC Symbol;Acc:HGNC:9122]	0.089759305	
AKT1	AKT serine/threonine kinase 1 [Source:HGNC Symbol;Acc:HGNC:391]	0.089710414	
PIN4	peptidylprolyl cis/trans isomerase, NIMA-interacting 4 [Source:HGNC Symbol;Acc:HGNC:8992]	0.08930545	
DHX15	DEAH-box helicase 15 [Source:HGNC Symbol;Acc:HGNC:2738]	0.08857191	
EMG1	EMG1 N1-specific pseudouridine methyltransferase [Source:HGNC Symbol;Acc:HGNC:16912]	0.08810882	
ATXN3	ataxin 3 [Source:HGNC Symbol;Acc:HGNC:7106]	0.08751804	
METAP2	methionyl aminopeptidase 2 [Source:HGNC Symbol;Acc:HGNC:16672]	0.08570237	
CTU1	cytosolic thiouridylase subunit 1 [Source:HGNC Symbol;Acc:HGNC:29590]	0.08508931	
WDR45B	WD repeat domain 45B [Source:HGNC Symbol;Acc:HGNC:25072]	0.08391042	
HTATIP2	HIV-1 Tat interactive protein 2 [Source:HGNC Symbol;Acc:HGNC:16637]	0.082108006	
NIPSNAP3A	nipsnap homolog 3A [Source:HGNC Symbol;Acc:HGNC:23619]	0.081869416	
ERGIC1	endoplasmic reticulum-golgi intermediate compartment 1 [Source:HGNC Symbol;Acc:HGNC:29205]	0.081497625	
RPL19	ribosomal protein L19 [Source:HGNC Symbol;Acc:HGNC:10312]	0.081010304	
UBE2V1	ubiquitin conjugating enzyme E2 V1 [Source:HGNC Symbol;Acc:HGNC:12494]	0.08071069	
ORMDL3	ORMDL sphingolipid biosynthesis regulator 3 [Source:HGNC Symbol;Acc:HGNC:16038]	0.08015845	
AMDHD1	amidohydrolase domain containing 1 [Source:HGNC Symbol;Acc:HGNC:28577]	0.079996765	
JPH3	junctophilin 3 [Source:HGNC Symbol;Acc:HGNC:14203]	0.079211675	
CELF2	CUGBP Elav-like family member 2 [Source:HGNC Symbol;Acc:HGNC:2550]	0.078820854	
EIF1AY	eukaryotic translation initiation factor 1A Y-linked [Source:HGNC Symbol;Acc:HGNC:3252]	0.07860419	
LHX9	LIM homeobox 9 [Source:HGNC Symbol;Acc:HGNC:14222]	0.07686338	
UBE2W	ubiquitin conjugating enzyme E2 W [Source:HGNC Symbol;Acc:HGNC:25616]	0.07635132	
BLOC1S1	biogenesis of lysosomal organelles complex 1 subunit 1 [Source:HGNC Symbol;Acc:HGNC:4200]	0.07324141	
TUBGCP6	tubulin gamma complex associated protein 6 [Source:HGNC Symbol;Acc:HGNC:18127]	0.071925715	
TEAD1	TEA domain transcription factor 1 [Source:HGNC Symbol;Acc:HGNC:11714]	0.07081085	
DPM1	dolichyl-phosphate mannosyltransferase subunit 1, catalytic [Source:HGNC Symbol;Acc:HGNC:3005]	0.07043237	
SSC5D	scavenger receptor cysteine rich family member with 5 domains [Source:HGNC Symbol;Acc:HGNC:26641]	0.070289195	
GID4	GID complex subunit 4 homolog [Source:HGNC Symbol;Acc:HGNC:28453]	0.06941751	
D2HGDH	D-2-hydroxyglutarate dehydrogenase [Source:HGNC Symbol;Acc:HGNC:28358]	0.068195835	
PALS2	protein associated with LIN7 2, MAGUK p55 family member [Source:HGNC Symbol;Acc:HGNC:18167]	0.06652295	
SLC51A	solute carrier family 51 subunit alpha [Source:HGNC Symbol;Acc:HGNC:29955]	0.066459894	
COPS2	COP9 signalosome subunit 2 [Source:HGNC Symbol;Acc:HGNC:30747]	0.066324115	
KCTD5	potassium channel tetramerization domain containing 5 [Source:HGNC Symbol;Acc:HGNC:21423]	0.06559232	
MAPK1	mitogen-activated protein kinase 1 [Source:HGNC Symbol;Acc:HGNC:6871]	0.064719975	
LSM6	LSM6 homolog, U6 small nuclear RNA and mRNA degradation associated [Source:HGNC Symbol;Acc:HGNC:17017]	0.06404218	
CABP1	calcium binding protein 1 [Source:HGNC Symbol;Acc:HGNC:1384]	0.063923456	
KDM3A	lysine demethylase 3A [Source:HGNC Symbol;Acc:HGNC:20815]	0.063820705	
SIX6	SIX homeobox 6 [Source:HGNC Symbol;Acc:HGNC:10892]	0.06371839	
TYW3	tRNA-yW synthesizing protein 3 homolog [Source:HGNC Symbol;Acc:HGNC:24757]	0.063457884	
SRA1	steroid receptor RNA activator 1 [Source:HGNC Symbol;Acc:HGNC:11281]	0.06291686	
RNF4	ring finger protein 4 [Source:HGNC Symbol;Acc:HGNC:10067]	0.062216155	
DPH1	diphthamide biosynthesis 1 [Source:HGNC Symbol;Acc:HGNC:3003]	0.061548952	
NDUFS8	NADH:ubiquinone oxidoreductase core subunit S8 [Source:HGNC Symbol;Acc:HGNC:7715]	0.06039404	
CDC42	cell division cycle 42 [Source:HGNC Symbol;Acc:HGNC:1736]	0.060045514	
GLB1L2	galactosidase beta 1 like 2 [Source:HGNC Symbol;Acc:HGNC:25129]	0.05970585	
PAX3	paired box 3 [Source:HGNC Symbol;Acc:HGNC:8617]	0.059640925	
APOL6	apolipoprotein L6 [Source:HGNC Symbol;Acc:HGNC:14870]	0.059519038	
NDUFV2	NADH:ubiquinone oxidoreductase core subunit V2 [Source:HGNC Symbol;Acc:HGNC:7717]	0.059099983	
POMT2	protein O-mannosyltransferase 2 [Source:HGNC Symbol;Acc:HGNC:19743]	0.05872885	
NDUFS3	NADH:ubiquinone oxidoreductase core subunit S3 [Source:HGNC Symbol;Acc:HGNC:7710]	0.058021195	
SYT14	synaptotagmin 14 [Source:HGNC Symbol;Acc:HGNC:23143]	0.05730834	
TMCO1	transmembrane and coiled-coil domains 1 [Source:HGNC Symbol;Acc:HGNC:18188]	0.05616657	
UPB1	beta-ureidopropionase 1 [Source:HGNC Symbol;Acc:HGNC:16297]	0.056105085	
EFTUD2	elongation factor Tu GTP binding domain containing 2 [Source:HGNC Symbol;Acc:HGNC:30858]	0.05590104	
MRPL4	mitochondrial ribosomal protein L4 [Source:HGNC Symbol;Acc:HGNC:14276]	0.055881184	
RPL29	ribosomal protein L29 [Source:HGNC Symbol;Acc:HGNC:10331]	0.05498302	
PLEKHG5	pleckstrin homology and RhoGEF domain containing G5 [Source:HGNC Symbol;Acc:HGNC:29105]	0.054310452	
ZSWIM5	zinc finger SWIM-type containing 5 [Source:HGNC Symbol;Acc:HGNC:29299]	0.053428937	
FRMD7	FERM domain containing 7 [Source:HGNC Symbol;Acc:HGNC:8079]	0.053229015	
TIAL1	TIA1 cytotoxic granule associated RNA binding protein like 1 [Source:HGNC Symbol;Acc:HGNC:11804]	0.052209243	
CHI3L2	chitinase 3 like 2 [Source:HGNC Symbol;Acc:HGNC:1933]	0.05165443	
MAP2K4	mitogen-activated protein kinase kinase 4 [Source:HGNC Symbol;Acc:HGNC:6844]	0.051558744	
IFT20	intraflagellar transport 20 [Source:HGNC Symbol;Acc:HGNC:30989]	0.051531993	
MYO19	myosin XIX [Source:HGNC Symbol;Acc:HGNC:26234]	0.05008239	
NDUFV1	NADH:ubiquinone oxidoreductase core subunit V1 [Source:HGNC Symbol;Acc:HGNC:7716]	0.0494154	
VPS33B	VPS33B late endosome and lysosome associated [Source:HGNC Symbol;Acc:HGNC:12712]	0.048613995	
SUCLG1	succinate-CoA ligase GDP/ADP-forming subunit alpha [Source:HGNC Symbol;Acc:HGNC:11449]	0.048028614	
FOXL2	forkhead box L2 [Source:HGNC Symbol;Acc:HGNC:1092]	0.04755358	
MRPS11	mitochondrial ribosomal protein S11 [Source:HGNC Symbol;Acc:HGNC:14050]	0.046534754	
CCT4	chaperonin containing TCP1 subunit 4 [Source:HGNC Symbol;Acc:HGNC:1617]	0.046478346	
MRC2	mannose receptor C type 2 [Source:HGNC Symbol;Acc:HGNC:16875]	0.045086138	
PDE6D	phosphodiesterase 6D [Source:HGNC Symbol;Acc:HGNC:8788]	0.04498958	
GNB5	G protein subunit beta 5 [Source:HGNC Symbol;Acc:HGNC:4401]	0.044877473	
PRELID2	PRELI domain containing 2 [Source:HGNC Symbol;Acc:HGNC:28306]	0.043862686	
SSX2IP	SSX family member 2 interacting protein [Source:HGNC Symbol;Acc:HGNC:16509]	0.043853626	
GOLGA4	golgin A4 [Source:HGNC Symbol;Acc:HGNC:4427]	0.042129982	
KAT8	lysine acetyltransferase 8 [Source:HGNC Symbol;Acc:HGNC:17933]	0.041920003	
PICK1	protein interacting with PRKCA 1 [Source:HGNC Symbol;Acc:HGNC:9394]	0.041728366	
UQCRC2	ubiquinol-cytochrome c reductase core protein 2 [Source:HGNC Symbol;Acc:HGNC:12586]	0.041206624	
ITPR1	inositol 1,4,5-trisphosphate receptor type 1 [Source:HGNC Symbol;Acc:HGNC:6180]	0.041051876	
PPP2R5E	protein phosphatase 2 regulatory subunit B'epsilon [Source:HGNC Symbol;Acc:HGNC:9313]	0.040017523	
EIF1	eukaryotic translation initiation factor 1 [Source:HGNC Symbol;Acc:HGNC:3249]	0.039346226	
ABCF2	ATP binding cassette subfamily F member 2 [Source:HGNC Symbol;Acc:HGNC:71]	0.038541023	
AHCYL2	adenosylhomocysteinase like 2 [Source:HGNC Symbol;Acc:HGNC:22204]	0.037814748	
LSM4	LSM4 homolog, U6 small nuclear RNA and mRNA degradation associated [Source:HGNC Symbol;Acc:HGNC:17259]	0.037769224	
RPL23A	ribosomal protein L23a [Source:HGNC Symbol;Acc:HGNC:10317]	0.03699039	
ORC1	origin recognition complex subunit 1 [Source:HGNC Symbol;Acc:HGNC:8487]	0.03681343	
PPP4C	protein phosphatase 4 catalytic subunit [Source:HGNC Symbol;Acc:HGNC:9319]	0.03607624	
RACK1	receptor for activated C kinase 1 [Source:HGNC Symbol;Acc:HGNC:4399]	0.035650216	
CHIC1	cysteine rich hydrophobic domain 1 [Source:HGNC Symbol;Acc:HGNC:1934]	0.033996586	
STX19	syntaxin 19 [Source:HGNC Symbol;Acc:HGNC:19300]	0.033992257	
RPL32	ribosomal protein L32 [Source:HGNC Symbol;Acc:HGNC:10336]	0.03351031	
THOC6	THO complex subunit 6 [Source:HGNC Symbol;Acc:HGNC:28369]	0.033438575	
PLEKHJ1	pleckstrin homology domain containing J1 [Source:HGNC Symbol;Acc:HGNC:18211]	0.032688335	
MRPS28	mitochondrial ribosomal protein S28 [Source:HGNC Symbol;Acc:HGNC:14513]	0.03185975	
AGPAT5	1-acylglycerol-3-phosphate O-acyltransferase 5 [Source:HGNC Symbol;Acc:HGNC:20886]	0.031041844	
CCT6A	chaperonin containing TCP1 subunit 6A [Source:HGNC Symbol;Acc:HGNC:1620]	0.030298619	
ATP1B1	ATPase Na+/K+ transporting subunit beta 1 [Source:HGNC Symbol;Acc:HGNC:804]	0.028979167	
MDH1	malate dehydrogenase 1 [Source:HGNC Symbol;Acc:HGNC:6970]	0.028697716	
MCCC1	methylcrotonyl-CoA carboxylase subunit 1 [Source:HGNC Symbol;Acc:HGNC:6936]	0.028460335	
RRP9	ribosomal RNA processing 9, U3 small nucleolar RNA binding protein [Source:HGNC Symbol;Acc:HGNC:16829]	0.028442707	
EIF2B1	eukaryotic translation initiation factor 2B subunit alpha [Source:HGNC Symbol;Acc:HGNC:3257]	0.027450971	
HDAC4	histone deacetylase 4 [Source:HGNC Symbol;Acc:HGNC:14063]	0.027331596	
NANOS3	nanos C2HC-type zinc finger 3 [Source:HGNC Symbol;Acc:HGNC:22048]	0.026780913	
RPL13	ribosomal protein L13 [Source:HGNC Symbol;Acc:HGNC:10303]	0.02630502	
MRPL19	mitochondrial ribosomal protein L19 [Source:HGNC Symbol;Acc:HGNC:14052]	0.026051745	
RPS24	ribosomal protein S24 [Source:HGNC Symbol;Acc:HGNC:10411]	0.026027814	
TMA7	translation machinery associated 7 homolog [Source:HGNC Symbol;Acc:HGNC:26932]	0.024364717	
AP1B1	adaptor related protein complex 1 subunit beta 1 [Source:HGNC Symbol;Acc:HGNC:554]	0.024247209	
DCAF17	DDB1 and CUL4 associated factor 17 [Source:HGNC Symbol;Acc:HGNC:25784]	0.022356732	
IDH3B	isocitrate dehydrogenase (NAD(+)) 3 non-catalytic subunit beta [Source:HGNC Symbol;Acc:HGNC:5385]	0.02012004	
TRAPPC2	trafficking protein particle complex subunit 2 [Source:HGNC Symbol;Acc:HGNC:23068]	0.02011859	
RPL7A	ribosomal protein L7a [Source:HGNC Symbol;Acc:HGNC:10364]	0.019804534	
TMED2	transmembrane p24 trafficking protein 2 [Source:HGNC Symbol;Acc:HGNC:16996]	0.018977776	
SAP30	Sin3A associated protein 30 [Source:HGNC Symbol;Acc:HGNC:10532]	0.018803425	
AK6	adenylate kinase 6 [Source:HGNC Symbol;Acc:HGNC:49151]	0.01864452	
SRSF4	serine and arginine rich splicing factor 4 [Source:HGNC Symbol;Acc:HGNC:10786]	0.017945291	
THOC5	THO complex subunit 5 [Source:HGNC Symbol;Acc:HGNC:19074]	0.017256692	
CHD1	chromodomain helicase DNA binding protein 1 [Source:HGNC Symbol;Acc:HGNC:1915]	0.015135354	
FAM98B	family with sequence similarity 98 member B [Source:HGNC Symbol;Acc:HGNC:26773]	0.014714672	
PSMA7	proteasome 20S subunit alpha 7 [Source:HGNC Symbol;Acc:HGNC:9536]	0.014235406	
DDB1	damage specific DNA binding protein 1 [Source:HGNC Symbol;Acc:HGNC:2717]	0.01375326	
SF3B1	splicing factor 3b subunit 1 [Source:HGNC Symbol;Acc:HGNC:10768]	0.012520544	
MRPS18C	mitochondrial ribosomal protein S18C [Source:HGNC Symbol;Acc:HGNC:16633]	0.011919846	
RAD54L	RAD54 like [Source:HGNC Symbol;Acc:HGNC:9826]	0.011124491	
MRPL43	mitochondrial ribosomal protein L43 [Source:HGNC Symbol;Acc:HGNC:14517]	0.010774585	
PSMD11	proteasome 26S subunit, non-ATPase 11 [Source:HGNC Symbol;Acc:HGNC:9556]	0.009114724	
ATP6V0B	ATPase H+ transporting V0 subunit b [Source:HGNC Symbol;Acc:HGNC:861]	0.009076967	
RPL11	ribosomal protein L11 [Source:HGNC Symbol;Acc:HGNC:10301]	0.008525118	
RPL22	ribosomal protein L22 [Source:HGNC Symbol;Acc:HGNC:10315]	0.007924503	
SIRT6	sirtuin 6 [Source:HGNC Symbol;Acc:HGNC:14934]	0.007082115	
ACVRL1	activin A receptor like type 1 [Source:HGNC Symbol;Acc:HGNC:175]	0.006459243	
TAF5	TATA-box binding protein associated factor 5 [Source:HGNC Symbol;Acc:HGNC:11539]	0.00574844	
ZMAT2	zinc finger matrin-type 2 [Source:HGNC Symbol;Acc:HGNC:26433]	0.005296197	
MPC1	mitochondrial pyruvate carrier 1 [Source:HGNC Symbol;Acc:HGNC:21606]	0.004539473	
RPS28	ribosomal protein S28 [Source:HGNC Symbol;Acc:HGNC:10418]	0.004349984	
AMPD2	adenosine monophosphate deaminase 2 [Source:HGNC Symbol;Acc:HGNC:469]	0.004180976	
SUMF1	sulfatase modifying factor 1 [Source:HGNC Symbol;Acc:HGNC:20376]	0.004033686	
RWDD3	RWD domain containing 3 [Source:HGNC Symbol;Acc:HGNC:21393]	0.003979645	
PPWD1	peptidylprolyl isomerase domain and WD repeat containing 1 [Source:HGNC Symbol;Acc:HGNC:28954]	0.003732433	
HINT1	histidine triad nucleotide binding protein 1 [Source:HGNC Symbol;Acc:HGNC:4912]	0.002963853	
PLK1	polo like kinase 1 [Source:HGNC Symbol;Acc:HGNC:9077]	0.00282699	
LIN7C	lin-7 homolog C, crumbs cell polarity complex component [Source:HGNC Symbol;Acc:HGNC:17789]	0.002801781	
MRPL2	mitochondrial ribosomal protein L2 [Source:HGNC Symbol;Acc:HGNC:14056]	0.002293527	
NDUFS5	NADH:ubiquinone oxidoreductase subunit S5 [Source:HGNC Symbol;Acc:HGNC:7712]	4.05804E-4	
LONRF2	LON peptidase N-terminal domain and ring finger 2 [Source:HGNC Symbol;Acc:HGNC:24788]	1.09968E-4	
CDC37	cell division cycle 37, HSP90 cochaperone [Source:HGNC Symbol;Acc:HGNC:1735]	-8.26E-5	
RPS19	ribosomal protein S19 [Source:HGNC Symbol;Acc:HGNC:10402]	-0.002105811	
PLCG2	phospholipase C gamma 2 [Source:HGNC Symbol;Acc:HGNC:9066]	-0.002295888	
SLC1A3	solute carrier family 1 member 3 [Source:HGNC Symbol;Acc:HGNC:10941]	-0.002358698	
RPS11	ribosomal protein S11 [Source:HGNC Symbol;Acc:HGNC:10384]	-0.003140818	
STT3A	STT3 oligosaccharyltransferase complex catalytic subunit A [Source:HGNC Symbol;Acc:HGNC:6172]	-0.003451537	
MRPL51	mitochondrial ribosomal protein L51 [Source:HGNC Symbol;Acc:HGNC:14044]	-0.004080588	
WDR48	WD repeat domain 48 [Source:HGNC Symbol;Acc:HGNC:30914]	-0.005006649	
ROPN1L	rhophilin associated tail protein 1 like [Source:HGNC Symbol;Acc:HGNC:24060]	-0.005273137	
MED21	mediator complex subunit 21 [Source:HGNC Symbol;Acc:HGNC:11473]	-0.006038832	
RNF7	ring finger protein 7 [Source:HGNC Symbol;Acc:HGNC:10070]	-0.007388375	
MFAP1	microfibril associated protein 1 [Source:HGNC Symbol;Acc:HGNC:7032]	-0.00753186	
ATP2B3	ATPase plasma membrane Ca2+ transporting 3 [Source:HGNC Symbol;Acc:HGNC:816]	-0.008450568	
TCEANC2	transcription elongation factor A N-terminal and central domain containing 2 [Source:HGNC Symbol;Acc:HGNC:26494]	-0.009428357	
ARCN1	archain 1 [Source:HGNC Symbol;Acc:HGNC:649]	-0.010280813	
URM1	ubiquitin related modifier 1 [Source:HGNC Symbol;Acc:HGNC:28378]	-0.010866103	
RPS3	ribosomal protein S3 [Source:HGNC Symbol;Acc:HGNC:10420]	-0.011010476	
SREBF2	sterol regulatory element binding transcription factor 2 [Source:HGNC Symbol;Acc:HGNC:11290]	-0.011045777	
TAF13	TATA-box binding protein associated factor 13 [Source:HGNC Symbol;Acc:HGNC:11546]	-0.012025452	
TMPRSS9	transmembrane serine protease 9 [Source:HGNC Symbol;Acc:HGNC:30079]	-0.014819361	
RPL39	ribosomal protein L39 [Source:HGNC Symbol;Acc:HGNC:10350]	-0.01569327	
PAQR5	progestin and adipoQ receptor family member 5 [Source:HGNC Symbol;Acc:HGNC:29645]	-0.01586062	
NDUFS6	NADH:ubiquinone oxidoreductase subunit S6 [Source:HGNC Symbol;Acc:HGNC:7713]	-0.015912486	
MRPS24	mitochondrial ribosomal protein S24 [Source:HGNC Symbol;Acc:HGNC:14510]	-0.016021853	
EMC6	ER membrane protein complex subunit 6 [Source:HGNC Symbol;Acc:HGNC:28430]	-0.016238736	
TMEM41B	transmembrane protein 41B [Source:HGNC Symbol;Acc:HGNC:28948]	-0.016441321	
JARID2	jumonji and AT-rich interaction domain containing 2 [Source:HGNC Symbol;Acc:HGNC:6196]	-0.01693098	
EEF1E1	eukaryotic translation elongation factor 1 epsilon 1 [Source:HGNC Symbol;Acc:HGNC:3212]	-0.018320484	
YEATS4	YEATS domain containing 4 [Source:HGNC Symbol;Acc:HGNC:24859]	-0.01859057	
CYTH1	cytohesin 1 [Source:HGNC Symbol;Acc:HGNC:9501]	-0.019190796	
TMEM50A	transmembrane protein 50A [Source:HGNC Symbol;Acc:HGNC:30590]	-0.020259205	
YIPF6	Yip1 domain family member 6 [Source:HGNC Symbol;Acc:HGNC:28304]	-0.020492068	
CPSF7	cleavage and polyadenylation specific factor 7 [Source:HGNC Symbol;Acc:HGNC:30098]	-0.0212181	
PRKAA2	protein kinase AMP-activated catalytic subunit alpha 2 [Source:HGNC Symbol;Acc:HGNC:9377]	-0.021603363	
RPLP1	ribosomal protein lateral stalk subunit P1 [Source:HGNC Symbol;Acc:HGNC:10372]	-0.022038944	
ARPC1A	actin related protein 2/3 complex subunit 1A [Source:HGNC Symbol;Acc:HGNC:703]	-0.022416538	
PPP2CA	protein phosphatase 2 catalytic subunit alpha [Source:HGNC Symbol;Acc:HGNC:9299]	-0.02256847	
PSMC6	proteasome 26S subunit, ATPase 6 [Source:HGNC Symbol;Acc:HGNC:9553]	-0.022875573	
RNF19A	ring finger protein 19A, RBR E3 ubiquitin protein ligase [Source:HGNC Symbol;Acc:HGNC:13432]	-0.024036977	
ADCY3	adenylate cyclase 3 [Source:HGNC Symbol;Acc:HGNC:234]	-0.024804741	
MLC1	modulator of VRAC current 1 [Source:HGNC Symbol;Acc:HGNC:17082]	-0.024917599	
RBM39	RNA binding motif protein 39 [Source:HGNC Symbol;Acc:HGNC:15923]	-0.025109736	
IDH2	isocitrate dehydrogenase (NADP(+)) 2 [Source:HGNC Symbol;Acc:HGNC:5383]	-0.025472444	
NLRC4	NLR family CARD domain containing 4 [Source:HGNC Symbol;Acc:HGNC:16412]	-0.025639463	
CBFA2T2	CBFA2/RUNX1 partner transcriptional co-repressor 2 [Source:HGNC Symbol;Acc:HGNC:1536]	-0.026365232	
RPL6	ribosomal protein L6 [Source:HGNC Symbol;Acc:HGNC:10362]	-0.026582688	
FOXC1	forkhead box C1 [Source:HGNC Symbol;Acc:HGNC:3800]	-0.026747493	
ME1	malic enzyme 1 [Source:HGNC Symbol;Acc:HGNC:6983]	-0.028004378	
KPNB1	karyopherin subunit beta 1 [Source:HGNC Symbol;Acc:HGNC:6400]	-0.028037166	
MRPL17	mitochondrial ribosomal protein L17 [Source:HGNC Symbol;Acc:HGNC:14053]	-0.028357942	
ASCC1	activating signal cointegrator 1 complex subunit 1 [Source:HGNC Symbol;Acc:HGNC:24268]	-0.028471584	
MRPL13	mitochondrial ribosomal protein L13 [Source:HGNC Symbol;Acc:HGNC:14278]	-0.02896146	
TMEM14C	transmembrane protein 14C [Source:HGNC Symbol;Acc:HGNC:20952]	-0.0293735	
PSMA2	proteasome 20S subunit alpha 2 [Source:HGNC Symbol;Acc:HGNC:9531]	-0.030323705	
CHCHD4	coiled-coil-helix-coiled-coil-helix domain containing 4 [Source:HGNC Symbol;Acc:HGNC:26467]	-0.030372448	
PXMP4	peroxisomal membrane protein 4 [Source:HGNC Symbol;Acc:HGNC:15920]	-0.030902473	
PTGER4	prostaglandin E receptor 4 [Source:HGNC Symbol;Acc:HGNC:9596]	-0.03151088	
PGAM5	PGAM family member 5, mitochondrial serine/threonine protein phosphatase [Source:HGNC Symbol;Acc:HGNC:28763]	-0.031742927	
TP53RK	TP53 regulating kinase [Source:HGNC Symbol;Acc:HGNC:16197]	-0.03186035	
KCNA3	potassium voltage-gated channel subfamily A member 3 [Source:HGNC Symbol;Acc:HGNC:6221]	-0.033115678	
HIP1	huntingtin interacting protein 1 [Source:HGNC Symbol;Acc:HGNC:4913]	-0.033415582	
PLEKHF2	pleckstrin homology and FYVE domain containing 2 [Source:HGNC Symbol;Acc:HGNC:20757]	-0.033448745	
MRPS22	mitochondrial ribosomal protein S22 [Source:HGNC Symbol;Acc:HGNC:14508]	-0.033540677	
SKP2	S-phase kinase associated protein 2 [Source:HGNC Symbol;Acc:HGNC:10901]	-0.033762436	
CCT7	chaperonin containing TCP1 subunit 7 [Source:HGNC Symbol;Acc:HGNC:1622]	-0.03428788	
PSMF1	proteasome inhibitor subunit 1 [Source:HGNC Symbol;Acc:HGNC:9571]	-0.034348972	
MOCS3	molybdenum cofactor synthesis 3 [Source:HGNC Symbol;Acc:HGNC:15765]	-0.03558643	
NDUFS7	NADH:ubiquinone oxidoreductase core subunit S7 [Source:HGNC Symbol;Acc:HGNC:7714]	-0.036863104	
CDK12	cyclin dependent kinase 12 [Source:HGNC Symbol;Acc:HGNC:24224]	-0.037142072	
SERPINF1	serpin family F member 1 [Source:HGNC Symbol;Acc:HGNC:8824]	-0.037355516	
TNKS2	tankyrase 2 [Source:HGNC Symbol;Acc:HGNC:15677]	-0.037904467	
RPS25	ribosomal protein S25 [Source:HGNC Symbol;Acc:HGNC:10413]	-0.03821375	
TACC3	transforming acidic coiled-coil containing protein 3 [Source:HGNC Symbol;Acc:HGNC:11524]	-0.03827834	
TMOD2	tropomodulin 2 [Source:HGNC Symbol;Acc:HGNC:11872]	-0.038716033	
LRRC57	leucine rich repeat containing 57 [Source:HGNC Symbol;Acc:HGNC:26719]	-0.03884302	
RAB30	RAB30, member RAS oncogene family [Source:HGNC Symbol;Acc:HGNC:9770]	-0.03887859	
MRPS12	mitochondrial ribosomal protein S12 [Source:HGNC Symbol;Acc:HGNC:10380]	-0.03958614	
NDUFB3	NADH:ubiquinone oxidoreductase subunit B3 [Source:HGNC Symbol;Acc:HGNC:7698]	-0.040066592	
ANKRD50	ankyrin repeat domain containing 50 [Source:HGNC Symbol;Acc:HGNC:29223]	-0.040335715	
RPS5	ribosomal protein S5 [Source:HGNC Symbol;Acc:HGNC:10426]	-0.041579578	
RPS15	ribosomal protein S15 [Source:HGNC Symbol;Acc:HGNC:10388]	-0.04237168	
TM9SF3	transmembrane 9 superfamily member 3 [Source:HGNC Symbol;Acc:HGNC:21529]	-0.042634983	
ABHD17B	abhydrolase domain containing 17B, depalmitoylase [Source:HGNC Symbol;Acc:HGNC:24278]	-0.043845203	
NIT2	nitrilase family member 2 [Source:HGNC Symbol;Acc:HGNC:29878]	-0.044473484	
RASL12	RAS like family 12 [Source:HGNC Symbol;Acc:HGNC:30289]	-0.045592967	
RPS17	ribosomal protein S17 [Source:HGNC Symbol;Acc:HGNC:10397]	-0.046514723	
GRIPAP1	GRIP1 associated protein 1 [Source:HGNC Symbol;Acc:HGNC:18706]	-0.04781506	
RPS20	ribosomal protein S20 [Source:HGNC Symbol;Acc:HGNC:10405]	-0.048036724	
TRAPPC6B	trafficking protein particle complex subunit 6B [Source:HGNC Symbol;Acc:HGNC:23066]	-0.04850905	
RPL23	ribosomal protein L23 [Source:HGNC Symbol;Acc:HGNC:10316]	-0.048817277	
RPL13A	ribosomal protein L13a [Source:HGNC Symbol;Acc:HGNC:10304]	-0.050270043	
LIMS2	LIM zinc finger domain containing 2 [Source:HGNC Symbol;Acc:HGNC:16084]	-0.050410975	
FGFRL1	fibroblast growth factor receptor like 1 [Source:HGNC Symbol;Acc:HGNC:3693]	-0.051413022	
PGAM1	phosphoglycerate mutase 1 [Source:HGNC Symbol;Acc:HGNC:8888]	-0.05216914	
RPS3A	ribosomal protein S3A [Source:HGNC Symbol;Acc:HGNC:10421]	-0.052771825	
RAB11A	RAB11A, member RAS oncogene family [Source:HGNC Symbol;Acc:HGNC:9760]	-0.052839752	
GPHB5	glycoprotein hormone subunit beta 5 [Source:HGNC Symbol;Acc:HGNC:18055]	-0.05299517	
HDAC3	histone deacetylase 3 [Source:HGNC Symbol;Acc:HGNC:4854]	-0.05344725	
RGS7	regulator of G protein signaling 7 [Source:HGNC Symbol;Acc:HGNC:10003]	-0.055689234	
MAP2K1	mitogen-activated protein kinase kinase 1 [Source:HGNC Symbol;Acc:HGNC:6840]	-0.056120355	
LSM2	LSM2 homolog, U6 small nuclear RNA and mRNA degradation associated [Source:HGNC Symbol;Acc:HGNC:13940]	-0.05751414	
GEMIN2	gem nuclear organelle associated protein 2 [Source:HGNC Symbol;Acc:HGNC:10884]	-0.05802242	
ARFRP1	ADP ribosylation factor related protein 1 [Source:HGNC Symbol;Acc:HGNC:662]	-0.05848672	
RAB14	RAB14, member RAS oncogene family [Source:HGNC Symbol;Acc:HGNC:16524]	-0.058659315	
MAF1	MAF1 homolog, negative regulator of RNA polymerase III [Source:HGNC Symbol;Acc:HGNC:24966]	-0.05962874	
NFATC2IP	nuclear factor of activated T cells 2 interacting protein [Source:HGNC Symbol;Acc:HGNC:25906]	-0.06073766	
SMCR8	SMCR8-C9orf72 complex subunit [Source:HGNC Symbol;Acc:HGNC:17921]	-0.06155983	
MRPL14	mitochondrial ribosomal protein L14 [Source:HGNC Symbol;Acc:HGNC:14279]	-0.061942205	
LDB2	LIM domain binding 2 [Source:HGNC Symbol;Acc:HGNC:6533]	-0.06229972	
DCTN6	dynactin subunit 6 [Source:HGNC Symbol;Acc:HGNC:16964]	-0.06233622	
RPL10	ribosomal protein L10 [Source:HGNC Symbol;Acc:HGNC:10298]	-0.06331848	
NPEPL1	aminopeptidase like 1 [Source:HGNC Symbol;Acc:HGNC:16244]	-0.0633791	
SYT7	synaptotagmin 7 [Source:HGNC Symbol;Acc:HGNC:11514]	-0.064183004	
MLH1	mutL homolog 1 [Source:HGNC Symbol;Acc:HGNC:7127]	-0.064611346	
DOCK1	dedicator of cytokinesis 1 [Source:HGNC Symbol;Acc:HGNC:2987]	-0.064813994	
RPL14	ribosomal protein L14 [Source:HGNC Symbol;Acc:HGNC:10305]	-0.06613302	
DOT1L	DOT1 like histone lysine methyltransferase [Source:HGNC Symbol;Acc:HGNC:24948]	-0.06677458	
SKP1	S-phase kinase associated protein 1 [Source:HGNC Symbol;Acc:HGNC:10899]	-0.068454064	
RPP25	ribonuclease P and MRP subunit p25 [Source:HGNC Symbol;Acc:HGNC:30361]	-0.06868429	
LARGE1	LARGE xylosyl- and glucuronyltransferase 1 [Source:HGNC Symbol;Acc:HGNC:6511]	-0.06873274	
NEDD4	NEDD4 E3 ubiquitin protein ligase [Source:HGNC Symbol;Acc:HGNC:7727]	-0.06881005	
LSM5	LSM5 homolog, U6 small nuclear RNA and mRNA degradation associated [Source:HGNC Symbol;Acc:HGNC:17162]	-0.06946397	
CUL5	cullin 5 [Source:HGNC Symbol;Acc:HGNC:2556]	-0.06983395	
ECHS1	enoyl-CoA hydratase, short chain 1 [Source:HGNC Symbol;Acc:HGNC:3151]	-0.06987442	
TUBA1C	tubulin alpha 1c [Source:HGNC Symbol;Acc:HGNC:20768]	-0.07030301	
SRSF1	serine and arginine rich splicing factor 1 [Source:HGNC Symbol;Acc:HGNC:10780]	-0.07204549	
TAF12	TATA-box binding protein associated factor 12 [Source:HGNC Symbol;Acc:HGNC:11545]	-0.072845876	
RPS18	ribosomal protein S18 [Source:HGNC Symbol;Acc:HGNC:10401]	-0.0729075	
RIOK2	RIO kinase 2 [Source:HGNC Symbol;Acc:HGNC:18999]	-0.07314257	
MRPS7	mitochondrial ribosomal protein S7 [Source:HGNC Symbol;Acc:HGNC:14499]	-0.07344793	
ISCA2	iron-sulfur cluster assembly 2 [Source:HGNC Symbol;Acc:HGNC:19857]	-0.07403383	
ID2	inhibitor of DNA binding 2 [Source:HGNC Symbol;Acc:HGNC:5361]	-0.075356826	
SERP2	stress associated endoplasmic reticulum protein family member 2 [Source:HGNC Symbol;Acc:HGNC:20607]	-0.0759667	
PSMB7	proteasome 20S subunit beta 7 [Source:HGNC Symbol;Acc:HGNC:9544]	-0.076685786	
PEX13	peroxisomal biogenesis factor 13 [Source:HGNC Symbol;Acc:HGNC:8855]	-0.07707054	
CCT3	chaperonin containing TCP1 subunit 3 [Source:HGNC Symbol;Acc:HGNC:1616]	-0.077991985	
UNC5D	unc-5 netrin receptor D [Source:HGNC Symbol;Acc:HGNC:18634]	-0.078035966	
CSNK1E	casein kinase 1 epsilon [Source:HGNC Symbol;Acc:HGNC:2453]	-0.07822395	
NUBP1	NUBP iron-sulfur cluster assembly factor 1, cytosolic [Source:HGNC Symbol;Acc:HGNC:8041]	-0.07840004	
DDX3X	DEAD-box helicase 3 X-linked [Source:HGNC Symbol;Acc:HGNC:2745]	-0.07858132	
HAUS1	HAUS augmin like complex subunit 1 [Source:HGNC Symbol;Acc:HGNC:25174]	-0.0793735	
RPL27	ribosomal protein L27 [Source:HGNC Symbol;Acc:HGNC:10328]	-0.0802276	
ATXN2	ataxin 2 [Source:HGNC Symbol;Acc:HGNC:10555]	-0.0806506	
DNAJC8	DnaJ heat shock protein family (Hsp40) member C8 [Source:HGNC Symbol;Acc:HGNC:15470]	-0.081966445	
MRPS18A	mitochondrial ribosomal protein S18A [Source:HGNC Symbol;Acc:HGNC:14515]	-0.08221648	
PRG4	proteoglycan 4 [Source:HGNC Symbol;Acc:HGNC:9364]	-0.08410862	
CERS6	ceramide synthase 6 [Source:HGNC Symbol;Acc:HGNC:23826]	-0.08453775	
FRMD4B	FERM domain containing 4B [Source:HGNC Symbol;Acc:HGNC:24886]	-0.08460132	
PSMA4	proteasome 20S subunit alpha 4 [Source:HGNC Symbol;Acc:HGNC:9533]	-0.08473106	
LENG1	leukocyte receptor cluster member 1 [Source:HGNC Symbol;Acc:HGNC:15502]	-0.084839135	
RPS23	ribosomal protein S23 [Source:HGNC Symbol;Acc:HGNC:10410]	-0.08523685	
APAF1	apoptotic peptidase activating factor 1 [Source:HGNC Symbol;Acc:HGNC:576]	-0.08543535	
DCP2	decapping mRNA 2 [Source:HGNC Symbol;Acc:HGNC:24452]	-0.08557619	
RPL36	ribosomal protein L36 [Source:HGNC Symbol;Acc:HGNC:13631]	-0.08570568	
PSMA3	proteasome 20S subunit alpha 3 [Source:HGNC Symbol;Acc:HGNC:9532]	-0.08597985	
PRPS1	phosphoribosyl pyrophosphate synthetase 1 [Source:HGNC Symbol;Acc:HGNC:9462]	-0.0866018	
POU3F4	POU class 3 homeobox 4 [Source:HGNC Symbol;Acc:HGNC:9217]	-0.086827144	
ACTR1A	actin related protein 1A [Source:HGNC Symbol;Acc:HGNC:167]	-0.08724865	
ARL1	ADP ribosylation factor like GTPase 1 [Source:HGNC Symbol;Acc:HGNC:692]	-0.08793794	
NSA2	NSA2 ribosome biogenesis factor [Source:HGNC Symbol;Acc:HGNC:30728]	-0.088666245	
RPS27	ribosomal protein S27 [Source:HGNC Symbol;Acc:HGNC:10416]	-0.0893693	
PABPC4	poly(A) binding protein cytoplasmic 4 [Source:HGNC Symbol;Acc:HGNC:8557]	-0.089556254	
AP3B2	adaptor related protein complex 3 subunit beta 2 [Source:HGNC Symbol;Acc:HGNC:567]	-0.089892685	
JMJD6	jumonji domain containing 6, arginine demethylase and lysine hydroxylase [Source:HGNC Symbol;Acc:HGNC:19355]	-0.090727486	
NFU1	NFU1 iron-sulfur cluster scaffold [Source:HGNC Symbol;Acc:HGNC:16287]	-0.09076204	
ANKRD17	ankyrin repeat domain 17 [Source:HGNC Symbol;Acc:HGNC:23575]	-0.09083316	
RPL17	ribosomal protein L17 [Source:HGNC Symbol;Acc:HGNC:10307]	-0.09101849	
ARL3	ADP ribosylation factor like GTPase 3 [Source:HGNC Symbol;Acc:HGNC:694]	-0.09196894	
RER1	retention in endoplasmic reticulum sorting receptor 1 [Source:HGNC Symbol;Acc:HGNC:30309]	-0.09551558	
CEP97	centrosomal protein 97 [Source:HGNC Symbol;Acc:HGNC:26244]	-0.09645453	
COQ7	coenzyme Q7, hydroxylase [Source:HGNC Symbol;Acc:HGNC:2244]	-0.097737595	
CHMP5	charged multivesicular body protein 5 [Source:HGNC Symbol;Acc:HGNC:26942]	-0.097743236	
WDR62	WD repeat domain 62 [Source:HGNC Symbol;Acc:HGNC:24502]	-0.09779443	
MSH6	mutS homolog 6 [Source:HGNC Symbol;Acc:HGNC:7329]	-0.09899711	
COPS6	COP9 signalosome subunit 6 [Source:HGNC Symbol;Acc:HGNC:21749]	-0.09927817	
RPL10A	ribosomal protein L10a [Source:HGNC Symbol;Acc:HGNC:10299]	-0.10008727	
MRPS21	mitochondrial ribosomal protein S21 [Source:HGNC Symbol;Acc:HGNC:14046]	-0.10023142	
NME1	NME/NM23 nucleoside diphosphate kinase 1 [Source:HGNC Symbol;Acc:HGNC:7849]	-0.10068116	
RPS16	ribosomal protein S16 [Source:HGNC Symbol;Acc:HGNC:10396]	-0.10116792	
MED17	mediator complex subunit 17 [Source:HGNC Symbol;Acc:HGNC:2375]	-0.101808	
AGO1	argonaute RISC component 1 [Source:HGNC Symbol;Acc:HGNC:3262]	-0.10209364	
RPL5	ribosomal protein L5 [Source:HGNC Symbol;Acc:HGNC:10360]	-0.10272629	
PRDX6	peroxiredoxin 6 [Source:HGNC Symbol;Acc:HGNC:16753]	-0.102843605	
GTPBP1	GTP binding protein 1 [Source:HGNC Symbol;Acc:HGNC:4669]	-0.10308713	
EDEM2	ER degradation enhancing alpha-mannosidase like protein 2 [Source:HGNC Symbol;Acc:HGNC:15877]	-0.10347616	
GNA14	G protein subunit alpha 14 [Source:HGNC Symbol;Acc:HGNC:4382]	-0.10463188	
PSMB6	proteasome 20S subunit beta 6 [Source:HGNC Symbol;Acc:HGNC:9543]	-0.104900286	
UBE2M	ubiquitin conjugating enzyme E2 M [Source:HGNC Symbol;Acc:HGNC:12491]	-0.10510609	
LRRC40	leucine rich repeat containing 40 [Source:HGNC Symbol;Acc:HGNC:26004]	-0.10568428	
RPL37A	ribosomal protein L37a [Source:HGNC Symbol;Acc:HGNC:10348]	-0.10677916	
NDUFB6	NADH:ubiquinone oxidoreductase subunit B6 [Source:HGNC Symbol;Acc:HGNC:7701]	-0.10719187	
PPIL4	peptidylprolyl isomerase like 4 [Source:HGNC Symbol;Acc:HGNC:15702]	-0.108302616	
MKS1	MKS transition zone complex subunit 1 [Source:HGNC Symbol;Acc:HGNC:7121]	-0.109575175	
MRE11	MRE11 homolog, double strand break repair nuclease [Source:HGNC Symbol;Acc:HGNC:7230]	-0.11005295	
PPFIA1	PTPRF interacting protein alpha 1 [Source:HGNC Symbol;Acc:HGNC:9245]	-0.110402614	
RPL28	ribosomal protein L28 [Source:HGNC Symbol;Acc:HGNC:10330]	-0.11045377	
RPS14	ribosomal protein S14 [Source:HGNC Symbol;Acc:HGNC:10387]	-0.11048198	
CNOT6L	CCR4-NOT transcription complex subunit 6 like [Source:HGNC Symbol;Acc:HGNC:18042]	-0.111043066	
RPL15	ribosomal protein L15 [Source:HGNC Symbol;Acc:HGNC:10306]	-0.11215214	
PGM2	phosphoglucomutase 2 [Source:HGNC Symbol;Acc:HGNC:8906]	-0.112616666	
HAUS3	HAUS augmin like complex subunit 3 [Source:HGNC Symbol;Acc:HGNC:28719]	-0.11262661	
COX5B	cytochrome c oxidase subunit 5B [Source:HGNC Symbol;Acc:HGNC:2269]	-0.112843364	
MED26	mediator complex subunit 26 [Source:HGNC Symbol;Acc:HGNC:2376]	-0.11593774	
TGFBR1	transforming growth factor beta receptor 1 [Source:HGNC Symbol;Acc:HGNC:11772]	-0.11635849	
SNAP25	synaptosome associated protein 25 [Source:HGNC Symbol;Acc:HGNC:11132]	-0.11691698	
WSB1	WD repeat and SOCS box containing 1 [Source:HGNC Symbol;Acc:HGNC:19221]	-0.117015734	
MAMDC2	MAM domain containing 2 [Source:HGNC Symbol;Acc:HGNC:23673]	-0.11834551	
CRB2	crumbs cell polarity complex component 2 [Source:HGNC Symbol;Acc:HGNC:18688]	-0.11929454	
CDC27	cell division cycle 27 [Source:HGNC Symbol;Acc:HGNC:1728]	-0.119555205	
TRAF3IP1	TRAF3 interacting protein 1 [Source:HGNC Symbol;Acc:HGNC:17861]	-0.12087961	
PTPN11	protein tyrosine phosphatase non-receptor type 11 [Source:HGNC Symbol;Acc:HGNC:9644]	-0.12132042	
MPP7	MAGUK p55 scaffold protein 7 [Source:HGNC Symbol;Acc:HGNC:26542]	-0.12211981	
ACAT2	acetyl-CoA acetyltransferase 2 [Source:HGNC Symbol;Acc:HGNC:94]	-0.12282774	
DYNLRB2	dynein light chain roadblock-type 2 [Source:HGNC Symbol;Acc:HGNC:15467]	-0.12297168	
TALDO1	transaldolase 1 [Source:HGNC Symbol;Acc:HGNC:11559]	-0.123527005	
NXT1	nuclear transport factor 2 like export factor 1 [Source:HGNC Symbol;Acc:HGNC:15913]	-0.12366748	
RPL9	ribosomal protein L9 [Source:HGNC Symbol;Acc:HGNC:10369]	-0.12528422	
BCAR1	BCAR1 scaffold protein, Cas family member [Source:HGNC Symbol;Acc:HGNC:971]	-0.12595317	
INO80	INO80 complex ATPase subunit [Source:HGNC Symbol;Acc:HGNC:26956]	-0.12616874	
BANF1	BAF nuclear assembly factor 1 [Source:HGNC Symbol;Acc:HGNC:17397]	-0.12620178	
RAB43	RAB43, member RAS oncogene family [Source:HGNC Symbol;Acc:HGNC:19983]	-0.12713127	
HMCN2	hemicentin 2 [Source:HGNC Symbol;Acc:HGNC:21293]	-0.12755652	
RPL36A	ribosomal protein L36a [Source:HGNC Symbol;Acc:HGNC:10359]	-0.12813295	
RPL18	ribosomal protein L18 [Source:HGNC Symbol;Acc:HGNC:10310]	-0.12863116	
TOP3B	DNA topoisomerase III beta [Source:HGNC Symbol;Acc:HGNC:11993]	-0.12896065	
PLA2G2A	phospholipase A2 group IIA [Source:HGNC Symbol;Acc:HGNC:9031]	-0.130647	
SEL1L	SEL1L adaptor subunit of ERAD E3 ubiquitin ligase [Source:HGNC Symbol;Acc:HGNC:10717]	-0.13090454	
MSANTD2	Myb/SANT DNA binding domain containing 2 [Source:HGNC Symbol;Acc:HGNC:26266]	-0.13096471	
SHISA5	shisa family member 5 [Source:HGNC Symbol;Acc:HGNC:30376]	-0.1315025	
CCDC25	coiled-coil domain containing 25 [Source:HGNC Symbol;Acc:HGNC:25591]	-0.13152784	
MRPS25	mitochondrial ribosomal protein S25 [Source:HGNC Symbol;Acc:HGNC:14511]	-0.1321589	
ENY2	ENY2 transcription and export complex 2 subunit [Source:HGNC Symbol;Acc:HGNC:24449]	-0.13345315	
COX6B1	cytochrome c oxidase subunit 6B1 [Source:HGNC Symbol;Acc:HGNC:2280]	-0.13372189	
MED22	mediator complex subunit 22 [Source:HGNC Symbol;Acc:HGNC:11477]	-0.13379575	
TCP1	t-complex 1 [Source:HGNC Symbol;Acc:HGNC:11655]	-0.13454267	
RPL8	ribosomal protein L8 [Source:HGNC Symbol;Acc:HGNC:10368]	-0.13557471	
COMMD5	COMM domain containing 5 [Source:HGNC Symbol;Acc:HGNC:17902]	-0.1370782	
GDI1	GDP dissociation inhibitor 1 [Source:HGNC Symbol;Acc:HGNC:4226]	-0.1373348	
RPL30	ribosomal protein L30 [Source:HGNC Symbol;Acc:HGNC:10333]	-0.13738592	
PHAF1	phagosome assembly factor 1 [Source:HGNC Symbol;Acc:HGNC:29564]	-0.13982092	
GGT1	gamma-glutamyltransferase 1 [Source:HGNC Symbol;Acc:HGNC:4250]	-0.13998708	
B3GALT2	beta-1,3-galactosyltransferase 2 [Source:HGNC Symbol;Acc:HGNC:917]	-0.14000528	
IDH1	isocitrate dehydrogenase (NADP(+)) 1 [Source:HGNC Symbol;Acc:HGNC:5382]	-0.1400065	
DALRD3	DALR anticodon binding domain containing 3 [Source:HGNC Symbol;Acc:HGNC:25536]	-0.14091103	
LAP3	leucine aminopeptidase 3 [Source:HGNC Symbol;Acc:HGNC:18449]	-0.14228651	
RAD51C	RAD51 paralog C [Source:HGNC Symbol;Acc:HGNC:9820]	-0.14255008	
RPL35	ribosomal protein L35 [Source:HGNC Symbol;Acc:HGNC:10344]	-0.1432299	
RPS26	ribosomal protein S26 [Source:HGNC Symbol;Acc:HGNC:10414]	-0.143345	
ARPC3	actin related protein 2/3 complex subunit 3 [Source:HGNC Symbol;Acc:HGNC:706]	-0.14510973	
COQ2	coenzyme Q2, polyprenyltransferase [Source:HGNC Symbol;Acc:HGNC:25223]	-0.14555606	
RPS8	ribosomal protein S8 [Source:HGNC Symbol;Acc:HGNC:10441]	-0.14562684	
WIPI2	WD repeat domain, phosphoinositide interacting 2 [Source:HGNC Symbol;Acc:HGNC:32225]	-0.14672954	
COPB1	COPI coat complex subunit beta 1 [Source:HGNC Symbol;Acc:HGNC:2231]	-0.14719765	
ARL2	ADP ribosylation factor like GTPase 2 [Source:HGNC Symbol;Acc:HGNC:693]	-0.14865868	
GUK1	guanylate kinase 1 [Source:HGNC Symbol;Acc:HGNC:4693]	-0.15120278	
RBBP5	RB binding protein 5, histone lysine methyltransferase complex subunit [Source:HGNC Symbol;Acc:HGNC:9888]	-0.15203941	
SEM1	SEM1 26S proteasome subunit [Source:HGNC Symbol;Acc:HGNC:10845]	-0.1537743	
ORC2	origin recognition complex subunit 2 [Source:HGNC Symbol;Acc:HGNC:8488]	-0.15562934	
CRY1	cryptochrome circadian regulator 1 [Source:HGNC Symbol;Acc:HGNC:2384]	-0.15603465	
MAP1LC3C	microtubule associated protein 1 light chain 3 gamma [Source:HGNC Symbol;Acc:HGNC:13353]	-0.15673009	
CTNNAL1	catenin alpha like 1 [Source:HGNC Symbol;Acc:HGNC:2512]	-0.15678401	
PRDX4	peroxiredoxin 4 [Source:HGNC Symbol;Acc:HGNC:17169]	-0.15932967	
LAMTOR2	late endosomal/lysosomal adaptor, MAPK and MTOR activator 2 [Source:HGNC Symbol;Acc:HGNC:29796]	-0.1594102	
SYN1	synapsin I [Source:HGNC Symbol;Acc:HGNC:11494]	-0.15951319	
FABP7	fatty acid binding protein 7 [Source:HGNC Symbol;Acc:HGNC:3562]	-0.1595858	
ARPC4	actin related protein 2/3 complex subunit 4 [Source:HGNC Symbol;Acc:HGNC:707]	-0.15971191	
HOXA1	homeobox A1 [Source:HGNC Symbol;Acc:HGNC:5099]	-0.15986274	
WNT9B	Wnt family member 9B [Source:HGNC Symbol;Acc:HGNC:12779]	-0.16119905	
RPS10	ribosomal protein S10 [Source:HGNC Symbol;Acc:HGNC:10383]	-0.16134134	
RBM22	RNA binding motif protein 22 [Source:HGNC Symbol;Acc:HGNC:25503]	-0.16318017	
DUOX1	dual oxidase 1 [Source:HGNC Symbol;Acc:HGNC:3062]	-0.16331606	
NTHL1	nth like DNA glycosylase 1 [Source:HGNC Symbol;Acc:HGNC:8028]	-0.1633528	
RCBTB2	RCC1 and BTB domain containing protein 2 [Source:HGNC Symbol;Acc:HGNC:1914]	-0.16450734	
PMF1	polyamine modulated factor 1 [Source:HGNC Symbol;Acc:HGNC:9112]	-0.16544724	
RPS29	ribosomal protein S29 [Source:HGNC Symbol;Acc:HGNC:10419]	-0.16673397	
MRPL20	mitochondrial ribosomal protein L20 [Source:HGNC Symbol;Acc:HGNC:14478]	-0.16717549	
PPT2	palmitoyl-protein thioesterase 2 [Source:HGNC Symbol;Acc:HGNC:9326]	-0.16793092	
RAP2C	RAP2C, member of RAS oncogene family [Source:HGNC Symbol;Acc:HGNC:21165]	-0.16880235	
RPL24	ribosomal protein L24 [Source:HGNC Symbol;Acc:HGNC:10325]	-0.1689085	
PPP2R5D	protein phosphatase 2 regulatory subunit B'delta [Source:HGNC Symbol;Acc:HGNC:9312]	-0.16906098	
DOK7	docking protein 7 [Source:HGNC Symbol;Acc:HGNC:26594]	-0.16961648	
NUP62CL	nucleoporin 62 C-terminal like [Source:HGNC Symbol;Acc:HGNC:25960]	-0.16977714	
ZRANB2	zinc finger RANBP2-type containing 2 [Source:HGNC Symbol;Acc:HGNC:13058]	-0.17174841	
TANGO2	transport and golgi organization 2 homolog [Source:HGNC Symbol;Acc:HGNC:25439]	-0.172401	
ATG5	autophagy related 5 [Source:HGNC Symbol;Acc:HGNC:589]	-0.1728995	
INF2	inverted formin 2 [Source:HGNC Symbol;Acc:HGNC:23791]	-0.17474443	
GOT1	glutamic-oxaloacetic transaminase 1 [Source:HGNC Symbol;Acc:HGNC:4432]	-0.17636904	
RPS13	ribosomal protein S13 [Source:HGNC Symbol;Acc:HGNC:10386]	-0.17676623	
DNM1	dynamin 1 [Source:HGNC Symbol;Acc:HGNC:2972]	-0.17728795	
METTL5	methyltransferase 5, N6-adenosine [Source:HGNC Symbol;Acc:HGNC:25006]	-0.17746921	
TNPO1	transportin 1 [Source:HGNC Symbol;Acc:HGNC:6401]	-0.17865592	
COX11	cytochrome c oxidase copper chaperone COX11 [Source:HGNC Symbol;Acc:HGNC:2261]	-0.17902888	
MRPL32	mitochondrial ribosomal protein L32 [Source:HGNC Symbol;Acc:HGNC:14035]	-0.1824611	
PSMA5	proteasome 20S subunit alpha 5 [Source:HGNC Symbol;Acc:HGNC:9534]	-0.18304019	
MAP3K9	mitogen-activated protein kinase kinase kinase 9 [Source:HGNC Symbol;Acc:HGNC:6861]	-0.18328722	
RFC5	replication factor C subunit 5 [Source:HGNC Symbol;Acc:HGNC:9973]	-0.18356419	
ABCD4	ATP binding cassette subfamily D member 4 [Source:HGNC Symbol;Acc:HGNC:68]	-0.18603106	
ANKRD28	ankyrin repeat domain 28 [Source:HGNC Symbol;Acc:HGNC:29024]	-0.1862522	
COPZ1	COPI coat complex subunit zeta 1 [Source:HGNC Symbol;Acc:HGNC:2243]	-0.18628532	
TOR4A	torsin family 4 member A [Source:HGNC Symbol;Acc:HGNC:25981]	-0.18723103	
RBM47	RNA binding motif protein 47 [Source:HGNC Symbol;Acc:HGNC:30358]	-0.18823348	
MAP1LC3A	microtubule associated protein 1 light chain 3 alpha [Source:HGNC Symbol;Acc:HGNC:6838]	-0.18831463	
UBA1	ubiquitin like modifier activating enzyme 1 [Source:HGNC Symbol;Acc:HGNC:12469]	-0.193281	
NSUN4	NOP2/Sun RNA methyltransferase 4 [Source:HGNC Symbol;Acc:HGNC:31802]	-0.19334744	
SNX12	sorting nexin 12 [Source:HGNC Symbol;Acc:HGNC:14976]	-0.19379474	
RGS20	regulator of G protein signaling 20 [Source:HGNC Symbol;Acc:HGNC:14600]	-0.19425832	
RASSF5	Ras association domain family member 5 [Source:HGNC Symbol;Acc:HGNC:17609]	-0.19563529	
RNF11	ring finger protein 11 [Source:HGNC Symbol;Acc:HGNC:10056]	-0.19658084	
MED16	mediator complex subunit 16 [Source:HGNC Symbol;Acc:HGNC:17556]	-0.19708294	
RPRD2	regulation of nuclear pre-mRNA domain containing 2 [Source:HGNC Symbol;Acc:HGNC:29039]	-0.19721785	
INTS3	integrator complex subunit 3 [Source:HGNC Symbol;Acc:HGNC:26153]	-0.19730279	
UNC13B	unc-13 homolog B [Source:HGNC Symbol;Acc:HGNC:12566]	-0.19879527	
NDUFA2	NADH:ubiquinone oxidoreductase subunit A2 [Source:HGNC Symbol;Acc:HGNC:7685]	-0.20364097	
TRIM9	tripartite motif containing 9 [Source:HGNC Symbol;Acc:HGNC:16288]	-0.2039622	
COG8	component of oligomeric golgi complex 8 [Source:HGNC Symbol;Acc:HGNC:18623]	-0.20500605	
RAB23	RAB23, member RAS oncogene family [Source:HGNC Symbol;Acc:HGNC:14263]	-0.20529455	
TLK2	tousled like kinase 2 [Source:HGNC Symbol;Acc:HGNC:11842]	-0.20535998	
VDAC2	voltage dependent anion channel 2 [Source:HGNC Symbol;Acc:HGNC:12672]	-0.20798835	
RCL1	RNA terminal phosphate cyclase like 1 [Source:HGNC Symbol;Acc:HGNC:17687]	-0.20821762	
QTRT1	queuine tRNA-ribosyltransferase catalytic subunit 1 [Source:HGNC Symbol;Acc:HGNC:23797]	-0.20876785	
POLR2H	RNA polymerase II, I and III subunit H [Source:HGNC Symbol;Acc:HGNC:9195]	-0.20905055	
AP1S2	adaptor related protein complex 1 subunit sigma 2 [Source:HGNC Symbol;Acc:HGNC:560]	-0.21453375	
CYC1	cytochrome c1 [Source:HGNC Symbol;Acc:HGNC:2579]	-0.21615276	
MDH2	malate dehydrogenase 2 [Source:HGNC Symbol;Acc:HGNC:6971]	-0.21618903	
CDIP1	cell death inducing p53 target 1 [Source:HGNC Symbol;Acc:HGNC:13234]	-0.22092196	
PSMB3	proteasome 20S subunit beta 3 [Source:HGNC Symbol;Acc:HGNC:9540]	-0.22118782	
TMCO6	transmembrane and coiled-coil domains 6 [Source:HGNC Symbol;Acc:HGNC:28814]	-0.22300385	
LSM7	LSM7 homolog, U6 small nuclear RNA and mRNA degradation associated [Source:HGNC Symbol;Acc:HGNC:20470]	-0.22446011	
NMT2	N-myristoyltransferase 2 [Source:HGNC Symbol;Acc:HGNC:7858]	-0.22488107	
DCTN5	dynactin subunit 5 [Source:HGNC Symbol;Acc:HGNC:24594]	-0.22523995	
COMMD2	COMM domain containing 2 [Source:HGNC Symbol;Acc:HGNC:24993]	-0.22535822	
CTNNBL1	catenin beta like 1 [Source:HGNC Symbol;Acc:HGNC:15879]	-0.22550589	
OXNAD1	oxidoreductase NAD binding domain containing 1 [Source:HGNC Symbol;Acc:HGNC:25128]	-0.22615029	
EXTL3	exostosin like glycosyltransferase 3 [Source:HGNC Symbol;Acc:HGNC:3518]	-0.226574	
CSNK1G2	casein kinase 1 gamma 2 [Source:HGNC Symbol;Acc:HGNC:2455]	-0.22709124	
MED15	mediator complex subunit 15 [Source:HGNC Symbol;Acc:HGNC:14248]	-0.22796145	
ENPP1	ectonucleotide pyrophosphatase/phosphodiesterase 1 [Source:HGNC Symbol;Acc:HGNC:3356]	-0.22999145	
PPIL1	peptidylprolyl isomerase like 1 [Source:HGNC Symbol;Acc:HGNC:9260]	-0.23019432	
DAD1	defender against cell death 1 [Source:HGNC Symbol;Acc:HGNC:2664]	-0.2310198	
UBA3	ubiquitin like modifier activating enzyme 3 [Source:HGNC Symbol;Acc:HGNC:12470]	-0.23152173	
TK1	thymidine kinase 1 [Source:HGNC Symbol;Acc:HGNC:11830]	-0.23233162	
RAB2A	RAB2A, member RAS oncogene family [Source:HGNC Symbol;Acc:HGNC:9763]	-0.23330942	
AKR1A1	aldo-keto reductase family 1 member A1 [Source:HGNC Symbol;Acc:HGNC:380]	-0.23330986	
EIF5A	eukaryotic translation initiation factor 5A [Source:HGNC Symbol;Acc:HGNC:3300]	-0.23407161	
AP2S1	adaptor related protein complex 2 subunit sigma 1 [Source:HGNC Symbol;Acc:HGNC:565]	-0.23441203	
POLR3K	RNA polymerase III subunit K [Source:HGNC Symbol;Acc:HGNC:14121]	-0.23610492	
TPI1	triosephosphate isomerase 1 [Source:HGNC Symbol;Acc:HGNC:12009]	-0.23669083	
CCDC40	coiled-coil domain containing 40 [Source:HGNC Symbol;Acc:HGNC:26090]	-0.23689584	
GSK3B	glycogen synthase kinase 3 beta [Source:HGNC Symbol;Acc:HGNC:4617]	-0.23833624	
MIS12	MIS12 kinetochore complex component [Source:HGNC Symbol;Acc:HGNC:24967]	-0.23903447	
RPL37	ribosomal protein L37 [Source:HGNC Symbol;Acc:HGNC:10347]	-0.23946187	
PPP2R3C	protein phosphatase 2 regulatory subunit B''gamma [Source:HGNC Symbol;Acc:HGNC:17485]	-0.24097626	
GPN1	GPN-loop GTPase 1 [Source:HGNC Symbol;Acc:HGNC:17030]	-0.24103738	
MYD88	MYD88 innate immune signal transduction adaptor [Source:HGNC Symbol;Acc:HGNC:7562]	-0.24150407	
CNEP1R1	CTD nuclear envelope phosphatase 1 regulatory subunit 1 [Source:HGNC Symbol;Acc:HGNC:26759]	-0.24212994	
SYT15	synaptotagmin 15 [Source:HGNC Symbol;Acc:HGNC:17167]	-0.24259172	
RPL27A	ribosomal protein L27a [Source:HGNC Symbol;Acc:HGNC:10329]	-0.24306017	
RSAD2	radical S-adenosyl methionine domain containing 2 [Source:HGNC Symbol;Acc:HGNC:30908]	-0.24387519	
MAN1A2	mannosidase alpha class 1A member 2 [Source:HGNC Symbol;Acc:HGNC:6822]	-0.24562138	
GOT2	glutamic-oxaloacetic transaminase 2 [Source:HGNC Symbol;Acc:HGNC:4433]	-0.24571633	
TPH1	tryptophan hydroxylase 1 [Source:HGNC Symbol;Acc:HGNC:12008]	-0.24573965	
IER3IP1	immediate early response 3 interacting protein 1 [Source:HGNC Symbol;Acc:HGNC:18550]	-0.24605963	
TUBG1	tubulin gamma 1 [Source:HGNC Symbol;Acc:HGNC:12417]	-0.24643476	
TCF24	transcription factor 24 [Source:HGNC Symbol;Acc:HGNC:32275]	-0.24652086	
VPS29	VPS29 retromer complex component [Source:HGNC Symbol;Acc:HGNC:14340]	-0.2468053	
LUC7L2	LUC7 like 2, pre-mRNA splicing factor [Source:HGNC Symbol;Acc:HGNC:21608]	-0.24699505	
SPG21	SPG21 abhydrolase domain containing, maspardin [Source:HGNC Symbol;Acc:HGNC:20373]	-0.24752605	
HM13	histocompatibility minor 13 [Source:HGNC Symbol;Acc:HGNC:16435]	-0.24961996	
WNT4	Wnt family member 4 [Source:HGNC Symbol;Acc:HGNC:12783]	-0.24984874	
CHTF8	chromosome transmission fidelity factor 8 [Source:HGNC Symbol;Acc:HGNC:24353]	-0.25115508	
MORF4L1	mortality factor 4 like 1 [Source:HGNC Symbol;Acc:HGNC:16989]	-0.25177836	
COG7	component of oligomeric golgi complex 7 [Source:HGNC Symbol;Acc:HGNC:18622]	-0.2548381	
SIX4	SIX homeobox 4 [Source:HGNC Symbol;Acc:HGNC:10890]	-0.25686783	
SMAD3	SMAD family member 3 [Source:HGNC Symbol;Acc:HGNC:6769]	-0.2579765	
UFD1	ubiquitin recognition factor in ER associated degradation 1 [Source:HGNC Symbol;Acc:HGNC:12520]	-0.25987026	
TEX11	testis expressed 11 [Source:HGNC Symbol;Acc:HGNC:11733]	-0.25996482	
RAB10	RAB10, member RAS oncogene family [Source:HGNC Symbol;Acc:HGNC:9759]	-0.26128745	
RAB35	RAB35, member RAS oncogene family [Source:HGNC Symbol;Acc:HGNC:9774]	-0.26259035	
MRPS17	mitochondrial ribosomal protein S17 [Source:HGNC Symbol;Acc:HGNC:14047]	-0.2638831	
SETD9	SET domain containing 9 [Source:HGNC Symbol;Acc:HGNC:28508]	-0.26538983	
LSM8	LSM8 homolog, U6 small nuclear RNA associated [Source:HGNC Symbol;Acc:HGNC:20471]	-0.27167216	
ADRM1	ADRM1 26S proteasome ubiquitin receptor [Source:HGNC Symbol;Acc:HGNC:15759]	-0.27185202	
KCNJ6	potassium inwardly rectifying channel subfamily J member 6 [Source:HGNC Symbol;Acc:HGNC:6267]	-0.2747156	
ARHGEF12	Rho guanine nucleotide exchange factor 12 [Source:HGNC Symbol;Acc:HGNC:14193]	-0.27493998	
MED31	mediator complex subunit 31 [Source:HGNC Symbol;Acc:HGNC:24260]	-0.27496642	
FUBP1	far upstream element binding protein 1 [Source:HGNC Symbol;Acc:HGNC:4004]	-0.27546233	
KLHL5	kelch like family member 5 [Source:HGNC Symbol;Acc:HGNC:6356]	-0.2763724	
GIGYF1	GRB10 interacting GYF protein 1 [Source:HGNC Symbol;Acc:HGNC:9126]	-0.27746114	
PARD6G	par-6 family cell polarity regulator gamma [Source:HGNC Symbol;Acc:HGNC:16076]	-0.2796381	
SEC22B	SEC22 homolog B, vesicle trafficking protein [Source:HGNC Symbol;Acc:HGNC:10700]	-0.28003478	
XPO7	exportin 7 [Source:HGNC Symbol;Acc:HGNC:14108]	-0.28181604	
NBEAL1	neurobeachin like 1 [Source:HGNC Symbol;Acc:HGNC:20681]	-0.2833659	
SHMT1	serine hydroxymethyltransferase 1 [Source:HGNC Symbol;Acc:HGNC:10850]	-0.28372806	
CHRNA9	cholinergic receptor nicotinic alpha 9 subunit [Source:HGNC Symbol;Acc:HGNC:14079]	-0.28388187	
ABCC10	ATP binding cassette subfamily C member 10 [Source:HGNC Symbol;Acc:HGNC:52]	-0.2839441	
DESI2	desumoylating isopeptidase 2 [Source:HGNC Symbol;Acc:HGNC:24264]	-0.2894864	
ANKRD6	ankyrin repeat domain 6 [Source:HGNC Symbol;Acc:HGNC:17280]	-0.29200464	
COPS9	COP9 signalosome subunit 9 [Source:HGNC Symbol;Acc:HGNC:21314]	-0.2923888	
TXNL4A	thioredoxin like 4A [Source:HGNC Symbol;Acc:HGNC:30551]	-0.29320586	
MED18	mediator complex subunit 18 [Source:HGNC Symbol;Acc:HGNC:25944]	-0.29355493	
NDUFA5	NADH:ubiquinone oxidoreductase subunit A5 [Source:HGNC Symbol;Acc:HGNC:7688]	-0.29382765	
MED19	mediator complex subunit 19 [Source:HGNC Symbol;Acc:HGNC:29600]	-0.29504737	
BCAS2	BCAS2 pre-mRNA processing factor [Source:HGNC Symbol;Acc:HGNC:975]	-0.29529122	
SEC13	SEC13 homolog, nuclear pore and COPII coat complex component [Source:HGNC Symbol;Acc:HGNC:10697]	-0.29741725	
MRPL53	mitochondrial ribosomal protein L53 [Source:HGNC Symbol;Acc:HGNC:16684]	-0.29992738	
FOXD1	forkhead box D1 [Source:HGNC Symbol;Acc:HGNC:3802]	-0.3016	
CTDSP1	CTD small phosphatase 1 [Source:HGNC Symbol;Acc:HGNC:21614]	-0.30508998	
RANBP1	RAN binding protein 1 [Source:HGNC Symbol;Acc:HGNC:9847]	-0.3112635	
NCOA2	nuclear receptor coactivator 2 [Source:HGNC Symbol;Acc:HGNC:7669]	-0.31132138	
USE1	unconventional SNARE in the ER 1 [Source:HGNC Symbol;Acc:HGNC:30882]	-0.31343314	
TEX10	testis expressed 10 [Source:HGNC Symbol;Acc:HGNC:25988]	-0.3148755	
RPL18A	ribosomal protein L18a [Source:HGNC Symbol;Acc:HGNC:10311]	-0.31513584	
MCM3	minichromosome maintenance complex component 3 [Source:HGNC Symbol;Acc:HGNC:6945]	-0.3188357	
UBE2J2	ubiquitin conjugating enzyme E2 J2 [Source:HGNC Symbol;Acc:HGNC:19268]	-0.31945446	
NEK7	NIMA related kinase 7 [Source:HGNC Symbol;Acc:HGNC:13386]	-0.3210172	
CFAP20	cilia and flagella associated protein 20 [Source:HGNC Symbol;Acc:HGNC:29523]	-0.32494715	
STK11	serine/threonine kinase 11 [Source:HGNC Symbol;Acc:HGNC:11389]	-0.32562453	
PPP5C	protein phosphatase 5 catalytic subunit [Source:HGNC Symbol;Acc:HGNC:9322]	-0.32781056	
TOPBP1	DNA topoisomerase II binding protein 1 [Source:HGNC Symbol;Acc:HGNC:17008]	-0.33808056	
COMMD10	COMM domain containing 10 [Source:HGNC Symbol;Acc:HGNC:30201]	-0.34504575	
ABCD2	ATP binding cassette subfamily D member 2 [Source:HGNC Symbol;Acc:HGNC:66]	-0.34536266	
UBE2I	ubiquitin conjugating enzyme E2 I [Source:HGNC Symbol;Acc:HGNC:12485]	-0.34638783	
TAF8	TATA-box binding protein associated factor 8 [Source:HGNC Symbol;Acc:HGNC:17300]	-0.34653056	
PIK3CA	phosphatidylinositol-4,5-bisphosphate 3-kinase catalytic subunit alpha [Source:HGNC Symbol;Acc:HGNC:8975]	-0.3466828	
ING3	inhibitor of growth family member 3 [Source:HGNC Symbol;Acc:HGNC:14587]	-0.34684843	
SSU72	SSU72 homolog, RNA polymerase II CTD phosphatase [Source:HGNC Symbol;Acc:HGNC:25016]	-0.34738714	
DNAJC9	DnaJ heat shock protein family (Hsp40) member C9 [Source:HGNC Symbol;Acc:HGNC:19123]	-0.34946004	
CDK10	cyclin dependent kinase 10 [Source:HGNC Symbol;Acc:HGNC:1770]	-0.34950706	
IFT43	intraflagellar transport 43 [Source:HGNC Symbol;Acc:HGNC:29669]	-0.3509541	
PTPRN2	protein tyrosine phosphatase receptor type N2 [Source:HGNC Symbol;Acc:HGNC:9677]	-0.35132566	
WDR83	WD repeat domain 83 [Source:HGNC Symbol;Acc:HGNC:32672]	-0.35418245	
RTF1	RTF1 homolog, Paf1/RNA polymerase II complex component [Source:HGNC Symbol;Acc:HGNC:28996]	-0.35841903	
FBXL4	F-box and leucine rich repeat protein 4 [Source:HGNC Symbol;Acc:HGNC:13601]	-0.3597321	
POP4	POP4 homolog, ribonuclease P/MRP subunit [Source:HGNC Symbol;Acc:HGNC:30081]	-0.3599272	
YPEL3	yippee like 3 [Source:HGNC Symbol;Acc:HGNC:18327]	-0.3599287	
XRCC2	X-ray repair cross complementing 2 [Source:HGNC Symbol;Acc:HGNC:12829]	-0.3608733	
ANKRD16	ankyrin repeat domain 16 [Source:HGNC Symbol;Acc:HGNC:23471]	-0.3614362	
CNDP2	carnosine dipeptidase 2 [Source:HGNC Symbol;Acc:HGNC:24437]	-0.36297718	
MOB4	MOB family member 4, phocein [Source:HGNC Symbol;Acc:HGNC:17261]	-0.36420026	
CDK17	cyclin dependent kinase 17 [Source:HGNC Symbol;Acc:HGNC:8750]	-0.36862716	
HP1BP3	heterochromatin protein 1 binding protein 3 [Source:HGNC Symbol;Acc:HGNC:24973]	-0.3695001	
RPAP3	RNA polymerase II associated protein 3 [Source:HGNC Symbol;Acc:HGNC:26151]	-0.3748398	
RPS6KB1	ribosomal protein S6 kinase B1 [Source:HGNC Symbol;Acc:HGNC:10436]	-0.37542334	
ARL4C	ADP ribosylation factor like GTPase 4C [Source:HGNC Symbol;Acc:HGNC:698]	-0.37583572	
TMEM33	transmembrane protein 33 [Source:HGNC Symbol;Acc:HGNC:25541]	-0.37687206	
LMTK2	lemur tyrosine kinase 2 [Source:HGNC Symbol;Acc:HGNC:17880]	-0.3776537	
RNF13	ring finger protein 13 [Source:HGNC Symbol;Acc:HGNC:10057]	-0.378104	
CPN2	carboxypeptidase N subunit 2 [Source:HGNC Symbol;Acc:HGNC:2313]	-0.37975785	
VPS25	vacuolar protein sorting 25 homolog [Source:HGNC Symbol;Acc:HGNC:28122]	-0.38026232	
NFE2L1	NFE2 like bZIP transcription factor 1 [Source:HGNC Symbol;Acc:HGNC:7781]	-0.38051453	
IFT57	intraflagellar transport 57 [Source:HGNC Symbol;Acc:HGNC:17367]	-0.38834044	
BBS1	Bardet-Biedl syndrome 1 [Source:HGNC Symbol;Acc:HGNC:966]	-0.3890763	
CAMTA1	calmodulin binding transcription activator 1 [Source:HGNC Symbol;Acc:HGNC:18806]	-0.39159745	
VIPAS39	VPS33B interacting protein, apical-basolateral polarity regulator, spe-39 homolog [Source:HGNC Symbol;Acc:HGNC:20347]	-0.39550358	
TRPM7	transient receptor potential cation channel subfamily M member 7 [Source:HGNC Symbol;Acc:HGNC:17994]	-0.40214205	
SESN1	sestrin 1 [Source:HGNC Symbol;Acc:HGNC:21595]	-0.4028738	
RAB32	RAB32, member RAS oncogene family [Source:HGNC Symbol;Acc:HGNC:9772]	-0.40459016	
RPA3	replication protein A3 [Source:HGNC Symbol;Acc:HGNC:10291]	-0.4049092	
CDK2	cyclin dependent kinase 2 [Source:HGNC Symbol;Acc:HGNC:1771]	-0.40511644	
MOCS2	molybdenum cofactor synthesis 2 [Source:HGNC Symbol;Acc:HGNC:7193]	-0.40559414	
ORC6	origin recognition complex subunit 6 [Source:HGNC Symbol;Acc:HGNC:17151]	-0.40576857	
GTF2H5	general transcription factor IIH subunit 5 [Source:HGNC Symbol;Acc:HGNC:21157]	-0.41068536	
MRPS33	mitochondrial ribosomal protein S33 [Source:HGNC Symbol;Acc:HGNC:16634]	-0.4128114	
HAUS4	HAUS augmin like complex subunit 4 [Source:HGNC Symbol;Acc:HGNC:20163]	-0.41545078	
MED7	mediator complex subunit 7 [Source:HGNC Symbol;Acc:HGNC:2378]	-0.41760293	
FBXO7	F-box protein 7 [Source:HGNC Symbol;Acc:HGNC:13586]	-0.4185897	
RNF41	ring finger protein 41 [Source:HGNC Symbol;Acc:HGNC:18401]	-0.4203032	
FTSJ1	FtsJ RNA 2'-O-methyltransferase 1 [Source:HGNC Symbol;Acc:HGNC:13254]	-0.42271456	
ABCB7	ATP binding cassette subfamily B member 7 [Source:HGNC Symbol;Acc:HGNC:48]	-0.42499283	
TTC26	tetratricopeptide repeat domain 26 [Source:HGNC Symbol;Acc:HGNC:21882]	-0.42801476	
RAB33B	RAB33B, member RAS oncogene family [Source:HGNC Symbol;Acc:HGNC:16075]	-0.42938453	
CEP41	centrosomal protein 41 [Source:HGNC Symbol;Acc:HGNC:12370]	-0.430104	
TRMT11	tRNA methyltransferase 11 homolog [Source:HGNC Symbol;Acc:HGNC:21080]	-0.43588528	
SRPK2	SRSF protein kinase 2 [Source:HGNC Symbol;Acc:HGNC:11306]	-0.43596235	
LMBRD2	LMBR1 domain containing 2 [Source:HGNC Symbol;Acc:HGNC:25287]	-0.44165272	
FLT1	fms related receptor tyrosine kinase 1 [Source:HGNC Symbol;Acc:HGNC:3763]	-0.44285807	
MCM2	minichromosome maintenance complex component 2 [Source:HGNC Symbol;Acc:HGNC:6944]	-0.4449741	
BIN3	bridging integrator 3 [Source:HGNC Symbol;Acc:HGNC:1054]	-0.44503897	
BLOC1S6	biogenesis of lysosomal organelles complex 1 subunit 6 [Source:HGNC Symbol;Acc:HGNC:8549]	-0.44969842	
SMC3	structural maintenance of chromosomes 3 [Source:HGNC Symbol;Acc:HGNC:2468]	-0.44980532	
KIF27	kinesin family member 27 [Source:HGNC Symbol;Acc:HGNC:18632]	-0.4520951	
WDR45	WD repeat domain 45 [Source:HGNC Symbol;Acc:HGNC:28912]	-0.46196902	
KAT6A	lysine acetyltransferase 6A [Source:HGNC Symbol;Acc:HGNC:13013]	-0.4631113	
SEC63	SEC63 homolog, protein translocation regulator [Source:HGNC Symbol;Acc:HGNC:21082]	-0.46765456	
MED23	mediator complex subunit 23 [Source:HGNC Symbol;Acc:HGNC:2372]	-0.47290963	
GMPR2	guanosine monophosphate reductase 2 [Source:HGNC Symbol;Acc:HGNC:4377]	-0.4790218	
CD63	CD63 molecule [Source:HGNC Symbol;Acc:HGNC:1692]	-0.47941148	
TM9SF4	transmembrane 9 superfamily member 4 [Source:HGNC Symbol;Acc:HGNC:30797]	-0.48258477	
CDKL1	cyclin dependent kinase like 1 [Source:HGNC Symbol;Acc:HGNC:1781]	-0.48313257	
TACR2	tachykinin receptor 2 [Source:HGNC Symbol;Acc:HGNC:11527]	-0.48865482	
UBE2G1	ubiquitin conjugating enzyme E2 G1 [Source:HGNC Symbol;Acc:HGNC:12482]	-0.4898081	
RFC3	replication factor C subunit 3 [Source:HGNC Symbol;Acc:HGNC:9971]	-0.4899836	
RIC8A	RIC8 guanine nucleotide exchange factor A [Source:HGNC Symbol;Acc:HGNC:29550]	-0.49128634	
PRR7	proline rich 7, synaptic [Source:HGNC Symbol;Acc:HGNC:28130]	-0.49402744	
UBE2H	ubiquitin conjugating enzyme E2 H [Source:HGNC Symbol;Acc:HGNC:12484]	-0.49838978	
HINT2	histidine triad nucleotide binding protein 2 [Source:HGNC Symbol;Acc:HGNC:18344]	-0.49903664	
KCNH5	potassium voltage-gated channel subfamily H member 5 [Source:HGNC Symbol;Acc:HGNC:6254]	-0.5036206	
ZSCAN5B	zinc finger and SCAN domain containing 5B [Source:HGNC Symbol;Acc:HGNC:34246]	-0.50394434	
XXYLT1	xyloside xylosyltransferase 1 [Source:HGNC Symbol;Acc:HGNC:26639]	-0.50733215	
PRPSAP2	phosphoribosyl pyrophosphate synthetase associated protein 2 [Source:HGNC Symbol;Acc:HGNC:9467]	-0.5077595	
BTBD9	BTB domain containing 9 [Source:HGNC Symbol;Acc:HGNC:21228]	-0.50948685	
AP3S2	adaptor related protein complex 3 subunit sigma 2 [Source:HGNC Symbol;Acc:HGNC:571]	-0.5167	
CDK5	cyclin dependent kinase 5 [Source:HGNC Symbol;Acc:HGNC:1774]	-0.5225185	
EIF5	eukaryotic translation initiation factor 5 [Source:HGNC Symbol;Acc:HGNC:3299]	-0.52495205	
ATG13	autophagy related 13 [Source:HGNC Symbol;Acc:HGNC:29091]	-0.5277076	
DPAGT1	dolichyl-phosphate N-acetylglucosaminephosphotransferase 1 [Source:HGNC Symbol;Acc:HGNC:2995]	-0.5302372	
VPS28	VPS28 subunit of ESCRT-I [Source:HGNC Symbol;Acc:HGNC:18178]	-0.5322996	
PSMC3	proteasome 26S subunit, ATPase 3 [Source:HGNC Symbol;Acc:HGNC:9549]	-0.53305995	
PAK3	p21 (RAC1) activated kinase 3 [Source:HGNC Symbol;Acc:HGNC:8592]	-0.5343915	
ART4	ADP-ribosyltransferase 4 (inactive) (Dombrock blood group) [Source:HGNC Symbol;Acc:HGNC:726]	-0.5367071	
RAB1A	RAB1A, member RAS oncogene family [Source:HGNC Symbol;Acc:HGNC:9758]	-0.53984904	
MIEN1	migration and invasion enhancer 1 [Source:HGNC Symbol;Acc:HGNC:28230]	-0.5477843	
ZPR1	ZPR1 zinc finger [Source:HGNC Symbol;Acc:HGNC:13051]	-0.5481427	
DDA1	DET1 and DDB1 associated 1 [Source:HGNC Symbol;Acc:HGNC:28360]	-0.5490239	
DHX36	DEAH-box helicase 36 [Source:HGNC Symbol;Acc:HGNC:14410]	-0.55468655	
ETFRF1	electron transfer flavoprotein regulatory factor 1 [Source:HGNC Symbol;Acc:HGNC:27052]	-0.556623	
CEP78	centrosomal protein 78 [Source:HGNC Symbol;Acc:HGNC:25740]	-0.559443	
MRPS34	mitochondrial ribosomal protein S34 [Source:HGNC Symbol;Acc:HGNC:16618]	-0.5606125	
RRM1	ribonucleotide reductase catalytic subunit M1 [Source:HGNC Symbol;Acc:HGNC:10451]	-0.5616648	
GGPS1	geranylgeranyl diphosphate synthase 1 [Source:HGNC Symbol;Acc:HGNC:4249]	-0.56168437	
AP2M1	adaptor related protein complex 2 subunit mu 1 [Source:HGNC Symbol;Acc:HGNC:564]	-0.5700502	
MED8	mediator complex subunit 8 [Source:HGNC Symbol;Acc:HGNC:19971]	-0.58067924	
ZDHHC8	zinc finger DHHC-type palmitoyltransferase 8 [Source:HGNC Symbol;Acc:HGNC:18474]	-0.58423376	
FEN1	flap structure-specific endonuclease 1 [Source:HGNC Symbol;Acc:HGNC:3650]	-0.5881645	
GLO1	glyoxalase I [Source:HGNC Symbol;Acc:HGNC:4323]	-0.59072334	
SASS6	SAS-6 centriolar assembly protein [Source:HGNC Symbol;Acc:HGNC:25403]	-0.5952049	
KCNH6	potassium voltage-gated channel subfamily H member 6 [Source:HGNC Symbol;Acc:HGNC:18862]	-0.59667134	
PRMT8	protein arginine methyltransferase 8 [Source:HGNC Symbol;Acc:HGNC:5188]	-0.6113642	
MKRN1	makorin ring finger protein 1 [Source:HGNC Symbol;Acc:HGNC:7112]	-0.61269957	
MRPL27	mitochondrial ribosomal protein L27 [Source:HGNC Symbol;Acc:HGNC:14483]	-0.6150143	
SERHL2	serine hydrolase like 2 [Source:HGNC Symbol;Acc:HGNC:29446]	-0.6288724	
PDCD7	programmed cell death 7 [Source:HGNC Symbol;Acc:HGNC:8767]	-0.63837546	
ICE2	interactor of little elongation complex ELL subunit 2 [Source:HGNC Symbol;Acc:HGNC:29885]	-0.6433461	
HTRA2	HtrA serine peptidase 2 [Source:HGNC Symbol;Acc:HGNC:14348]	-0.6664544	
HAUS6	HAUS augmin like complex subunit 6 [Source:HGNC Symbol;Acc:HGNC:25948]	-0.66990465	
CWC25	CWC25 spliceosome associated protein homolog [Source:HGNC Symbol;Acc:HGNC:25989]	-0.6975163	
PTGS2	prostaglandin-endoperoxide synthase 2 [Source:HGNC Symbol;Acc:HGNC:9605]	-0.69805086	
PTPN13	protein tyrosine phosphatase non-receptor type 13 [Source:HGNC Symbol;Acc:HGNC:9646]	-0.71158314	
THOC3	THO complex subunit 3 [Source:HGNC Symbol;Acc:HGNC:19072]	-0.71605176	
PANK1	pantothenate kinase 1 [Source:HGNC Symbol;Acc:HGNC:8598]	-0.72611254	
SMPD3	sphingomyelin phosphodiesterase 3 [Source:HGNC Symbol;Acc:HGNC:14240]	-0.7276109	
XBP1	X-box binding protein 1 [Source:HGNC Symbol;Acc:HGNC:12801]	-0.7318294	
PEX2	peroxisomal biogenesis factor 2 [Source:HGNC Symbol;Acc:HGNC:9717]	-0.73814595	
PFKFB1	6-phosphofructo-2-kinase/fructose-2,6-biphosphatase 1 [Source:HGNC Symbol;Acc:HGNC:8872]	-0.7405542	
CACNB1	calcium voltage-gated channel auxiliary subunit beta 1 [Source:HGNC Symbol;Acc:HGNC:1401]	-0.74132866	
CCDC65	coiled-coil domain containing 65 [Source:HGNC Symbol;Acc:HGNC:29937]	-0.7515919	
UBE2C	ubiquitin conjugating enzyme E2 C [Source:HGNC Symbol;Acc:HGNC:15937]	-0.75243205	
TRAPPC4	trafficking protein particle complex subunit 4 [Source:HGNC Symbol;Acc:HGNC:19943]	-0.7545009	
MYH1	myosin heavy chain 1 [Source:HGNC Symbol;Acc:HGNC:7567]	-0.7691326	
INTS12	integrator complex subunit 12 [Source:HGNC Symbol;Acc:HGNC:25067]	-0.7704013	
GRK3	G protein-coupled receptor kinase 3 [Source:HGNC Symbol;Acc:HGNC:290]	-0.7721048	
HOXA3	homeobox A3 [Source:HGNC Symbol;Acc:HGNC:5104]	-0.7797759	
GM2A	ganglioside GM2 activator [Source:HGNC Symbol;Acc:HGNC:4367]	-0.7803156	
DEGS1	delta 4-desaturase, sphingolipid 1 [Source:HGNC Symbol;Acc:HGNC:13709]	-0.81009305	
SURF4	surfeit 4 [Source:HGNC Symbol;Acc:HGNC:11476]	-0.8102001	
RAB21	RAB21, member RAS oncogene family [Source:HGNC Symbol;Acc:HGNC:18263]	-0.8167821	
DCLRE1B	DNA cross-link repair 1B [Source:HGNC Symbol;Acc:HGNC:17641]	-0.8228252	
MRPL18	mitochondrial ribosomal protein L18 [Source:HGNC Symbol;Acc:HGNC:14477]	-0.8296062	
CHP1	calcineurin like EF-hand protein 1 [Source:HGNC Symbol;Acc:HGNC:17433]	-0.83199435	
NUDT2	nudix hydrolase 2 [Source:HGNC Symbol;Acc:HGNC:8049]	-0.83425003	
SSR3	signal sequence receptor subunit 3 [Source:HGNC Symbol;Acc:HGNC:11325]	-0.84536994	
MINPP1	multiple inositol-polyphosphate phosphatase 1 [Source:HGNC Symbol;Acc:HGNC:7102]	-0.8537507	
TSEN54	tRNA splicing endonuclease subunit 54 [Source:HGNC Symbol;Acc:HGNC:27561]	-0.8799885	
SERINC5	serine incorporator 5 [Source:HGNC Symbol;Acc:HGNC:18825]	-0.88371503	
WNT9A	Wnt family member 9A [Source:HGNC Symbol;Acc:HGNC:12778]	-0.8882464	
AMMECR1	AMMECR nuclear protein 1 [Source:HGNC Symbol;Acc:HGNC:467]	-0.8887399	
SURF1	SURF1 cytochrome c oxidase assembly factor [Source:HGNC Symbol;Acc:HGNC:11474]	-0.8901832	
UBLCP1	ubiquitin like domain containing CTD phosphatase 1 [Source:HGNC Symbol;Acc:HGNC:28110]	-0.9145835	
GEMIN8	gem nuclear organelle associated protein 8 [Source:HGNC Symbol;Acc:HGNC:26044]	-0.92302495	
UCHL5	ubiquitin C-terminal hydrolase L5 [Source:HGNC Symbol;Acc:HGNC:19678]	-0.9419206	
PRKAG2	protein kinase AMP-activated non-catalytic subunit gamma 2 [Source:HGNC Symbol;Acc:HGNC:9386]	-0.9421293	
ARPC2	actin related protein 2/3 complex subunit 2 [Source:HGNC Symbol;Acc:HGNC:705]	-0.9436032	
NHEJ1	non-homologous end joining factor 1 [Source:HGNC Symbol;Acc:HGNC:25737]	-0.9565085	
CLIP1	CAP-Gly domain containing linker protein 1 [Source:HGNC Symbol;Acc:HGNC:10461]	-0.97191036	
CNOT9	CCR4-NOT transcription complex subunit 9 [Source:HGNC Symbol;Acc:HGNC:10445]	-1.0137819	
ERCC5	ERCC excision repair 5, endonuclease [Source:HGNC Symbol;Acc:HGNC:3437]	-1.0162896	
COMMD3	COMM domain containing 3 [Source:HGNC Symbol;Acc:HGNC:23332]	-1.0257014	
XRCC5	X-ray repair cross complementing 5 [Source:HGNC Symbol;Acc:HGNC:12833]	-1.0553669	
PPIL3	peptidylprolyl isomerase like 3 [Source:HGNC Symbol;Acc:HGNC:9262]	-1.0703912	
USP12	ubiquitin specific peptidase 12 [Source:HGNC Symbol;Acc:HGNC:20485]	-1.0750059	
TRIM2	tripartite motif containing 2 [Source:HGNC Symbol;Acc:HGNC:15974]	-1.091718	
RAD1	RAD1 checkpoint DNA exonuclease [Source:HGNC Symbol;Acc:HGNC:9806]	-1.1495787	
PSMG1	proteasome assembly chaperone 1 [Source:HGNC Symbol;Acc:HGNC:3043]	-1.1749526	
ANAPC11	anaphase promoting complex subunit 11 [Source:HGNC Symbol;Acc:HGNC:14452]	-1.239528	
MFSD12	major facilitator superfamily domain containing 12 [Source:HGNC Symbol;Acc:HGNC:28299]	-1.3356687	
SEMA5A	semaphorin 5A [Source:HGNC Symbol;Acc:HGNC:10736]	-1.3488395	
SPG7	SPG7 matrix AAA peptidase subunit, paraplegin [Source:HGNC Symbol;Acc:HGNC:11237]	-1.357757	
SWI5	SWI5 homologous recombination repair protein [Source:HGNC Symbol;Acc:HGNC:31412]	-1.4038503	
HBP1	HMG-box transcription factor 1 [Source:HGNC Symbol;Acc:HGNC:23200]	-1.4786727	
SLC9A8	solute carrier family 9 member A8 [Source:HGNC Symbol;Acc:HGNC:20728]	-1.5130408	
HPRT1	hypoxanthine phosphoribosyltransferase 1 [Source:HGNC Symbol;Acc:HGNC:5157]	-1.5967059	
SEC61G	SEC61 translocon subunit gamma [Source:HGNC Symbol;Acc:HGNC:18277]	-1.6030978	
ORC4	origin recognition complex subunit 4 [Source:HGNC Symbol;Acc:HGNC:8490]	-1.6458018	
CUL2	cullin 2 [Source:HGNC Symbol;Acc:HGNC:2552]	-1.6748818	
MSH4	mutS homolog 4 [Source:HGNC Symbol;Acc:HGNC:7327]	-2.0610936	
