NAME	# MATCHING PROBE SETS	MATCHING PROBE SET(S)	
MRPS6	1	MRPS6	
WDR17	1	WDR17	
FGFR3	1	FGFR3	
IMP4	1	IMP4	
UCKL1	1	UCKL1	
NPY1R	1	NPY1R	
XPNPEP2	1	XPNPEP2	
CHRNA7	1	CHRNA7	
RPAP1	1	RPAP1	
PNPT1	1	PNPT1	
NEIL1	1	NEIL1	
NOP14	1	NOP14	
UNC13A	1	UNC13A	
MRPL15	1	MRPL15	
ATF6	1	ATF6	
TRUB1	1	TRUB1	
ALDH1L1	1	ALDH1L1	
SC5D	1	SC5D	
INTS11	1	INTS11	
FUT7	1	FUT7	
GRHL3	1	GRHL3	
RSPH3	1	RSPH3	
FKBP2	1	FKBP2	
CERS3	1	CERS3	
CHURC1	1	CHURC1	
KDM1A	1	KDM1A	
NOP58	1	NOP58	
SIK2	1	SIK2	
SCUBE3	1	SCUBE3	
PNO1	1	PNO1	
RIN2	1	RIN2	
UBE2T	1	UBE2T	
DRG2	1	DRG2	
NIP7	1	NIP7	
RAP1B	1	RAP1B	
POLR2C	1	POLR2C	
TMPRSS4	1	TMPRSS4	
SSBP3	1	SSBP3	
PCYT2	1	PCYT2	
TRAP1	1	TRAP1	
BUB3	1	BUB3	
ALDH1A1	1	ALDH1A1	
BRD8	1	BRD8	
MED4	1	MED4	
SNRNP40	1	SNRNP40	
MYO1A	1	MYO1A	
COG3	1	COG3	
SF3A2	1	SF3A2	
PNPLA4	1	PNPLA4	
CDC40	1	CDC40	
NOP2	1	NOP2	
PRODH2	1	PRODH2	
GPR83	1	GPR83	
RGS9BP	1	RGS9BP	
VAMP3	1	VAMP3	
HCN2	1	HCN2	
CELF3	1	CELF3	
ALDH8A1	1	ALDH8A1	
LIX1L	1	LIX1L	
ATE1	1	ATE1	
HCN4	1	HCN4	
POLR2E	1	POLR2E	
MAP2K3	1	MAP2K3	
AIMP2	1	AIMP2	
TC2N	1	TC2N	
GTPBP4	1	GTPBP4	
RAB4B	1	RAB4B	
SOX14	1	SOX14	
IMP3	1	IMP3	
ETHE1	1	ETHE1	
EIF1AD	1	EIF1AD	
FBP1	1	FBP1	
MRPS14	1	MRPS14	
STOML2	1	STOML2	
ELP3	1	ELP3	
UXS1	1	UXS1	
MRPL16	1	MRPL16	
PDE12	1	PDE12	
DUSP8	1	DUSP8	
PARD3	1	PARD3	
CRIP1	1	CRIP1	
RAB37	1	RAB37	
ACTL10	1	ACTL10	
SF3B4	1	SF3B4	
SF3A3	1	SF3A3	
MUS81	1	MUS81	
MRPL46	1	MRPL46	
AGO3	1	AGO3	
MEP1A	1	MEP1A	
PPP1CB	1	PPP1CB	
MRPS18B	1	MRPS18B	
IST1	1	IST1	
SYT4	1	SYT4	
DIMT1	1	DIMT1	
MRPS30	1	MRPS30	
METAP1	1	METAP1	
MLST8	1	MLST8	
EFHD2	1	EFHD2	
TSR2	1	TSR2	
MRPL28	1	MRPL28	
METTL6	1	METTL6	
SUCLA2	1	SUCLA2	
ARF4	1	ARF4	
DDX18	1	DDX18	
ZNF43	1	ZNF43	
ALDH6A1	1	ALDH6A1	
MICALL2	1	MICALL2	
FOXL1	1	FOXL1	
SF3B2	1	SF3B2	
TRAFD1	1	TRAFD1	
ABCD3	1	ABCD3	
MRPL45	1	MRPL45	
TLN2	1	TLN2	
COPS4	1	COPS4	
CLCA4	1	CLCA4	
EIF3L	1	EIF3L	
NPR1	1	NPR1	
SRP14	1	SRP14	
EIF4A2	1	EIF4A2	
CHMP2A	1	CHMP2A	
GAL3ST1	1	GAL3ST1	
UBL3	1	UBL3	
TM9SF2	1	TM9SF2	
RAE1	1	RAE1	
NAA10	1	NAA10	
BCS1L	1	BCS1L	
SMU1	1	SMU1	
DMRT2	1	DMRT2	
PCSK2	1	PCSK2	
RBM8A	1	RBM8A	
SNX6	1	SNX6	
NOP10	1	NOP10	
PSMD3	1	PSMD3	
HSPA9	1	HSPA9	
FOXB2	1	FOXB2	
YPEL5	1	YPEL5	
XRN2	1	XRN2	
MRPL30	1	MRPL30	
ABCE1	1	ABCE1	
JAKMIP2	1	JAKMIP2	
MAP3K4	1	MAP3K4	
EIF6	1	EIF6	
CRNKL1	1	CRNKL1	
DPH5	1	DPH5	
TLR6	1	TLR6	
UNC5B	1	UNC5B	
GLOD4	1	GLOD4	
OGFOD2	1	OGFOD2	
WNT7B	1	WNT7B	
MRPS2	1	MRPS2	
ISM1	1	ISM1	
GRAMD1A	1	GRAMD1A	
TFAP2E	1	TFAP2E	
PSMC2	1	PSMC2	
MRPL48	1	MRPL48	
SREK1	1	SREK1	
SPPL3	1	SPPL3	
CLCC1	1	CLCC1	
FANCD2	1	FANCD2	
DNAJC4	1	DNAJC4	
GGT7	1	GGT7	
CDK8	1	CDK8	
MUC22	1	MUC22	
NUP62	1	NUP62	
NOX5	1	NOX5	
MRPL3	1	MRPL3	
PCID2	1	PCID2	
CNOT7	1	CNOT7	
CIAO1	1	CIAO1	
ORC5	1	ORC5	
GPD2	1	GPD2	
FLI1	1	FLI1	
KCNMA1	1	KCNMA1	
MKNK2	1	MKNK2	
RPN2	1	RPN2	
USP39	1	USP39	
NMD3	1	NMD3	
LCLAT1	1	LCLAT1	
DDX17	1	DDX17	
TRAPPC5	1	TRAPPC5	
MCCC2	1	MCCC2	
PSMA1	1	PSMA1	
MMS19	1	MMS19	
AFG3L2	1	AFG3L2	
DMAP1	1	DMAP1	
SRP68	1	SRP68	
MRPL21	1	MRPL21	
COX17	1	COX17	
G6PD	1	G6PD	
MTHFD1	1	MTHFD1	
ARF6	1	ARF6	
ERLIN1	1	ERLIN1	
SIRT4	1	SIRT4	
MTUS2	1	MTUS2	
GUF1	1	GUF1	
OXCT1	1	OXCT1	
UGP2	1	UGP2	
ADAT3	1	ADAT3	
ECH1	1	ECH1	
RPL38	1	RPL38	
DDX1	1	DDX1	
NCAM1	1	NCAM1	
STOML1	1	STOML1	
GNPDA1	1	GNPDA1	
NLE1	1	NLE1	
SMARCE1	1	SMARCE1	
ACO2	1	ACO2	
MAPRE1	1	MAPRE1	
PRPF6	1	PRPF6	
MNS1	1	MNS1	
CCND2	1	CCND2	
POLDIP2	1	POLDIP2	
RAB39A	1	RAB39A	
SLC6A3	1	SLC6A3	
TAF11	1	TAF11	
RAB44	1	RAB44	
WDR82	1	WDR82	
METTL9	1	METTL9	
PRPF8	1	PRPF8	
NFS1	1	NFS1	
UBA2	1	UBA2	
AP3M1	1	AP3M1	
ARRB2	1	ARRB2	
CDK7	1	CDK7	
PAIP2	1	PAIP2	
KIF3A	1	KIF3A	
EIF4G1	1	EIF4G1	
RAD51B	1	RAD51B	
ANP32A	1	ANP32A	
NSMCE1	1	NSMCE1	
NUCB1	1	NUCB1	
MOCS1	1	MOCS1	
FMR1	1	FMR1	
WASF3	1	WASF3	
PHLDB2	1	PHLDB2	
ARL5B	1	ARL5B	
UBE2R2	1	UBE2R2	
MRPL47	1	MRPL47	
RAD21	1	RAD21	
TAF7	1	TAF7	
SCFD1	1	SCFD1	
ZSWIM7	1	ZSWIM7	
SGSM3	1	SGSM3	
NDUFS4	1	NDUFS4	
MRPL24	1	MRPL24	
USP14	1	USP14	
CDK1	1	CDC2	
BRIP1	1	BRIP1	
SEH1L	1	SEH1L	
GSTZ1	1	GSTZ1	
GP1BA	1	GP1BA	
MRPS16	1	MRPS16	
SLC4A9	1	SLC4A9	
DNAL1	1	DNAL1	
SEC16B	1	SEC16B	
POLE3	1	POLE3	
DHX16	1	DHX16	
DHX8	1	DHX8	
WNT16	1	WNT16	
NFKBIL1	1	NFKBIL1	
HDDC3	1	HDDC3	
SHMT2	1	SHMT2	
CD55	1	CD55	
GRIK1	1	GRIK1	
MRPS10	1	MRPS10	
CYB5R2	1	CYB5R2	
MBTPS1	1	MBTPS1	
TIMM17B	1	TIMM17B	
TARBP1	1	TARBP1	
ALAS1	1	ALAS1	
ACTL6B	1	ACTL6B	
PDE8A	1	PDE8A	
FAM32A	1	FAM32A	
PSMD2	1	PSMD2	
POC1A	1	POC1A	
ACY1	1	ACY1	
VPS35	1	VPS35	
SWT1	1	SWT1	
SELENBP1	1	SELENBP1	
UPF2	1	UPF2	
CARHSP1	1	CARHSP1	
WDR5	1	WDR5	
CALD1	1	CALD1	
ACAA2	1	ACAA2	
GLRX5	1	GLRX5	
EIF3E	1	EIF3E	
UBE2J1	1	UBE2J1	
NOL10	1	NOL10	
DYNC1I1	1	DYNC1I1	
MGAT2	1	MGAT2	
BRWD3	1	BRWD3	
MRPL37	1	MRPL37	
NT5C3A	1	NT5C3	
ABHD5	1	ABHD5	
HMCN1	1	HMCN1	
SIN3B	1	SIN3B	
PEX16	1	PEX16	
INTS8	1	INTS8	
ACAT1	1	ACAT1	
IGHMBP2	1	IGHMBP2	
WDR3	1	WDR3	
BTBD3	1	BTBD3	
RPL34	1	RPL34	
ANKFY1	1	ANKFY1	
HID1	1	HID1	
MRPL41	1	MRPL41	
MTMR2	1	MTMR2	
ALKBH8	1	ALKBH8	
NUP58	1	NUP58	
NHP2	1	NHP2	
MYO6	1	MYO6	
POLE2	1	POLE2	
SOD2	1	SOD2	
PDAP1	1	PDAP1	
UBL5	1	UBL5	
MED6	1	MED6	
KCTD10	1	KCTD10	
MRPL1	1	MRPL1	
TAF2	1	TAF2	
FKBP3	1	FKBP3	
SFT2D2	1	SFT2D2	
STK36	1	STK36	
REXO2	1	REXO2	
LIG4	1	LIG4	
PPP6C	1	PPP6C	
CSNK1A1	1	CSNK1A1	
MRPL22	1	MRPL22	
BRSK1	1	BRSK1	
IKZF5	1	IKZF5	
SUCLG2	1	SUCLG2	
LSM1	1	LSM1	
NOP56	1	NOP56	
CCT2	1	CCT2	
KPNA5	1	KPNA5	
GSPT1	1	GSPT1	
PTP4A3	1	PTP4A3	
CSTF2	1	CSTF2	
ZNF14	1	ZNF14	
MAK16	1	MAK16	
BUD23	1	BUD23	
UBE2L3	1	UBE2L3	
LSM3	1	LSM3	
UBE2G2	1	UBE2G2	
CUL4B	1	CUL4B	
UFC1	1	UFC1	
NAT10	1	NAT10	
PPP1CA	1	PPP1CA	
PLCH1	1	PLCH1	
ZBTB8OS	1	ZBTB8OS	
ADD1	1	ADD1	
GPX7	1	GPX7	
TTC36	1	TTC36	
PRPF31	1	PRPF31	
POLR2F	1	POLR2F	
PTDSS2	1	PTDSS2	
NCAM2	1	NCAM2	
RSRC2	1	RSRC2	
PLSCR3	1	PLSCR3	
LRP6	1	LRP6	
MAU2	1	MAU2	
PRKAB1	1	PRKAB1	
PDSS1	1	PDSS1	
MCTS1	1	MCTS1	
RHOBTB3	1	RHOBTB3	
NAA20	1	NAA20	
USP19	1	USP19	
TBX18	1	TBX18	
ATG10	1	ATG10	
FRMD4A	1	FRMD4A	
SRP9	1	SRP9	
TAF10	1	TAF10	
CMC1	1	CMC1	
SMAD4	1	SMAD4	
GFPT2	1	GFPT2	
SPDL1	1	SPDL1	
PMS2	1	PMS2	
AKT1	1	AKT1	
PIN4	1	PIN4	
DHX15	1	DHX15	
EMG1	1	EMG1	
ATXN3	1	ATXN3	
METAP2	1	METAP2	
CTU1	1	CTU1	
WDR45B	1	WDR45B	
HTATIP2	1	HTATIP2	
NIPSNAP3A	1	NIPSNAP3A	
ERGIC1	1	ERGIC1	
RPL19	1	RPL19	
UBE2V1	1	UBE2V1	
ORMDL3	1	ORMDL3	
AMDHD1	1	AMDHD1	
JPH3	1	JPH3	
CELF2	1	CELF2	
EIF1AY	1	EIF1AY	
LHX9	1	LHX9	
UBE2W	1	UBE2W	
BLOC1S1	1	BLOC1S1	
TUBGCP6	1	TUBGCP6	
TEAD1	1	TEAD1	
DPM1	1	DPM1	
SSC5D	1	SSC5D	
GID4	1	GID4	
D2HGDH	1	D2HGDH	
PALS2	1	MPP6	
SLC51A	1	SLC51A	
COPS2	1	COPS2	
KCTD5	1	KCTD5	
MAPK1	1	MAPK1	
LSM6	1	LSM6	
CABP1	1	CABP1	
KDM3A	1	KDM3A	
SIX6	1	SIX6	
TYW3	1	TYW3	
SRA1	1	SRA1	
RNF4	1	RNF4	
DPH1	1	DPH1	
NDUFS8	1	NDUFS8	
CDC42	1	CDC42	
GLB1L2	1	GLB1L2	
PAX3	1	PAX3	
APOL6	1	APOL6	
NDUFV2	1	NDUFV2	
POMT2	1	POMT2	
NDUFS3	1	NDUFS3	
SYT14	1	SYT14	
TMCO1	1	TMCO1	
UPB1	1	UPB1	
EFTUD2	1	EFTUD2	
MRPL4	1	MRPL4	
RPL29	1	RPL29	
PLEKHG5	1	PLEKHG5	
ZSWIM5	1	ZSWIM5	
FRMD7	1	FRMD7	
TIAL1	1	TIAL1	
CHI3L2	1	CHI3L2	
MAP2K4	1	MAP2K4	
IFT20	1	IFT20	
MYO19	1	MYO19	
NDUFV1	1	NDUFV1	
VPS33B	1	VPS33B	
SUCLG1	1	SUCLG1	
FOXL2	1	FOXL2	
MRPS11	1	MRPS11	
CCT4	1	CCT4	
MRC2	1	MRC2	
PDE6D	1	PDE6D	
GNB5	1	GNB5	
PRELID2	1	PRELID2	
SSX2IP	1	SSX2IP	
GOLGA4	1	GOLGA4	
KAT8	1	KAT8	
PICK1	1	PICK1	
UQCRC2	1	UQCRC2	
ITPR1	1	ITPR1	
PPP2R5E	1	PPP2R5E	
EIF1	1	EIF1	
ABCF2	1	ABCF2	
AHCYL2	1	AHCYL2	
LSM4	1	LSM4	
RPL23A	1	RPL23A	
ORC1	1	ORC1	
PPP4C	1	PPP4C	
RACK1	1	RACK1	
CHIC1	1	CHIC1	
STX19	1	STX19	
RPL32	1	RPL32	
THOC6	1	THOC6	
PLEKHJ1	1	PLEKHJ1	
MRPS28	1	MRPS28	
AGPAT5	1	AGPAT5	
CCT6A	1	CCT6A	
ATP1B1	1	ATP1B1	
MDH1	1	MDH1	
MCCC1	1	MCCC1	
RRP9	1	RRP9	
EIF2B1	1	EIF2B1	
HDAC4	1	HDAC4	
NANOS3	1	NANOS3	
RPL13	1	RPL13	
MRPL19	1	MRPL19	
RPS24	1	RPS24	
TMA7	1	TMA7	
AP1B1	1	AP1B1	
DCAF17	1	DCAF17	
IDH3B	1	IDH3B	
TRAPPC2	1	TRAPPC2	
RPL7A	1	RPL7A	
TMED2	1	TMED2	
SAP30	1	SAP30	
AK6	1	AK6	
SRSF4	1	SRSF4	
THOC5	1	THOC5	
CHD1	1	CHD1	
FAM98B	1	FAM98B	
PSMA7	1	PSMA7	
DDB1	1	DDB1	
SF3B1	1	SF3B1	
MRPS18C	1	MRPS18C	
RAD54L	1	RAD54L	
MRPL43	1	MRPL43	
PSMD11	1	PSMD11	
ATP6V0B	1	ATP6V0B	
RPL11	1	RPL11	
RPL22	1	RPL22	
SIRT6	1	SIRT6	
ACVRL1	1	ACVRL1	
TAF5	1	TAF5	
ZMAT2	1	ZMAT2	
MPC1	1	MPC1	
RPS28	1	RPS28	
AMPD2	1	AMPD2	
SUMF1	1	SUMF1	
RWDD3	1	RWDD3	
PPWD1	1	PPWD1	
HINT1	1	HINT1	
PLK1	1	PLK1	
LIN7C	1	LIN7C	
MRPL2	1	MRPL2	
NDUFS5	1	NDUFS5	
LONRF2	1	LONRF2	
CDC37	1	CDC37	
RPS19	1	RPS19	
PLCG2	1	PLCG2	
SLC1A3	1	SLC1A3	
RPS11	1	RPS11	
STT3A	1	STT3A	
MRPL51	1	MRPL51	
WDR48	1	WDR48	
ROPN1L	1	ROPN1L	
MED21	1	MED21	
RNF7	1	RNF7	
MFAP1	1	MFAP1	
ATP2B3	1	ATP2B3	
TCEANC2	1	TCEANC2	
ARCN1	1	ARCN1	
URM1	1	URM1	
RPS3	1	RPS3	
SREBF2	1	SREBF2	
TAF13	1	TAF13	
TMPRSS9	1	TMPRSS9	
RPL39	1	RPL39	
PAQR5	1	PAQR5	
NDUFS6	1	NDUFS6	
MRPS24	1	MRPS24	
EMC6	1	EMC6	
TMEM41B	1	TMEM41B	
JARID2	1	JARID2	
EEF1E1	1	EEF1E1	
YEATS4	1	YEATS4	
CYTH1	1	CYTH1	
TMEM50A	1	TMEM50A	
YIPF6	1	YIPF6	
CPSF7	1	CPSF7	
PRKAA2	1	PRKAA2	
RPLP1	1	RPLP1	
ARPC1A	1	ARPC1A	
PPP2CA	1	PPP2CA	
PSMC6	1	PSMC6	
RNF19A	1	RNF19A	
ADCY3	1	ADCY3	
MLC1	1	MLC1	
RBM39	1	RBM39	
IDH2	1	IDH2	
NLRC4	1	NLRC4	
CBFA2T2	1	CBFA2T2	
RPL6	1	RPL6	
FOXC1	1	FOXC1	
ME1	1	ME1	
KPNB1	1	KPNB1	
MRPL17	1	MRPL17	
ASCC1	1	ASCC1	
MRPL13	1	MRPL13	
TMEM14C	1	TMEM14C	
PSMA2	1	PSMA2	
CHCHD4	1	CHCHD4	
PXMP4	1	PXMP4	
PTGER4	1	PTGER4	
PGAM5	1	PGAM5	
TP53RK	1	TP53RK	
KCNA3	1	KCNA3	
HIP1	1	HIP1	
PLEKHF2	1	PLEKHF2	
MRPS22	1	MRPS22	
SKP2	1	SKP2	
CCT7	1	CCT7	
PSMF1	1	PSMF1	
MOCS3	1	MOCS3	
NDUFS7	1	NDUFS7	
CDK12	1	CDK12	
SERPINF1	1	SERPINF1	
TNKS2	1	TNKS2	
RPS25	1	RPS25	
TACC3	1	TACC3	
TMOD2	1	TMOD2	
LRRC57	1	LRRC57	
RAB30	1	RAB30	
MRPS12	1	MRPS12	
NDUFB3	1	NDUFB3	
ANKRD50	1	ANKRD50	
RPS5	1	RPS5	
RPS15	1	RPS15	
TM9SF3	1	TM9SF3	
ABHD17B	1	ABHD17B	
NIT2	1	NIT2	
RASL12	1	RASL12	
RPS17	1	RPS17	
GRIPAP1	1	GRIPAP1	
RPS20	1	RPS20	
TRAPPC6B	1	TRAPPC6B	
RPL23	1	RPL23	
RPL13A	1	RPL13A	
LIMS2	1	LIMS2	
FGFRL1	1	FGFRL1	
PGAM1	1	PGAM1	
RPS3A	1	RPS3A	
RAB11A	1	RAB11A	
GPHB5	1	GPB5	
HDAC3	1	HDAC3	
RGS7	1	RGS7	
MAP2K1	1	MAP2K1	
LSM2	1	LSM2	
GEMIN2	1	GEMIN2	
ARFRP1	1	ARFRP1	
RAB14	1	RAB14	
MAF1	1	MAF1	
NFATC2IP	1	NFATC2IP	
SMCR8	1	SMCR8	
MRPL14	1	MRPL14	
LDB2	1	LDB2	
DCTN6	1	DCTN6	
RPL10	1	RPL10	
NPEPL1	1	NPEPL1	
SYT7	1	SYT7	
MLH1	1	MLH1	
DOCK1	1	DOCK1	
RPL14	1	RPL14	
DOT1L	1	DOT1L	
SKP1	1	SKP1	
RPP25	1	RPP25	
LARGE1	1	LARGE1	
NEDD4	1	NEDD4	
LSM5	1	LSM5	
CUL5	1	CUL5	
ECHS1	1	ECHS1	
TUBA1C	1	TUBA1C	
SRSF1	1	SRSF1	
TAF12	1	TAF12	
RPS18	1	RPS18	
RIOK2	1	RIOK2	
MRPS7	1	MRPS7	
ISCA2	1	ISCA2	
ID2	1	ID2	
SERP2	1	SERP2	
PSMB7	1	PSMB7	
PEX13	1	PEX13	
CCT3	1	CCT3	
UNC5D	1	UNC5D	
CSNK1E	1	CSNK1E	
NUBP1	1	NUBP1	
DDX3X	1	DDX3X	
HAUS1	1	HAUS1	
RPL27	1	RPL27	
ATXN2	1	ATXN2	
DNAJC8	1	DNAJC8	
MRPS18A	1	MRPS18A	
PRG4	1	PRG4	
CERS6	1	CERS6	
FRMD4B	1	FRMD4B	
PSMA4	1	PSMA4	
LENG1	1	LENG1	
RPS23	1	RPS23	
APAF1	1	APAF1	
DCP2	1	DCP2	
RPL36	1	RPL36	
PSMA3	1	PSMA3	
PRPS1	1	PRPS1	
POU3F4	1	POU3F4	
ACTR1A	1	ACTR1A	
ARL1	1	ARL1	
NSA2	1	NSA2	
RPS27	1	RPS27	
PABPC4	1	PABPC4	
AP3B2	1	AP3B2	
JMJD6	1	JMJD6	
NFU1	1	NFU1	
ANKRD17	1	ANKRD17	
RPL17	1	RPL17	
ARL3	1	ARL3	
RER1	1	RER1	
CEP97	1	CEP97	
COQ7	1	COQ7	
CHMP5	1	CHMP5	
WDR62	1	WDR62	
MSH6	1	MSH6	
COPS6	1	COPS6	
RPL10A	1	RPL10A	
MRPS21	1	MRPS21	
NME1	1	NME1	
RPS16	1	RPS16	
MED17	1	MED17	
AGO1	1	AGO1	
RPL5	1	RPL5	
PRDX6	1	PRDX6	
GTPBP1	1	GTPBP1	
EDEM2	1	EDEM2	
GNA14	1	GNA14	
PSMB6	1	PSMB6	
UBE2M	1	UBE2M	
LRRC40	1	LRRC40	
RPL37A	1	RPL37A	
NDUFB6	1	NDUFB6	
PPIL4	1	PPIL4	
MKS1	1	MKS1	
MRE11	1	MRE11	
PPFIA1	1	PPFIA1	
RPL28	1	RPL28	
RPS14	1	RPS14	
CNOT6L	1	CNOT6L	
RPL15	1	RPL15	
PGM2	1	PGM2	
HAUS3	1	HAUS3	
COX5B	1	COX5B	
MED26	1	MED26	
TGFBR1	1	TGFBR1	
SNAP25	1	SNAP25	
WSB1	1	WSB1	
MAMDC2	1	MAMDC2	
CRB2	1	CRB2	
CDC27	1	CDC27	
TRAF3IP1	1	TRAF3IP1	
PTPN11	1	PTPN11	
MPP7	1	MPP7	
ACAT2	1	ACAT2	
DYNLRB2	1	DYNLRB2	
TALDO1	1	TALDO1	
NXT1	1	NXT1	
RPL9	1	RPL9	
BCAR1	1	BCAR1	
INO80	1	INO80	
BANF1	1	BANF1	
RAB43	1	RAB43	
HMCN2	1	HMCN2	
RPL36A	1	RPL36A	
RPL18	1	RPL18	
TOP3B	1	TOP3B	
PLA2G2A	1	PLA2G2A	
SEL1L	1	SEL1L	
MSANTD2	1	MSANTD2	
SHISA5	1	SHISA5	
CCDC25	1	CCDC25	
MRPS25	1	MRPS25	
ENY2	1	ENY2	
COX6B1	1	COX6B1	
MED22	1	MED22	
TCP1	1	TCP1	
RPL8	1	RPL8	
COMMD5	1	COMMD5	
GDI1	1	GDI1	
RPL30	1	RPL30	
PHAF1	1	LIN10	
GGT1	1	GGT1	
B3GALT2	1	B3GALT2	
IDH1	1	IDH1	
DALRD3	1	DALRD3	
LAP3	1	LAP3	
RAD51C	1	RAD51C	
RPL35	1	RPL35	
RPS26	1	RPS26	
ARPC3	1	ARPC3	
COQ2	1	COQ2	
RPS8	1	RPS8	
WIPI2	1	WIPI2	
COPB1	1	COPB1	
ARL2	1	ARL2	
GUK1	1	GUK1	
RBBP5	1	RBBP5	
SEM1	1	SHFM1	
ORC2	1	ORC2	
CRY1	1	CRY1	
MAP1LC3C	1	MAP1LC3C	
CTNNAL1	1	CTNNAL1	
PRDX4	1	PRDX4	
LAMTOR2	1	LAMTOR2	
SYN1	1	SYN1	
FABP7	1	FABP7	
ARPC4	1	ARPC4	
HOXA1	1	HOXA1	
WNT9B	1	WNT9B	
RPS10	1	RPS10	
RBM22	1	RBM22	
DUOX1	1	DUOX1	
NTHL1	1	NTHL1	
RCBTB2	1	RCBTB2	
PMF1	1	PMF1	
RPS29	1	RPS29	
MRPL20	1	MRPL20	
PPT2	1	PPT2	
RAP2C	1	RAP2C	
RPL24	1	RPL24	
PPP2R5D	1	PPP2R5D	
DOK7	1	DOK7	
NUP62CL	1	NUP62CL	
ZRANB2	1	ZRANB2	
TANGO2	1	TANGO2	
ATG5	1	ATG5	
INF2	1	INF2	
GOT1	1	GOT1	
RPS13	1	RPS13	
DNM1	1	DNM1	
METTL5	1	METTL5	
TNPO1	1	TNPO1	
COX11	1	COX11	
MRPL32	1	MRPL32	
PSMA5	1	PSMA5	
MAP3K9	1	MAP3K9	
RFC5	1	RFC5	
ABCD4	1	ABCD4	
ANKRD28	1	ANKRD28	
COPZ1	1	COPZ1	
TOR4A	1	TOR4A	
RBM47	1	RBM47	
MAP1LC3A	1	MAP1LC3A	
UBA1	1	UBA1	
NSUN4	1	NSUN4	
SNX12	1	SNX12	
RGS20	1	RGS20	
RASSF5	1	RASSF5	
RNF11	1	RNF11	
MED16	1	MED16	
RPRD2	1	RPRD2	
INTS3	1	INTS3	
UNC13B	1	UNC13B	
NDUFA2	1	NDUFA2	
TRIM9	1	TRIM9	
COG8	1	COG8	
RAB23	1	RAB23	
TLK2	1	TLK2	
VDAC2	1	VDAC2	
RCL1	1	RCL1	
QTRT1	1	QTRT1	
POLR2H	1	POLR2H	
AP1S2	1	AP1S2	
CYC1	1	CYC1	
MDH2	1	MDH2	
CDIP1	1	CDIP1	
PSMB3	1	PSMB3	
TMCO6	1	TMCO6	
LSM7	1	LSM7	
NMT2	1	NMT2	
DCTN5	1	DCTN5	
COMMD2	1	COMMD2	
CTNNBL1	1	CTNNBL1	
OXNAD1	1	OXNAD1	
EXTL3	1	EXTL3	
CSNK1G2	1	CSNK1G2	
MED15	1	MED15	
ENPP1	1	ENPP1	
PPIL1	1	PPIL1	
DAD1	1	DAD1	
UBA3	1	UBA3	
TK1	1	TK1	
RAB2A	1	RAB2	
AKR1A1	1	AKR1A1	
EIF5A	1	EIF5A	
AP2S1	1	AP2S1	
POLR3K	1	POLR3K	
TPI1	1	TPI1	
CCDC40	1	CCDC40	
GSK3B	1	GSK3B	
MIS12	1	MIS12	
RPL37	1	RPL37	
PPP2R3C	1	PPP2R3C	
GPN1	1	GPN1	
MYD88	1	MYD88	
CNEP1R1	1	CNEP1R1	
SYT15	1	SYT15	
RPL27A	1	RPL27A	
RSAD2	1	RSAD2	
MAN1A2	1	MAN1A2	
GOT2	1	GOT2	
TPH1	1	TPH1	
IER3IP1	1	IER3IP1	
TUBG1	1	TUBG1	
TCF24	1	TCF24	
VPS29	1	VPS29	
LUC7L2	1	LUC7L2	
SPG21	1	SPG21	
HM13	1	HM13	
WNT4	1	WNT4	
CHTF8	1	CHTF8	
MORF4L1	1	MORF4L1	
COG7	1	COG7	
SIX4	1	SIX4	
SMAD3	1	SMAD3	
UFD1	1	UFD1	
TEX11	1	TEX11	
RAB10	1	RAB10	
RAB35	1	RAB35	
MRPS17	1	MRPS17	
SETD9	1	SETD9	
LSM8	1	LSM8	
ADRM1	1	ADRM1	
KCNJ6	1	KCNJ6	
ARHGEF12	1	ARHGEF12	
MED31	1	MED31	
FUBP1	1	FUBP1	
KLHL5	1	KLHL5	
GIGYF1	1	GIGYF1	
PARD6G	1	PARD6G	
SEC22B	1	SEC22B	
XPO7	1	XPO7	
NBEAL1	1	NBEAL1	
SHMT1	1	SHMT1	
CHRNA9	1	CHRNA9	
ABCC10	1	ABCC10	
DESI2	1	DESI2	
ANKRD6	1	ANKRD6	
COPS9	1	COPS9	
TXNL4A	1	TXNL4A	
MED18	1	MED18	
NDUFA5	1	NDUFA5	
MED19	1	MED19	
BCAS2	1	BCAS2	
SEC13	1	SEC13	
MRPL53	1	MRPL53	
FOXD1	1	FOXD1	
CTDSP1	1	CTDSP1	
RANBP1	1	RANBP1	
NCOA2	1	NCOA2	
USE1	1	USE1	
TEX10	1	TEX10	
RPL18A	1	RPL18A	
MCM3	1	MCM3	
UBE2J2	1	UBE2J2	
NEK7	1	NEK7	
CFAP20	1	CFAP20	
STK11	1	STK11	
PPP5C	1	PPP5C	
TOPBP1	1	TOPBP1	
COMMD10	1	COMMD10	
ABCD2	1	ABCD2	
UBE2I	1	UBE2I	
TAF8	1	TAF8	
PIK3CA	1	PIK3CA	
ING3	1	ING3	
SSU72	1	SSU72	
DNAJC9	1	DNAJC9	
CDK10	1	CDK10	
IFT43	1	IFT43	
PTPRN2	1	PTPRN2	
WDR83	1	WDR83	
RTF1	1	RTF1	
FBXL4	1	FBXL4	
POP4	1	POP4	
YPEL3	1	YPEL3	
XRCC2	1	XRCC2	
ANKRD16	1	ANKRD16	
CNDP2	1	CNDP2	
MOB4	1	MOB4	
CDK17	1	CDK17	
HP1BP3	1	HP1BP3	
RPAP3	1	RPAP3	
RPS6KB1	1	RPS6KB1	
ARL4C	1	ARL4C	
TMEM33	1	TMEM33	
LMTK2	1	LMTK2	
RNF13	1	RNF13	
CPN2	1	CPN2	
VPS25	1	VPS25	
NFE2L1	1	NFE2L1	
IFT57	1	IFT57	
BBS1	1	BBS1	
CAMTA1	1	CAMTA1	
VIPAS39	1	VIPAS39	
TRPM7	1	TRPM7	
SESN1	1	SESN1	
RAB32	1	RAB32	
RPA3	1	RPA3	
CDK2	1	CDK2	
MOCS2	1	MOCS2	
ORC6	1	ORC6	
GTF2H5	1	GTF2H5	
MRPS33	1	MRPS33	
HAUS4	1	HAUS4	
MED7	1	MED7	
FBXO7	1	FBXO7	
RNF41	1	RNF41	
FTSJ1	1	FTSJ1	
ABCB7	1	ABCB7	
TTC26	1	TTC26	
RAB33B	1	RAB33B	
CEP41	1	CEP41	
TRMT11	1	TRMT11	
SRPK2	1	SRPK2	
LMBRD2	1	LMBRD2	
FLT1	1	FLT1	
MCM2	1	MCM2	
BIN3	1	BIN3	
BLOC1S6	1	BLOC1S6	
SMC3	1	SMC3	
KIF27	1	KIF27	
WDR45	1	WDR45	
KAT6A	1	KAT6A	
SEC63	1	SEC63	
MED23	1	MED23	
GMPR2	1	GMPR2	
CD63	1	CD63	
TM9SF4	1	TM9SF4	
CDKL1	1	CDKL1	
TACR2	1	TACR2	
UBE2G1	1	UBE2G1	
RFC3	1	RFC3	
RIC8A	1	RIC8A	
PRR7	1	PRR7	
UBE2H	1	UBE2H	
HINT2	1	HINT2	
KCNH5	1	KCNH5	
ZSCAN5B	1	ZSCAN5B	
XXYLT1	1	XXYLT1	
PRPSAP2	1	PRPSAP2	
BTBD9	1	BTBD9	
AP3S2	1	AP3S2	
CDK5	1	CDK5	
EIF5	1	EIF5	
ATG13	1	ATG13	
DPAGT1	1	DPAGT1	
VPS28	1	VPS28	
PSMC3	1	PSMC3	
PAK3	1	PAK3	
ART4	1	ART4	
RAB1A	1	RAB1A	
MIEN1	1	MIEN1	
ZPR1	1	ZPR1	
DDA1	1	DDA1	
DHX36	1	DHX36	
ETFRF1	1	ETFRF1	
CEP78	1	CEP78	
MRPS34	1	MRPS34	
RRM1	1	RRM1	
GGPS1	1	GGPS1	
AP2M1	1	AP2M1	
MED8	1	MED8	
ZDHHC8	1	ZDHHC8	
FEN1	1	FEN1	
GLO1	1	GLO1	
SASS6	1	SASS6	
KCNH6	1	KCNH6	
PRMT8	1	PRMT8	
MKRN1	1	MKRN1	
MRPL27	1	MRPL27	
SERHL2	1	SERHL2	
PDCD7	1	PDCD7	
ICE2	1	NARG2	
HTRA2	1	HTRA2	
HAUS6	1	HAUS6	
CWC25	1	CWC25	
PTGS2	1	PTGS2	
PTPN13	1	PTPN13	
THOC3	1	THOC3	
PANK1	1	PANK1	
SMPD3	1	SMPD3	
XBP1	1	XBP1	
PEX2	1	PEX2	
PFKFB1	1	PFKFB1	
CACNB1	1	CACNB1	
CCDC65	1	CCDC65	
UBE2C	1	UBE2C	
TRAPPC4	1	TRAPPC4	
MYH1	1	MYH1	
INTS12	1	INTS12	
GRK3	1	GRK3	
HOXA3	1	HOXA3	
GM2A	1	GM2A	
DEGS1	1	DEGS1	
SURF4	1	SURF4	
RAB21	1	RAB21	
DCLRE1B	1	DCLRE1B	
MRPL18	1	MRPL18	
CHP1	1	CHP1	
NUDT2	1	NUDT2	
SSR3	1	SSR3	
MINPP1	1	MINPP1	
TSEN54	1	TSEN54	
SERINC5	1	SERINC5	
WNT9A	1	WNT9A	
AMMECR1	1	AMMECR1	
SURF1	1	SURF1	
UBLCP1	1	UBLCP1	
GEMIN8	1	GEMIN8	
UCHL5	1	UCHL5	
PRKAG2	1	PRKAG2	
ARPC2	1	ARPC2	
NHEJ1	1	NHEJ1	
CLIP1	1	CLIP1	
CNOT9	1	CNOT9	
ERCC5	1	ERCC5	
COMMD3	1	COMMD3	
XRCC5	1	XRCC5	
PPIL3	1	PPIL3	
USP12	1	USP12	
TRIM2	1	TRIM2	
RAD1	1	RAD1	
PSMG1	1	PSMG1	
ANAPC11	1	ANAPC11	
MFSD12	1	MFSD12	
SEMA5A	1	SEMA5A	
SPG7	1	SPG7	
SWI5	1	SWI5	
HBP1	1	HBP1	
SLC9A8	1	SLC9A8	
HPRT1	1	HPRT1	
SEC61G	1	SEC61G	
ORC4	1	ORC4	
CUL2	1	CUL2	
MSH4	1	MSH4	
