NAME	GS<br> follow link to MSigDB	GS DETAILS	SIZE	ES	NES	NOM p-val	FDR q-val	FWER p-val	RANK AT MAX	LEADING EDGE	
HALLMARK_DNA_REPAIR	HALLMARK_DNA_REPAIR	Details ...	27	0.54950243	1.55282	0.02366864	0.20023413	0.16439268	147	tags=30%, list=13%, signal=33%	
HALLMARK_MYC_TARGETS_V1	HALLMARK_MYC_TARGETS_V1	Details ...	53	0.475291	1.5368916	0.012413793	0.115940444	0.18835275	306	tags=49%, list=27%, signal=64%	
HALLMARK_UNFOLDED_PROTEIN_RESPONSE	HALLMARK_UNFOLDED_PROTEIN_RESPONSE	Details ...	16	0.58644104	1.4763311	0.050442018	0.12997162	0.29517472	329	tags=69%, list=30%, signal=96%	
HALLMARK_MTORC1_SIGNALING	HALLMARK_MTORC1_SIGNALING	Details ...	29	0.5012244	1.4402918	0.053536344	0.12515306	0.3670549	171	tags=28%, list=15%, signal=32%	
HALLMARK_FATTY_ACID_METABOLISM	HALLMARK_FATTY_ACID_METABOLISM	Details ...	20	0.49656007	1.3296627	0.12227979	0.20297855	0.6069884	392	tags=65%, list=35%, signal=98%	
HALLMARK_OXIDATIVE_PHOSPHORYLATION	HALLMARK_OXIDATIVE_PHOSPHORYLATION	Details ...	47	0.3442443	1.1021597	0.3105088	0.49153557	0.9470882	401	tags=45%, list=36%, signal=67%	
HALLMARK_GLYCOLYSIS	HALLMARK_GLYCOLYSIS	Details ...	21	0.33495688	0.89712524	0.6145078	0.7975212	0.9986689	80	tags=10%, list=7%, signal=10%	
HALLMARK_G2M_CHECKPOINT	HALLMARK_G2M_CHECKPOINT	Details ...	18	0.26858416	0.6944224	0.87948716	1.0	1.0	68	tags=11%, list=6%, signal=12%	
HALLMARK_ADIPOGENESIS	HALLMARK_ADIPOGENESIS	Details ...	16	0.26878962	0.67708194	0.8894231	0.9100309	1.0	388	tags=44%, list=35%, signal=66%	
