NAME	TITLE	SCORE	
CHURC1	churchill domain containing 1 [Source:HGNC Symbol;Acc:HGNC:20099]	2.2114894	
SNRNP40	small nuclear ribonucleoprotein U5 subunit 40 [Source:HGNC Symbol;Acc:HGNC:30857]	2.0201173	
DPH5	diphthamide biosynthesis 5 [Source:HGNC Symbol;Acc:HGNC:24270]	1.6249424	
ATF6	activating transcription factor 6 [Source:HGNC Symbol;Acc:HGNC:791]	1.6201416	
WDR17	WD repeat domain 17 [Source:HGNC Symbol;Acc:HGNC:16661]	1.5417912	
IMP4	IMP U3 small nucleolar ribonucleoprotein 4 [Source:HGNC Symbol;Acc:HGNC:30856]	1.512381	
UXS1	UDP-glucuronate decarboxylase 1 [Source:HGNC Symbol;Acc:HGNC:17729]	1.4603444	
AGO3	argonaute RISC catalytic component 3 [Source:HGNC Symbol;Acc:HGNC:18421]	1.4307966	
NPY1R	neuropeptide Y receptor Y1 [Source:HGNC Symbol;Acc:HGNC:7956]	1.4278759	
METAP1	methionyl aminopeptidase 1 [Source:HGNC Symbol;Acc:HGNC:15789]	1.4218606	
RSPH3	radial spoke head 3 [Source:HGNC Symbol;Acc:HGNC:21054]	1.3932883	
NLE1	notchless homolog 1 [Source:HGNC Symbol;Acc:HGNC:19889]	1.3890045	
NOP2	NOP2 nucleolar protein [Source:HGNC Symbol;Acc:HGNC:7867]	1.3840361	
PRPS1	phosphoribosyl pyrophosphate synthetase 1 [Source:HGNC Symbol;Acc:HGNC:9462]	1.3806235	
UCKL1	uridine-cytidine kinase 1 like 1 [Source:HGNC Symbol;Acc:HGNC:15938]	1.3800294	
ALDH8A1	aldehyde dehydrogenase 8 family member A1 [Source:HGNC Symbol;Acc:HGNC:15471]	1.3589131	
TSR2	TSR2 ribosome maturation factor [Source:HGNC Symbol;Acc:HGNC:25455]	1.3111601	
PCYT2	phosphate cytidylyltransferase 2, ethanolamine [Source:HGNC Symbol;Acc:HGNC:8756]	1.298063	
PNPT1	polyribonucleotide nucleotidyltransferase 1 [Source:HGNC Symbol;Acc:HGNC:23166]	1.2819418	
CDC40	cell division cycle 40 [Source:HGNC Symbol;Acc:HGNC:17350]	1.2405498	
SIX6	SIX homeobox 6 [Source:HGNC Symbol;Acc:HGNC:10892]	1.2400184	
RPAP1	RNA polymerase II associated protein 1 [Source:HGNC Symbol;Acc:HGNC:24567]	1.2188526	
PAIP2	poly(A) binding protein interacting protein 2 [Source:HGNC Symbol;Acc:HGNC:17970]	1.2128662	
SIK2	salt inducible kinase 2 [Source:HGNC Symbol;Acc:HGNC:21680]	1.204096	
GRHL3	grainyhead like transcription factor 3 [Source:HGNC Symbol;Acc:HGNC:25839]	1.194403	
EIF3L	eukaryotic translation initiation factor 3 subunit L [Source:HGNC Symbol;Acc:HGNC:18138]	1.1824104	
SF3A3	splicing factor 3a subunit 3 [Source:HGNC Symbol;Acc:HGNC:10767]	1.1811409	
MRPL15	mitochondrial ribosomal protein L15 [Source:HGNC Symbol;Acc:HGNC:14054]	1.1616906	
PSMC2	proteasome 26S subunit, ATPase 2 [Source:HGNC Symbol;Acc:HGNC:9548]	1.1563219	
TAF11	TATA-box binding protein associated factor 11 [Source:HGNC Symbol;Acc:HGNC:11544]	1.1545128	
ADAT3	adenosine deaminase tRNA specific 3 [Source:HGNC Symbol;Acc:HGNC:25151]	1.1351835	
ERLIN1	ER lipid raft associated 1 [Source:HGNC Symbol;Acc:HGNC:16947]	1.120409	
POLR2C	RNA polymerase II subunit C [Source:HGNC Symbol;Acc:HGNC:9189]	1.1169528	
XPNPEP2	X-prolyl aminopeptidase 2 [Source:HGNC Symbol;Acc:HGNC:12823]	1.1106408	
NOP58	NOP58 ribonucleoprotein [Source:HGNC Symbol;Acc:HGNC:29926]	1.1042149	
DRG2	developmentally regulated GTP binding protein 2 [Source:HGNC Symbol;Acc:HGNC:3030]	1.098904	
EIF3E	eukaryotic translation initiation factor 3 subunit E [Source:HGNC Symbol;Acc:HGNC:3277]	1.0988584	
GUF1	GTP binding elongation factor GUF1 [Source:HGNC Symbol;Acc:HGNC:25799]	1.0973653	
TRAP1	TNF receptor associated protein 1 [Source:HGNC Symbol;Acc:HGNC:16264]	1.0595328	
GPHB5	glycoprotein hormone subunit beta 5 [Source:HGNC Symbol;Acc:HGNC:18055]	1.0472671	
POLR2E	RNA polymerase II, I and III subunit E [Source:HGNC Symbol;Acc:HGNC:9192]	1.0153636	
RAE1	ribonucleic acid export 1 [Source:HGNC Symbol;Acc:HGNC:9828]	0.9991412	
NOP10	NOP10 ribonucleoprotein [Source:HGNC Symbol;Acc:HGNC:14378]	0.9918949	
MRPL30	mitochondrial ribosomal protein L30 [Source:HGNC Symbol;Acc:HGNC:14036]	0.9870609	
NIP7	nucleolar pre-rRNA processing protein NIP7 [Source:HGNC Symbol;Acc:HGNC:24328]	0.96946883	
USP39	ubiquitin specific peptidase 39 [Source:HGNC Symbol;Acc:HGNC:20071]	0.9554827	
MUC22	mucin 22 [Source:HGNC Symbol;Acc:HGNC:39755]	0.9376401	
ABCF2	ATP binding cassette subfamily F member 2 [Source:HGNC Symbol;Acc:HGNC:71]	0.93293923	
USP14	ubiquitin specific peptidase 14 [Source:HGNC Symbol;Acc:HGNC:12612]	0.92901516	
ABCE1	ATP binding cassette subfamily E member 1 [Source:HGNC Symbol;Acc:HGNC:69]	0.9140391	
WNT16	Wnt family member 16 [Source:HGNC Symbol;Acc:HGNC:16267]	0.90016097	
SELENBP1	selenium binding protein 1 [Source:HGNC Symbol;Acc:HGNC:10719]	0.895132	
TMPRSS9	transmembrane serine protease 9 [Source:HGNC Symbol;Acc:HGNC:30079]	0.89395404	
DIMT1	DIM1 rRNA methyltransferase and ribosome maturation factor [Source:HGNC Symbol;Acc:HGNC:30217]	0.8884305	
EIF1AD	eukaryotic translation initiation factor 1A domain containing [Source:HGNC Symbol;Acc:HGNC:28147]	0.874947	
SRSF1	serine and arginine rich splicing factor 1 [Source:HGNC Symbol;Acc:HGNC:10780]	0.8709179	
COX17	cytochrome c oxidase copper chaperone COX17 [Source:HGNC Symbol;Acc:HGNC:2264]	0.86642987	
TC2N	tandem C2 domains, nuclear [Source:HGNC Symbol;Acc:HGNC:19859]	0.85681903	
RRP9	ribosomal RNA processing 9, U3 small nucleolar RNA binding protein [Source:HGNC Symbol;Acc:HGNC:16829]	0.8531155	
FAM98B	family with sequence similarity 98 member B [Source:HGNC Symbol;Acc:HGNC:26773]	0.8512376	
ZNF43	zinc finger protein 43 [Source:HGNC Symbol;Acc:HGNC:13109]	0.84193623	
GLOD4	glyoxalase domain containing 4 [Source:HGNC Symbol;Acc:HGNC:14111]	0.8410065	
HSPA9	heat shock protein family A (Hsp70) member 9 [Source:HGNC Symbol;Acc:HGNC:5244]	0.83798647	
PNO1	partner of NOB1 homolog [Source:HGNC Symbol;Acc:HGNC:32790]	0.8339335	
RIN2	Ras and Rab interactor 2 [Source:HGNC Symbol;Acc:HGNC:18750]	0.83340245	
ZPR1	ZPR1 zinc finger [Source:HGNC Symbol;Acc:HGNC:13051]	0.83041537	
ARF6	ADP ribosylation factor 6 [Source:HGNC Symbol;Acc:HGNC:659]	0.82388026	
CBFA2T2	CBFA2/RUNX1 partner transcriptional co-repressor 2 [Source:HGNC Symbol;Acc:HGNC:1536]	0.81454957	
GSPT1	G1 to S phase transition 1 [Source:HGNC Symbol;Acc:HGNC:4621]	0.80675167	
FMR1	fragile X messenger ribonucleoprotein 1 [Source:HGNC Symbol;Acc:HGNC:3775]	0.79501516	
GTPBP4	GTP binding protein 4 [Source:HGNC Symbol;Acc:HGNC:21535]	0.78456753	
DDX18	DEAD-box helicase 18 [Source:HGNC Symbol;Acc:HGNC:2741]	0.782579	
RAP1B	RAP1B, member of RAS oncogene family [Source:HGNC Symbol;Acc:HGNC:9857]	0.76974535	
AMDHD1	amidohydrolase domain containing 1 [Source:HGNC Symbol;Acc:HGNC:28577]	0.7642096	
MAK16	MAK16 homolog [Source:HGNC Symbol;Acc:HGNC:13703]	0.76298255	
KPNA5	karyopherin subunit alpha 5 [Source:HGNC Symbol;Acc:HGNC:6398]	0.7577522	
METTL9	methyltransferase like 9 [Source:HGNC Symbol;Acc:HGNC:24586]	0.746958	
COPS4	COP9 signalosome subunit 4 [Source:HGNC Symbol;Acc:HGNC:16702]	0.74421686	
ARL1	ADP ribosylation factor like GTPase 1 [Source:HGNC Symbol;Acc:HGNC:692]	0.73001504	
EMG1	EMG1 N1-specific pseudouridine methyltransferase [Source:HGNC Symbol;Acc:HGNC:16912]	0.7298442	
GAL3ST1	galactose-3-O-sulfotransferase 1 [Source:HGNC Symbol;Acc:HGNC:24240]	0.72755367	
ALDH1L1	aldehyde dehydrogenase 1 family member L1 [Source:HGNC Symbol;Acc:HGNC:3978]	0.71070105	
ITPR1	inositol 1,4,5-trisphosphate receptor type 1 [Source:HGNC Symbol;Acc:HGNC:6180]	0.7047128	
MRPL19	mitochondrial ribosomal protein L19 [Source:HGNC Symbol;Acc:HGNC:14052]	0.7035269	
CCT6A	chaperonin containing TCP1 subunit 6A [Source:HGNC Symbol;Acc:HGNC:1620]	0.69744974	
PPP5C	protein phosphatase 5 catalytic subunit [Source:HGNC Symbol;Acc:HGNC:9322]	0.691743	
MRPS14	mitochondrial ribosomal protein S14 [Source:HGNC Symbol;Acc:HGNC:14049]	0.69112605	
MRPL46	mitochondrial ribosomal protein L46 [Source:HGNC Symbol;Acc:HGNC:1192]	0.6880488	
PPWD1	peptidylprolyl isomerase domain and WD repeat containing 1 [Source:HGNC Symbol;Acc:HGNC:28954]	0.6877616	
AFG3L2	AFG3 like matrix AAA peptidase subunit 2 [Source:HGNC Symbol;Acc:HGNC:315]	0.683255	
SRP68	signal recognition particle 68 [Source:HGNC Symbol;Acc:HGNC:11302]	0.6808706	
STOML2	stomatin like 2 [Source:HGNC Symbol;Acc:HGNC:14559]	0.67556226	
JAKMIP2	janus kinase and microtubule interacting protein 2 [Source:HGNC Symbol;Acc:HGNC:29067]	0.6744144	
EIF6	eukaryotic translation initiation factor 6 [Source:HGNC Symbol;Acc:HGNC:6159]	0.67057884	
TEAD1	TEA domain transcription factor 1 [Source:HGNC Symbol;Acc:HGNC:11714]	0.668776	
PSMD11	proteasome 26S subunit, non-ATPase 11 [Source:HGNC Symbol;Acc:HGNC:9556]	0.6469072	
ACTL10	actin like 10 [Source:HGNC Symbol;Acc:HGNC:16127]	0.64615643	
NSMCE1	NSE1 homolog, SMC5-SMC6 complex component [Source:HGNC Symbol;Acc:HGNC:29897]	0.6411818	
POLR2F	RNA polymerase II, I and III subunit F [Source:HGNC Symbol;Acc:HGNC:9193]	0.63491094	
WNT9B	Wnt family member 9B [Source:HGNC Symbol;Acc:HGNC:12779]	0.6298068	
PDE12	phosphodiesterase 12 [Source:HGNC Symbol;Acc:HGNC:25386]	0.6269326	
RPAP3	RNA polymerase II associated protein 3 [Source:HGNC Symbol;Acc:HGNC:26151]	0.621371	
HDDC3	HD domain containing 3 [Source:HGNC Symbol;Acc:HGNC:30522]	0.61825645	
TAF2	TATA-box binding protein associated factor 2 [Source:HGNC Symbol;Acc:HGNC:11536]	0.6178392	
UNC5B	unc-5 netrin receptor B [Source:HGNC Symbol;Acc:HGNC:12568]	0.614857	
THOC5	THO complex subunit 5 [Source:HGNC Symbol;Acc:HGNC:19074]	0.60607475	
FOXL1	forkhead box L1 [Source:HGNC Symbol;Acc:HGNC:3817]	0.6059313	
NOP14	NOP14 nucleolar protein [Source:HGNC Symbol;Acc:HGNC:16821]	0.60562134	
UBA2	ubiquitin like modifier activating enzyme 2 [Source:HGNC Symbol;Acc:HGNC:30661]	0.6034016	
SLC6A3	solute carrier family 6 member 3 [Source:HGNC Symbol;Acc:HGNC:11049]	0.59625006	
MRPS12	mitochondrial ribosomal protein S12 [Source:HGNC Symbol;Acc:HGNC:10380]	0.5937644	
SOX14	SRY-box transcription factor 14 [Source:HGNC Symbol;Acc:HGNC:11193]	0.5908492	
ANKRD16	ankyrin repeat domain 16 [Source:HGNC Symbol;Acc:HGNC:23471]	0.5899762	
INTS11	integrator complex subunit 11 [Source:HGNC Symbol;Acc:HGNC:26052]	0.5817291	
ALDH1A1	aldehyde dehydrogenase 1 family member A1 [Source:HGNC Symbol;Acc:HGNC:402]	0.57801294	
ICE2	interactor of little elongation complex ELL subunit 2 [Source:HGNC Symbol;Acc:HGNC:29885]	0.5762014	
CHRNA7	cholinergic receptor nicotinic alpha 7 subunit [Source:HGNC Symbol;Acc:HGNC:1960]	0.57601976	
SEC16B	SEC16 homolog B, endoplasmic reticulum export factor [Source:HGNC Symbol;Acc:HGNC:30301]	0.574798	
RPL14	ribosomal protein L14 [Source:HGNC Symbol;Acc:HGNC:10305]	0.5720466	
BRD8	bromodomain containing 8 [Source:HGNC Symbol;Acc:HGNC:19874]	0.57073706	
PDSS1	decaprenyl diphosphate synthase subunit 1 [Source:HGNC Symbol;Acc:HGNC:17759]	0.5701943	
MOCS1	molybdenum cofactor synthesis 1 [Source:HGNC Symbol;Acc:HGNC:7190]	0.55794525	
ARL3	ADP ribosylation factor like GTPase 3 [Source:HGNC Symbol;Acc:HGNC:694]	0.55794495	
SPPL3	signal peptide peptidase like 3 [Source:HGNC Symbol;Acc:HGNC:30424]	0.55672544	
PARD3	par-3 family cell polarity regulator [Source:HGNC Symbol;Acc:HGNC:16051]	0.5552623	
CHCHD4	coiled-coil-helix-coiled-coil-helix domain containing 4 [Source:HGNC Symbol;Acc:HGNC:26467]	0.55377656	
PSMA1	proteasome 20S subunit alpha 1 [Source:HGNC Symbol;Acc:HGNC:9530]	0.55363125	
POC1A	POC1 centriolar protein A [Source:HGNC Symbol;Acc:HGNC:24488]	0.5520075	
CCDC25	coiled-coil domain containing 25 [Source:HGNC Symbol;Acc:HGNC:25591]	0.54752815	
FRMD4A	FERM domain containing 4A [Source:HGNC Symbol;Acc:HGNC:25491]	0.54501855	
RPL23A	ribosomal protein L23a [Source:HGNC Symbol;Acc:HGNC:10317]	0.5440428	
HCN4	hyperpolarization activated cyclic nucleotide gated potassium channel 4 [Source:HGNC Symbol;Acc:HGNC:16882]	0.54302984	
RBM8A	RNA binding motif protein 8A [Source:HGNC Symbol;Acc:HGNC:9905]	0.541512	
RPL5	ribosomal protein L5 [Source:HGNC Symbol;Acc:HGNC:10360]	0.53790826	
PTDSS2	phosphatidylserine synthase 2 [Source:HGNC Symbol;Acc:HGNC:15463]	0.5342203	
NUP62	nucleoporin 62 [Source:HGNC Symbol;Acc:HGNC:8066]	0.533133	
MRPL1	mitochondrial ribosomal protein L1 [Source:HGNC Symbol;Acc:HGNC:14275]	0.531663	
YPEL5	yippee like 5 [Source:HGNC Symbol;Acc:HGNC:18329]	0.52911687	
UNC13A	unc-13 homolog A [Source:HGNC Symbol;Acc:HGNC:23150]	0.526288	
POLDIP2	DNA polymerase delta interacting protein 2 [Source:HGNC Symbol;Acc:HGNC:23781]	0.52450794	
DPM1	dolichyl-phosphate mannosyltransferase subunit 1, catalytic [Source:HGNC Symbol;Acc:HGNC:3005]	0.5218567	
RGS9BP	regulator of G protein signaling 9 binding protein [Source:HGNC Symbol;Acc:HGNC:30304]	0.5168346	
NT5C3A	5'-nucleotidase, cytosolic IIIA [Source:HGNC Symbol;Acc:HGNC:17820]	0.5129503	
RPL24	ribosomal protein L24 [Source:HGNC Symbol;Acc:HGNC:10325]	0.5101515	
PDAP1	PDGFA associated protein 1 [Source:HGNC Symbol;Acc:HGNC:14634]	0.50936913	
MMS19	MMS19 homolog, cytosolic iron-sulfur assembly component [Source:HGNC Symbol;Acc:HGNC:13824]	0.5086365	
RPL19	ribosomal protein L19 [Source:HGNC Symbol;Acc:HGNC:10312]	0.5086177	
DDB1	damage specific DNA binding protein 1 [Source:HGNC Symbol;Acc:HGNC:2717]	0.5051676	
NAT10	N-acetyltransferase 10 [Source:HGNC Symbol;Acc:HGNC:29830]	0.5037118	
MEP1A	meprin A subunit alpha [Source:HGNC Symbol;Acc:HGNC:7015]	0.503127	
MED4	mediator complex subunit 4 [Source:HGNC Symbol;Acc:HGNC:17903]	0.5026912	
PRPF8	pre-mRNA processing factor 8 [Source:HGNC Symbol;Acc:HGNC:17340]	0.5008593	
CERS3	ceramide synthase 3 [Source:HGNC Symbol;Acc:HGNC:23752]	0.49888667	
TCP1	t-complex 1 [Source:HGNC Symbol;Acc:HGNC:11655]	0.49835202	
RPS8	ribosomal protein S8 [Source:HGNC Symbol;Acc:HGNC:10441]	0.48898485	
PCID2	PCI domain containing 2 [Source:HGNC Symbol;Acc:HGNC:25653]	0.48766178	
METAP2	methionyl aminopeptidase 2 [Source:HGNC Symbol;Acc:HGNC:16672]	0.48725432	
VAMP3	vesicle associated membrane protein 3 [Source:HGNC Symbol;Acc:HGNC:12644]	0.48558295	
SUCLG2	succinate-CoA ligase GDP-forming subunit beta [Source:HGNC Symbol;Acc:HGNC:11450]	0.4824926	
FANCD2	FA complementation group D2 [Source:HGNC Symbol;Acc:HGNC:3585]	0.47803503	
NAA10	N-alpha-acetyltransferase 10, NatA catalytic subunit [Source:HGNC Symbol;Acc:HGNC:18704]	0.47474402	
SF3A2	splicing factor 3a subunit 2 [Source:HGNC Symbol;Acc:HGNC:10766]	0.47291073	
TAF7	TATA-box binding protein associated factor 7 [Source:HGNC Symbol;Acc:HGNC:11541]	0.47077873	
SMU1	SMU1 DNA replication regulator and spliceosomal factor [Source:HGNC Symbol;Acc:HGNC:18247]	0.46784094	
NMD3	NMD3 ribosome export adaptor [Source:HGNC Symbol;Acc:HGNC:24250]	0.46590587	
CCT2	chaperonin containing TCP1 subunit 2 [Source:HGNC Symbol;Acc:HGNC:1615]	0.46578017	
RAB37	RAB37, member RAS oncogene family [Source:HGNC Symbol;Acc:HGNC:30268]	0.46480492	
PGAM5	PGAM family member 5, mitochondrial serine/threonine protein phosphatase [Source:HGNC Symbol;Acc:HGNC:28763]	0.463184	
ALAS1	5'-aminolevulinate synthase 1 [Source:HGNC Symbol;Acc:HGNC:396]	0.4622644	
MRPL22	mitochondrial ribosomal protein L22 [Source:HGNC Symbol;Acc:HGNC:14480]	0.45748153	
ACAT2	acetyl-CoA acetyltransferase 2 [Source:HGNC Symbol;Acc:HGNC:94]	0.45511395	
FKBP2	FKBP prolyl isomerase 2 [Source:HGNC Symbol;Acc:HGNC:3718]	0.45302615	
LSM4	LSM4 homolog, U6 small nuclear RNA and mRNA degradation associated [Source:HGNC Symbol;Acc:HGNC:17259]	0.44855198	
RIOK2	RIO kinase 2 [Source:HGNC Symbol;Acc:HGNC:18999]	0.44722065	
GPD2	glycerol-3-phosphate dehydrogenase 2 [Source:HGNC Symbol;Acc:HGNC:4456]	0.44442523	
GPR83	G protein-coupled receptor 83 [Source:HGNC Symbol;Acc:HGNC:4523]	0.44011742	
PICK1	protein interacting with PRKCA 1 [Source:HGNC Symbol;Acc:HGNC:9394]	0.43922368	
TARBP1	TAR (HIV-1) RNA binding protein 1 [Source:HGNC Symbol;Acc:HGNC:11568]	0.4361219	
RPL38	ribosomal protein L38 [Source:HGNC Symbol;Acc:HGNC:10349]	0.43523645	
TIAL1	TIA1 cytotoxic granule associated RNA binding protein like 1 [Source:HGNC Symbol;Acc:HGNC:11804]	0.43213418	
MED17	mediator complex subunit 17 [Source:HGNC Symbol;Acc:HGNC:2375]	0.43067417	
MRPS10	mitochondrial ribosomal protein S10 [Source:HGNC Symbol;Acc:HGNC:14502]	0.4290894	
TLR6	toll like receptor 6 [Source:HGNC Symbol;Acc:HGNC:16711]	0.4247522	
STOML1	stomatin like 1 [Source:HGNC Symbol;Acc:HGNC:14560]	0.42407665	
CDK7	cyclin dependent kinase 7 [Source:HGNC Symbol;Acc:HGNC:1778]	0.42364526	
BCS1L	BCS1 homolog, ubiquinol-cytochrome c reductase complex chaperone [Source:HGNC Symbol;Acc:HGNC:1020]	0.4213406	
NAA20	N-alpha-acetyltransferase 20, NatB catalytic subunit [Source:HGNC Symbol;Acc:HGNC:15908]	0.42061815	
AGPAT5	1-acylglycerol-3-phosphate O-acyltransferase 5 [Source:HGNC Symbol;Acc:HGNC:20886]	0.4204898	
LIX1L	limb and CNS expressed 1 like [Source:HGNC Symbol;Acc:HGNC:28715]	0.42025694	
GPX7	glutathione peroxidase 7 [Source:HGNC Symbol;Acc:HGNC:4559]	0.418626	
CIAO1	cytosolic iron-sulfur assembly component 1 [Source:HGNC Symbol;Acc:HGNC:14280]	0.4174532	
PSMD2	proteasome 26S subunit ubiquitin receptor, non-ATPase 2 [Source:HGNC Symbol;Acc:HGNC:9559]	0.41644004	
MAP2K4	mitogen-activated protein kinase kinase 4 [Source:HGNC Symbol;Acc:HGNC:6844]	0.4162712	
ANP32A	acidic nuclear phosphoprotein 32 family member A [Source:HGNC Symbol;Acc:HGNC:13233]	0.41155678	
LSM2	LSM2 homolog, U6 small nuclear RNA and mRNA degradation associated [Source:HGNC Symbol;Acc:HGNC:13940]	0.4100484	
SSX2IP	SSX family member 2 interacting protein [Source:HGNC Symbol;Acc:HGNC:16509]	0.4044731	
SMAD4	SMAD family member 4 [Source:HGNC Symbol;Acc:HGNC:6770]	0.40440655	
GNPDA1	glucosamine-6-phosphate deaminase 1 [Source:HGNC Symbol;Acc:HGNC:4417]	0.40436706	
RPL22	ribosomal protein L22 [Source:HGNC Symbol;Acc:HGNC:10315]	0.40344816	
MRE11	MRE11 homolog, double strand break repair nuclease [Source:HGNC Symbol;Acc:HGNC:7230]	0.40320334	
PMF1	polyamine modulated factor 1 [Source:HGNC Symbol;Acc:HGNC:9112]	0.4031755	
ACAA2	acetyl-CoA acyltransferase 2 [Source:HGNC Symbol;Acc:HGNC:83]	0.40066135	
RHOBTB3	Rho related BTB domain containing 3 [Source:HGNC Symbol;Acc:HGNC:18757]	0.39905196	
JMJD6	jumonji domain containing 6, arginine demethylase and lysine hydroxylase [Source:HGNC Symbol;Acc:HGNC:19355]	0.39529243	
EFHD2	EF-hand domain family member D2 [Source:HGNC Symbol;Acc:HGNC:28670]	0.39324185	
ALKBH8	alkB homolog 8, tRNA methyltransferase [Source:HGNC Symbol;Acc:HGNC:25189]	0.39271796	
ALDH6A1	aldehyde dehydrogenase 6 family member A1 [Source:HGNC Symbol;Acc:HGNC:7179]	0.39194584	
EIF5A	eukaryotic translation initiation factor 5A [Source:HGNC Symbol;Acc:HGNC:3300]	0.39054462	
SCUBE3	signal peptide, CUB domain and EGF like domain containing 3 [Source:HGNC Symbol;Acc:HGNC:13655]	0.39053264	
AP3M1	adaptor related protein complex 3 subunit mu 1 [Source:HGNC Symbol;Acc:HGNC:569]	0.389722	
COPZ1	COPI coat complex subunit zeta 1 [Source:HGNC Symbol;Acc:HGNC:2243]	0.38579625	
PSMD3	proteasome 26S subunit, non-ATPase 3 [Source:HGNC Symbol;Acc:HGNC:9560]	0.38144973	
ISM1	isthmin 1 [Source:HGNC Symbol;Acc:HGNC:16213]	0.38109687	
SHMT1	serine hydroxymethyltransferase 1 [Source:HGNC Symbol;Acc:HGNC:10850]	0.37989587	
SRP14	signal recognition particle 14 [Source:HGNC Symbol;Acc:HGNC:11299]	0.3783891	
MRPS18B	mitochondrial ribosomal protein S18B [Source:HGNC Symbol;Acc:HGNC:14516]	0.37806296	
URM1	ubiquitin related modifier 1 [Source:HGNC Symbol;Acc:HGNC:28378]	0.37740284	
DDX1	DEAD-box helicase 1 [Source:HGNC Symbol;Acc:HGNC:2734]	0.37426215	
COPS6	COP9 signalosome subunit 6 [Source:HGNC Symbol;Acc:HGNC:21749]	0.3728969	
TUBA1C	tubulin alpha 1c [Source:HGNC Symbol;Acc:HGNC:20768]	0.37227258	
WDR45B	WD repeat domain 45B [Source:HGNC Symbol;Acc:HGNC:25072]	0.36966527	
MRPL45	mitochondrial ribosomal protein L45 [Source:HGNC Symbol;Acc:HGNC:16651]	0.36945108	
SCFD1	sec1 family domain containing 1 [Source:HGNC Symbol;Acc:HGNC:20726]	0.36705014	
BUD23	BUD23 rRNA methyltransferase and ribosome maturation factor [Source:HGNC Symbol;Acc:HGNC:16405]	0.35564426	
PSMA7	proteasome 20S subunit alpha 7 [Source:HGNC Symbol;Acc:HGNC:9536]	0.35424513	
SEC13	SEC13 homolog, nuclear pore and COPII coat complex component [Source:HGNC Symbol;Acc:HGNC:10697]	0.35161	
MRPL16	mitochondrial ribosomal protein L16 [Source:HGNC Symbol;Acc:HGNC:14476]	0.34986532	
EIF4A2	eukaryotic translation initiation factor 4A2 [Source:HGNC Symbol;Acc:HGNC:3284]	0.3492792	
MAP3K9	mitogen-activated protein kinase kinase kinase 9 [Source:HGNC Symbol;Acc:HGNC:6861]	0.34728315	
TYW3	tRNA-yW synthesizing protein 3 homolog [Source:HGNC Symbol;Acc:HGNC:24757]	0.34483784	
PEX13	peroxisomal biogenesis factor 13 [Source:HGNC Symbol;Acc:HGNC:8855]	0.3442811	
RPL23	ribosomal protein L23 [Source:HGNC Symbol;Acc:HGNC:10316]	0.3442625	
FOXL2	forkhead box L2 [Source:HGNC Symbol;Acc:HGNC:1092]	0.3426768	
RAB39A	RAB39A, member RAS oncogene family [Source:HGNC Symbol;Acc:HGNC:16521]	0.33960095	
RPL6	ribosomal protein L6 [Source:HGNC Symbol;Acc:HGNC:10362]	0.33879724	
RPL13	ribosomal protein L13 [Source:HGNC Symbol;Acc:HGNC:10303]	0.3350383	
PSMG1	proteasome assembly chaperone 1 [Source:HGNC Symbol;Acc:HGNC:3043]	0.33500057	
CDC37	cell division cycle 37, HSP90 cochaperone [Source:HGNC Symbol;Acc:HGNC:1735]	0.33496296	
MRPL21	mitochondrial ribosomal protein L21 [Source:HGNC Symbol;Acc:HGNC:14479]	0.33272487	
METTL6	methyltransferase 6, methylcytidine [Source:HGNC Symbol;Acc:HGNC:28343]	0.33203888	
TM9SF2	transmembrane 9 superfamily member 2 [Source:HGNC Symbol;Acc:HGNC:11865]	0.33050886	
ORC5	origin recognition complex subunit 5 [Source:HGNC Symbol;Acc:HGNC:8491]	0.33012995	
RPL34	ribosomal protein L34 [Source:HGNC Symbol;Acc:HGNC:10340]	0.32978776	
RBM47	RNA binding motif protein 47 [Source:HGNC Symbol;Acc:HGNC:30358]	0.32860112	
RACK1	receptor for activated C kinase 1 [Source:HGNC Symbol;Acc:HGNC:4399]	0.3233622	
COPS2	COP9 signalosome subunit 2 [Source:HGNC Symbol;Acc:HGNC:30747]	0.3210503	
MTHFD1	methylenetetrahydrofolate dehydrogenase, cyclohydrolase and formyltetrahydrofolate synthetase 1 [Source:HGNC Symbol;Acc:HGNC:7432]	0.32087284	
LSM7	LSM7 homolog, U6 small nuclear RNA and mRNA degradation associated [Source:HGNC Symbol;Acc:HGNC:20470]	0.32067055	
MGAT2	alpha-1,6-mannosyl-glycoprotein 2-beta-N-acetylglucosaminyltransferase [Source:HGNC Symbol;Acc:HGNC:7045]	0.31987622	
PPP1CA	protein phosphatase 1 catalytic subunit alpha [Source:HGNC Symbol;Acc:HGNC:9281]	0.3168284	
NXT1	nuclear transport factor 2 like export factor 1 [Source:HGNC Symbol;Acc:HGNC:15913]	0.31624377	
DDA1	DET1 and DDB1 associated 1 [Source:HGNC Symbol;Acc:HGNC:28360]	0.31476766	
MAPRE1	microtubule associated protein RP/EB family member 1 [Source:HGNC Symbol;Acc:HGNC:6890]	0.31433612	
ATXN3	ataxin 3 [Source:HGNC Symbol;Acc:HGNC:7106]	0.31324357	
ABCD3	ATP binding cassette subfamily D member 3 [Source:HGNC Symbol;Acc:HGNC:67]	0.3113672	
BCAS2	BCAS2 pre-mRNA processing factor [Source:HGNC Symbol;Acc:HGNC:975]	0.30947357	
RPS3	ribosomal protein S3 [Source:HGNC Symbol;Acc:HGNC:10420]	0.30608514	
RPL15	ribosomal protein L15 [Source:HGNC Symbol;Acc:HGNC:10306]	0.30510044	
ADRM1	ADRM1 26S proteasome ubiquitin receptor [Source:HGNC Symbol;Acc:HGNC:15759]	0.30486113	
NHP2	NHP2 ribonucleoprotein [Source:HGNC Symbol;Acc:HGNC:14377]	0.30485058	
RPS10	ribosomal protein S10 [Source:HGNC Symbol;Acc:HGNC:10383]	0.3044256	
EIF1	eukaryotic translation initiation factor 1 [Source:HGNC Symbol;Acc:HGNC:3249]	0.30403128	
MRPS30	mitochondrial ribosomal protein S30 [Source:HGNC Symbol;Acc:HGNC:8769]	0.30200917	
POLE2	DNA polymerase epsilon 2, accessory subunit [Source:HGNC Symbol;Acc:HGNC:9178]	0.30113992	
RPS3A	ribosomal protein S3A [Source:HGNC Symbol;Acc:HGNC:10421]	0.30057737	
FABP7	fatty acid binding protein 7 [Source:HGNC Symbol;Acc:HGNC:3562]	0.29614085	
SRSF4	serine and arginine rich splicing factor 4 [Source:HGNC Symbol;Acc:HGNC:10786]	0.2946414	
DHX16	DEAH-box helicase 16 [Source:HGNC Symbol;Acc:HGNC:2739]	0.29202136	
INO80	INO80 complex ATPase subunit [Source:HGNC Symbol;Acc:HGNC:26956]	0.2903971	
CCND2	cyclin D2 [Source:HGNC Symbol;Acc:HGNC:1583]	0.2895638	
CD55	CD55 molecule (Cromer blood group) [Source:HGNC Symbol;Acc:HGNC:2665]	0.28894806	
NMT2	N-myristoyltransferase 2 [Source:HGNC Symbol;Acc:HGNC:7858]	0.28855625	
CALD1	caldesmon 1 [Source:HGNC Symbol;Acc:HGNC:1441]	0.2875315	
ACTR1A	actin related protein 1A [Source:HGNC Symbol;Acc:HGNC:167]	0.28682977	
RPL10	ribosomal protein L10 [Source:HGNC Symbol;Acc:HGNC:10298]	0.28676587	
FKBP3	FKBP prolyl isomerase 3 [Source:HGNC Symbol;Acc:HGNC:3719]	0.28618684	
GRAMD1A	GRAM domain containing 1A [Source:HGNC Symbol;Acc:HGNC:29305]	0.28602356	
MKNK2	MAPK interacting serine/threonine kinase 2 [Source:HGNC Symbol;Acc:HGNC:7111]	0.28551376	
MED22	mediator complex subunit 22 [Source:HGNC Symbol;Acc:HGNC:11477]	0.28420356	
COG3	component of oligomeric golgi complex 3 [Source:HGNC Symbol;Acc:HGNC:18619]	0.28386453	
CDK1	cyclin dependent kinase 1 [Source:HGNC Symbol;Acc:HGNC:1722]	0.28163382	
ZBTB8OS	zinc finger and BTB domain containing 8 opposite strand [Source:HGNC Symbol;Acc:HGNC:24094]	0.28047282	
MRPS18A	mitochondrial ribosomal protein S18A [Source:HGNC Symbol;Acc:HGNC:14515]	0.28015685	
RPL7A	ribosomal protein L7a [Source:HGNC Symbol;Acc:HGNC:10364]	0.27891377	
RPL13A	ribosomal protein L13a [Source:HGNC Symbol;Acc:HGNC:10304]	0.27814183	
RPL8	ribosomal protein L8 [Source:HGNC Symbol;Acc:HGNC:10368]	0.27781898	
CSTF2	cleavage stimulation factor subunit 2 [Source:HGNC Symbol;Acc:HGNC:2484]	0.2764447	
CYB5R2	cytochrome b5 reductase 2 [Source:HGNC Symbol;Acc:HGNC:24376]	0.27410632	
CNOT7	CCR4-NOT transcription complex subunit 7 [Source:HGNC Symbol;Acc:HGNC:14101]	0.27377272	
RPS25	ribosomal protein S25 [Source:HGNC Symbol;Acc:HGNC:10413]	0.27244502	
APOL6	apolipoprotein L6 [Source:HGNC Symbol;Acc:HGNC:14870]	0.27163896	
LAP3	leucine aminopeptidase 3 [Source:HGNC Symbol;Acc:HGNC:18449]	0.2716308	
RPP25	ribonuclease P and MRP subunit p25 [Source:HGNC Symbol;Acc:HGNC:30361]	0.2709637	
RPL18	ribosomal protein L18 [Source:HGNC Symbol;Acc:HGNC:10310]	0.27082965	
NIT2	nitrilase family member 2 [Source:HGNC Symbol;Acc:HGNC:29878]	0.2691634	
ETHE1	ETHE1 persulfide dioxygenase [Source:HGNC Symbol;Acc:HGNC:23287]	0.2690894	
DHX15	DEAH-box helicase 15 [Source:HGNC Symbol;Acc:HGNC:2738]	0.2670672	
MED21	mediator complex subunit 21 [Source:HGNC Symbol;Acc:HGNC:11473]	0.26613167	
RPL10A	ribosomal protein L10a [Source:HGNC Symbol;Acc:HGNC:10299]	0.26549464	
STT3A	STT3 oligosaccharyltransferase complex catalytic subunit A [Source:HGNC Symbol;Acc:HGNC:6172]	0.26436165	
ROPN1L	rhophilin associated tail protein 1 like [Source:HGNC Symbol;Acc:HGNC:24060]	0.25818387	
RPL29	ribosomal protein L29 [Source:HGNC Symbol;Acc:HGNC:10331]	0.25614986	
PSMA5	proteasome 20S subunit alpha 5 [Source:HGNC Symbol;Acc:HGNC:9534]	0.25504148	
TRUB1	TruB pseudouridine synthase family member 1 [Source:HGNC Symbol;Acc:HGNC:16060]	0.2549581	
IDH3B	isocitrate dehydrogenase (NAD(+)) 3 non-catalytic subunit beta [Source:HGNC Symbol;Acc:HGNC:5385]	0.25470373	
MRPL3	mitochondrial ribosomal protein L3 [Source:HGNC Symbol;Acc:HGNC:10379]	0.25402758	
PRPF31	pre-mRNA processing factor 31 [Source:HGNC Symbol;Acc:HGNC:15446]	0.25202706	
EIF4G1	eukaryotic translation initiation factor 4 gamma 1 [Source:HGNC Symbol;Acc:HGNC:3296]	0.2517496	
LSM1	LSM1 homolog, mRNA degradation associated [Source:HGNC Symbol;Acc:HGNC:20472]	0.25119928	
SEH1L	SEH1 like nucleoporin [Source:HGNC Symbol;Acc:HGNC:30379]	0.24905595	
SRP9	signal recognition particle 9 [Source:HGNC Symbol;Acc:HGNC:11304]	0.24319112	
MRPL47	mitochondrial ribosomal protein L47 [Source:HGNC Symbol;Acc:HGNC:16652]	0.24154116	
IMP3	IMP U3 small nucleolar ribonucleoprotein 3 [Source:HGNC Symbol;Acc:HGNC:14497]	0.24009892	
NDUFS4	NADH:ubiquinone oxidoreductase subunit S4 [Source:HGNC Symbol;Acc:HGNC:7711]	0.23889066	
HAUS1	HAUS augmin like complex subunit 1 [Source:HGNC Symbol;Acc:HGNC:25174]	0.23848793	
NPR1	natriuretic peptide receptor 1 [Source:HGNC Symbol;Acc:HGNC:7943]	0.23764323	
TLN2	talin 2 [Source:HGNC Symbol;Acc:HGNC:15447]	0.23607396	
PPIL3	peptidylprolyl isomerase like 3 [Source:HGNC Symbol;Acc:HGNC:9262]	0.23084943	
TMEM41B	transmembrane protein 41B [Source:HGNC Symbol;Acc:HGNC:28948]	0.23017907	
MAPK1	mitogen-activated protein kinase 1 [Source:HGNC Symbol;Acc:HGNC:6871]	0.22933045	
NSA2	NSA2 ribosome biogenesis factor [Source:HGNC Symbol;Acc:HGNC:30728]	0.22918074	
SF3B2	splicing factor 3b subunit 2 [Source:HGNC Symbol;Acc:HGNC:10769]	0.22827405	
ACO2	aconitase 2 [Source:HGNC Symbol;Acc:HGNC:118]	0.22810893	
ADD1	adducin 1 [Source:HGNC Symbol;Acc:HGNC:243]	0.2277531	
HM13	histocompatibility minor 13 [Source:HGNC Symbol;Acc:HGNC:16435]	0.2260824	
NTHL1	nth like DNA glycosylase 1 [Source:HGNC Symbol;Acc:HGNC:8028]	0.22410798	
INTS8	integrator complex subunit 8 [Source:HGNC Symbol;Acc:HGNC:26048]	0.22410628	
RPL11	ribosomal protein L11 [Source:HGNC Symbol;Acc:HGNC:10301]	0.22279355	
FOXC1	forkhead box C1 [Source:HGNC Symbol;Acc:HGNC:3800]	0.22275726	
POP4	POP4 homolog, ribonuclease P/MRP subunit [Source:HGNC Symbol;Acc:HGNC:30081]	0.22242048	
RPL32	ribosomal protein L32 [Source:HGNC Symbol;Acc:HGNC:10336]	0.22225773	
HINT1	histidine triad nucleotide binding protein 1 [Source:HGNC Symbol;Acc:HGNC:4912]	0.22173433	
DDX17	DEAD-box helicase 17 [Source:HGNC Symbol;Acc:HGNC:2740]	0.22031753	
NUCB1	nucleobindin 1 [Source:HGNC Symbol;Acc:HGNC:8043]	0.21951798	
MAN1A2	mannosidase alpha class 1A member 2 [Source:HGNC Symbol;Acc:HGNC:6822]	0.2192794	
PRPF6	pre-mRNA processing factor 6 [Source:HGNC Symbol;Acc:HGNC:15860]	0.2178944	
CRNKL1	crooked neck pre-mRNA splicing factor 1 [Source:HGNC Symbol;Acc:HGNC:15762]	0.21782432	
RPS20	ribosomal protein S20 [Source:HGNC Symbol;Acc:HGNC:10405]	0.21766897	
JPH3	junctophilin 3 [Source:HGNC Symbol;Acc:HGNC:14203]	0.21752334	
PALS2	protein associated with LIN7 2, MAGUK p55 family member [Source:HGNC Symbol;Acc:HGNC:18167]	0.21578598	
ACTL6B	actin like 6B [Source:HGNC Symbol;Acc:HGNC:160]	0.21575236	
TRPM7	transient receptor potential cation channel subfamily M member 7 [Source:HGNC Symbol;Acc:HGNC:17994]	0.21338405	
PLEKHG5	pleckstrin homology and RhoGEF domain containing G5 [Source:HGNC Symbol;Acc:HGNC:29105]	0.21223716	
ECH1	enoyl-CoA hydratase 1 [Source:HGNC Symbol;Acc:HGNC:3149]	0.21108332	
PSMB7	proteasome 20S subunit beta 7 [Source:HGNC Symbol;Acc:HGNC:9544]	0.21075054	
MYO6	myosin VI [Source:HGNC Symbol;Acc:HGNC:7605]	0.2097096	
PDE6D	phosphodiesterase 6D [Source:HGNC Symbol;Acc:HGNC:8788]	0.20670426	
SC5D	sterol-C5-desaturase [Source:HGNC Symbol;Acc:HGNC:10547]	0.20522319	
TUBGCP6	tubulin gamma complex associated protein 6 [Source:HGNC Symbol;Acc:HGNC:18127]	0.20334515	
IDH1	isocitrate dehydrogenase (NADP(+)) 1 [Source:HGNC Symbol;Acc:HGNC:5382]	0.20242342	
RPS16	ribosomal protein S16 [Source:HGNC Symbol;Acc:HGNC:10396]	0.20201081	
TNPO1	transportin 1 [Source:HGNC Symbol;Acc:HGNC:6401]	0.19951102	
UGP2	UDP-glucose pyrophosphorylase 2 [Source:HGNC Symbol;Acc:HGNC:12527]	0.19905789	
ABCB7	ATP binding cassette subfamily B member 7 [Source:HGNC Symbol;Acc:HGNC:48]	0.19782065	
GPN1	GPN-loop GTPase 1 [Source:HGNC Symbol;Acc:HGNC:17030]	0.19710319	
ANKFY1	ankyrin repeat and FYVE domain containing 1 [Source:HGNC Symbol;Acc:HGNC:20763]	0.19511227	
MRPL41	mitochondrial ribosomal protein L41 [Source:HGNC Symbol;Acc:HGNC:14492]	0.19505654	
IKZF5	IKAROS family zinc finger 5 [Source:HGNC Symbol;Acc:HGNC:14283]	0.19370636	
AHCYL2	adenosylhomocysteinase like 2 [Source:HGNC Symbol;Acc:HGNC:22204]	0.1912272	
BRIP1	BRCA1 interacting helicase 1 [Source:HGNC Symbol;Acc:HGNC:20473]	0.19101615	
PSMC6	proteasome 26S subunit, ATPase 6 [Source:HGNC Symbol;Acc:HGNC:9553]	0.18959555	
WDR3	WD repeat domain 3 [Source:HGNC Symbol;Acc:HGNC:12755]	0.18927725	
MRPL17	mitochondrial ribosomal protein L17 [Source:HGNC Symbol;Acc:HGNC:14053]	0.18855792	
RPS11	ribosomal protein S11 [Source:HGNC Symbol;Acc:HGNC:10384]	0.18785073	
RSRC2	arginine and serine rich coiled-coil 2 [Source:HGNC Symbol;Acc:HGNC:30559]	0.18738244	
CABP1	calcium binding protein 1 [Source:HGNC Symbol;Acc:HGNC:1384]	0.18673049	
AP3S2	adaptor related protein complex 3 subunit sigma 2 [Source:HGNC Symbol;Acc:HGNC:571]	0.18670228	
AIMP2	aminoacyl tRNA synthetase complex interacting multifunctional protein 2 [Source:HGNC Symbol;Acc:HGNC:20609]	0.18634452	
RPS13	ribosomal protein S13 [Source:HGNC Symbol;Acc:HGNC:10386]	0.18299887	
RNF4	ring finger protein 4 [Source:HGNC Symbol;Acc:HGNC:10067]	0.17865276	
RPLP1	ribosomal protein lateral stalk subunit P1 [Source:HGNC Symbol;Acc:HGNC:10372]	0.17768927	
CARHSP1	calcium regulated heat stable protein 1 [Source:HGNC Symbol;Acc:HGNC:17150]	0.17675072	
ASCC1	activating signal cointegrator 1 complex subunit 1 [Source:HGNC Symbol;Acc:HGNC:24268]	0.17558625	
RPS27	ribosomal protein S27 [Source:HGNC Symbol;Acc:HGNC:10416]	0.17513596	
XPO7	exportin 7 [Source:HGNC Symbol;Acc:HGNC:14108]	0.17462042	
RPL17	ribosomal protein L17 [Source:HGNC Symbol;Acc:HGNC:10307]	0.17427087	
SPDL1	spindle apparatus coiled-coil protein 1 [Source:HGNC Symbol;Acc:HGNC:26010]	0.17394415	
RPL36	ribosomal protein L36 [Source:HGNC Symbol;Acc:HGNC:13631]	0.17331204	
RPS15	ribosomal protein S15 [Source:HGNC Symbol;Acc:HGNC:10388]	0.1727154	
MOCS3	molybdenum cofactor synthesis 3 [Source:HGNC Symbol;Acc:HGNC:15765]	0.17238228	
ELP3	elongator acetyltransferase complex subunit 3 [Source:HGNC Symbol;Acc:HGNC:20696]	0.17204773	
NOP56	NOP56 ribonucleoprotein [Source:HGNC Symbol;Acc:HGNC:15911]	0.17105651	
DNAJC4	DnaJ heat shock protein family (Hsp40) member C4 [Source:HGNC Symbol;Acc:HGNC:5271]	0.1709283	
CUL4B	cullin 4B [Source:HGNC Symbol;Acc:HGNC:2555]	0.16905873	
NDUFS6	NADH:ubiquinone oxidoreductase subunit S6 [Source:HGNC Symbol;Acc:HGNC:7713]	0.16887091	
RPS5	ribosomal protein S5 [Source:HGNC Symbol;Acc:HGNC:10426]	0.16883762	
GOT2	glutamic-oxaloacetic transaminase 2 [Source:HGNC Symbol;Acc:HGNC:4433]	0.16851866	
TRAPPC5	trafficking protein particle complex subunit 5 [Source:HGNC Symbol;Acc:HGNC:23067]	0.16807011	
SUCLG1	succinate-CoA ligase GDP/ADP-forming subunit alpha [Source:HGNC Symbol;Acc:HGNC:11449]	0.16699992	
CSNK1A1	casein kinase 1 alpha 1 [Source:HGNC Symbol;Acc:HGNC:2451]	0.166817	
DMAP1	DNA methyltransferase 1 associated protein 1 [Source:HGNC Symbol;Acc:HGNC:18291]	0.16490237	
MCCC2	methylcrotonyl-CoA carboxylase subunit 2 [Source:HGNC Symbol;Acc:HGNC:6937]	0.16466354	
SUCLA2	succinate-CoA ligase ADP-forming subunit beta [Source:HGNC Symbol;Acc:HGNC:11448]	0.1645211	
GLB1L2	galactosidase beta 1 like 2 [Source:HGNC Symbol;Acc:HGNC:25129]	0.16105063	
TMCO1	transmembrane and coiled-coil domains 1 [Source:HGNC Symbol;Acc:HGNC:18188]	0.16071138	
RPL35	ribosomal protein L35 [Source:HGNC Symbol;Acc:HGNC:10344]	0.16024013	
WASF3	WASP family member 3 [Source:HGNC Symbol;Acc:HGNC:12734]	0.16005546	
ADCY3	adenylate cyclase 3 [Source:HGNC Symbol;Acc:HGNC:234]	0.15975463	
HDAC4	histone deacetylase 4 [Source:HGNC Symbol;Acc:HGNC:14063]	0.15832844	
TIMM17B	translocase of inner mitochondrial membrane 17B [Source:HGNC Symbol;Acc:HGNC:17310]	0.15779062	
MAP2K3	mitogen-activated protein kinase kinase 3 [Source:HGNC Symbol;Acc:HGNC:6843]	0.15748362	
ATP6V0B	ATPase H+ transporting V0 subunit b [Source:HGNC Symbol;Acc:HGNC:861]	0.15695882	
LSM6	LSM6 homolog, U6 small nuclear RNA and mRNA degradation associated [Source:HGNC Symbol;Acc:HGNC:17017]	0.15598433	
RAD51B	RAD51 paralog B [Source:HGNC Symbol;Acc:HGNC:9822]	0.15518627	
CDK12	cyclin dependent kinase 12 [Source:HGNC Symbol;Acc:HGNC:24224]	0.15466277	
PRELID2	PRELI domain containing 2 [Source:HGNC Symbol;Acc:HGNC:28306]	0.15384805	
BUB3	BUB3 mitotic checkpoint protein [Source:HGNC Symbol;Acc:HGNC:1151]	0.15157168	
DNAJC8	DnaJ heat shock protein family (Hsp40) member C8 [Source:HGNC Symbol;Acc:HGNC:15470]	0.15087447	
TNKS2	tankyrase 2 [Source:HGNC Symbol;Acc:HGNC:15677]	0.14862008	
RPL28	ribosomal protein L28 [Source:HGNC Symbol;Acc:HGNC:10330]	0.1482124	
RPL36A	ribosomal protein L36a [Source:HGNC Symbol;Acc:HGNC:10359]	0.14774421	
TMED2	transmembrane p24 trafficking protein 2 [Source:HGNC Symbol;Acc:HGNC:16996]	0.14773133	
AKT1	AKT serine/threonine kinase 1 [Source:HGNC Symbol;Acc:HGNC:391]	0.14675246	
TMA7	translation machinery associated 7 homolog [Source:HGNC Symbol;Acc:HGNC:26932]	0.14672111	
NANOS3	nanos C2HC-type zinc finger 3 [Source:HGNC Symbol;Acc:HGNC:22048]	0.14624146	
RPN2	ribophorin II [Source:HGNC Symbol;Acc:HGNC:10382]	0.14578709	
MRPS24	mitochondrial ribosomal protein S24 [Source:HGNC Symbol;Acc:HGNC:14510]	0.14477836	
ARCN1	archain 1 [Source:HGNC Symbol;Acc:HGNC:649]	0.1440962	
RAD21	RAD21 cohesin complex component [Source:HGNC Symbol;Acc:HGNC:9811]	0.1438242	
MTUS2	microtubule associated scaffold protein 2 [Source:HGNC Symbol;Acc:HGNC:20595]	0.14375867	
PLEKHF2	pleckstrin homology and FYVE domain containing 2 [Source:HGNC Symbol;Acc:HGNC:20757]	0.14201269	
RPL27	ribosomal protein L27 [Source:HGNC Symbol;Acc:HGNC:10328]	0.14175832	
MNS1	meiosis specific nuclear structural 1 [Source:HGNC Symbol;Acc:HGNC:29636]	0.14144422	
RPL27A	ribosomal protein L27a [Source:HGNC Symbol;Acc:HGNC:10329]	0.14078619	
UBE2G2	ubiquitin conjugating enzyme E2 G2 [Source:HGNC Symbol;Acc:HGNC:12483]	0.13995782	
EFTUD2	elongation factor Tu GTP binding domain containing 2 [Source:HGNC Symbol;Acc:HGNC:30858]	0.13944133	
SLC1A3	solute carrier family 1 member 3 [Source:HGNC Symbol;Acc:HGNC:10941]	0.13784586	
MRPL27	mitochondrial ribosomal protein L27 [Source:HGNC Symbol;Acc:HGNC:14483]	0.1371562	
SYT4	synaptotagmin 4 [Source:HGNC Symbol;Acc:HGNC:11512]	0.13444252	
AP2M1	adaptor related protein complex 2 subunit mu 1 [Source:HGNC Symbol;Acc:HGNC:564]	0.13421898	
RPL9	ribosomal protein L9 [Source:HGNC Symbol;Acc:HGNC:10369]	0.13420065	
LCLAT1	lysocardiolipin acyltransferase 1 [Source:HGNC Symbol;Acc:HGNC:26756]	0.13406979	
SPG21	SPG21 abhydrolase domain containing, maspardin [Source:HGNC Symbol;Acc:HGNC:20373]	0.13206145	
RPS24	ribosomal protein S24 [Source:HGNC Symbol;Acc:HGNC:10411]	0.13028692	
FRMD7	FERM domain containing 7 [Source:HGNC Symbol;Acc:HGNC:8079]	0.1300168	
FBP1	fructose-bisphosphatase 1 [Source:HGNC Symbol;Acc:HGNC:3606]	0.12942292	
MDH2	malate dehydrogenase 2 [Source:HGNC Symbol;Acc:HGNC:6971]	0.12928894	
SREK1	splicing regulatory glutamic acid and lysine rich protein 1 [Source:HGNC Symbol;Acc:HGNC:17882]	0.12840332	
RAB44	RAB44, member RAS oncogene family [Source:HGNC Symbol;Acc:HGNC:21068]	0.12826468	
NDUFS7	NADH:ubiquinone oxidoreductase core subunit S7 [Source:HGNC Symbol;Acc:HGNC:7714]	0.12812014	
UFC1	ubiquitin-fold modifier conjugating enzyme 1 [Source:HGNC Symbol;Acc:HGNC:26941]	0.12799205	
CLCC1	chloride channel CLIC like 1 [Source:HGNC Symbol;Acc:HGNC:29675]	0.12798327	
NDUFV2	NADH:ubiquinone oxidoreductase core subunit V2 [Source:HGNC Symbol;Acc:HGNC:7717]	0.12656985	
HIP1	huntingtin interacting protein 1 [Source:HGNC Symbol;Acc:HGNC:4913]	0.12558477	
ABCC10	ATP binding cassette subfamily C member 10 [Source:HGNC Symbol;Acc:HGNC:52]	0.12528864	
ZSWIM7	zinc finger SWIM-type containing 7 [Source:HGNC Symbol;Acc:HGNC:26993]	0.124188304	
DMRT2	doublesex and mab-3 related transcription factor 2 [Source:HGNC Symbol;Acc:HGNC:2935]	0.12142409	
HMCN2	hemicentin 2 [Source:HGNC Symbol;Acc:HGNC:21293]	0.12116592	
FTSJ1	FtsJ RNA 2'-O-methyltransferase 1 [Source:HGNC Symbol;Acc:HGNC:13254]	0.11926833	
PRODH2	proline dehydrogenase 2 [Source:HGNC Symbol;Acc:HGNC:17325]	0.117891595	
PCSK2	proprotein convertase subtilisin/kexin type 2 [Source:HGNC Symbol;Acc:HGNC:8744]	0.11678013	
CCT3	chaperonin containing TCP1 subunit 3 [Source:HGNC Symbol;Acc:HGNC:1616]	0.11640241	
RPA3	replication protein A3 [Source:HGNC Symbol;Acc:HGNC:10291]	0.11621366	
NFS1	NFS1 cysteine desulfurase [Source:HGNC Symbol;Acc:HGNC:15910]	0.11585036	
CELF3	CUGBP Elav-like family member 3 [Source:HGNC Symbol;Acc:HGNC:11967]	0.11567462	
MRPL28	mitochondrial ribosomal protein L28 [Source:HGNC Symbol;Acc:HGNC:14484]	0.11549381	
LSM3	LSM3 homolog, U6 small nuclear RNA and mRNA degradation associated [Source:HGNC Symbol;Acc:HGNC:17874]	0.11537208	
UBE2M	ubiquitin conjugating enzyme E2 M [Source:HGNC Symbol;Acc:HGNC:12491]	0.11509889	
COX11	cytochrome c oxidase copper chaperone COX11 [Source:HGNC Symbol;Acc:HGNC:2261]	0.11327159	
PSMA3	proteasome 20S subunit alpha 3 [Source:HGNC Symbol;Acc:HGNC:9532]	0.112947516	
MRPS28	mitochondrial ribosomal protein S28 [Source:HGNC Symbol;Acc:HGNC:14513]	0.112625025	
UCHL5	ubiquitin C-terminal hydrolase L5 [Source:HGNC Symbol;Acc:HGNC:19678]	0.11131356	
MRPL43	mitochondrial ribosomal protein L43 [Source:HGNC Symbol;Acc:HGNC:14517]	0.11028732	
RPS18	ribosomal protein S18 [Source:HGNC Symbol;Acc:HGNC:10401]	0.1097411	
CHD1	chromodomain helicase DNA binding protein 1 [Source:HGNC Symbol;Acc:HGNC:1915]	0.10819509	
CCT4	chaperonin containing TCP1 subunit 4 [Source:HGNC Symbol;Acc:HGNC:1617]	0.10763715	
KDM3A	lysine demethylase 3A [Source:HGNC Symbol;Acc:HGNC:20815]	0.107129306	
NME1	NME/NM23 nucleoside diphosphate kinase 1 [Source:HGNC Symbol;Acc:HGNC:7849]	0.10685057	
IDH2	isocitrate dehydrogenase (NADP(+)) 2 [Source:HGNC Symbol;Acc:HGNC:5383]	0.10483596	
LRRC57	leucine rich repeat containing 57 [Source:HGNC Symbol;Acc:HGNC:26719]	0.10411978	
SEL1L	SEL1L adaptor subunit of ERAD E3 ubiquitin ligase [Source:HGNC Symbol;Acc:HGNC:10717]	0.10358467	
NCAM1	neural cell adhesion molecule 1 [Source:HGNC Symbol;Acc:HGNC:7656]	0.10328847	
GEMIN2	gem nuclear organelle associated protein 2 [Source:HGNC Symbol;Acc:HGNC:10884]	0.10112388	
PGM2	phosphoglucomutase 2 [Source:HGNC Symbol;Acc:HGNC:8906]	0.10069517	
SEC22B	SEC22 homolog B, vesicle trafficking protein [Source:HGNC Symbol;Acc:HGNC:10700]	0.09604009	
SNX6	sorting nexin 6 [Source:HGNC Symbol;Acc:HGNC:14970]	0.095392965	
RPL39	ribosomal protein L39 [Source:HGNC Symbol;Acc:HGNC:10350]	0.09421997	
JARID2	jumonji and AT-rich interaction domain containing 2 [Source:HGNC Symbol;Acc:HGNC:6196]	0.09409523	
MRPL20	mitochondrial ribosomal protein L20 [Source:HGNC Symbol;Acc:HGNC:14478]	0.09407413	
MRPL48	mitochondrial ribosomal protein L48 [Source:HGNC Symbol;Acc:HGNC:16653]	0.0940328	
GLRX5	glutaredoxin 5 [Source:HGNC Symbol;Acc:HGNC:20134]	0.093634434	
SASS6	SAS-6 centriolar assembly protein [Source:HGNC Symbol;Acc:HGNC:25403]	0.09346426	
SHMT2	serine hydroxymethyltransferase 2 [Source:HGNC Symbol;Acc:HGNC:10852]	0.09322806	
SOD2	superoxide dismutase 2 [Source:HGNC Symbol;Acc:HGNC:11180]	0.09303646	
MCTS1	MCTS1 re-initiation and release factor [Source:HGNC Symbol;Acc:HGNC:23357]	0.0926065	
RAB30	RAB30, member RAS oncogene family [Source:HGNC Symbol;Acc:HGNC:9770]	0.09231458	
EEF1E1	eukaryotic translation elongation factor 1 epsilon 1 [Source:HGNC Symbol;Acc:HGNC:3212]	0.091234855	
ATP2B3	ATPase plasma membrane Ca2+ transporting 3 [Source:HGNC Symbol;Acc:HGNC:816]	0.091135606	
RPS23	ribosomal protein S23 [Source:HGNC Symbol;Acc:HGNC:10410]	0.09055862	
SREBF2	sterol regulatory element binding transcription factor 2 [Source:HGNC Symbol;Acc:HGNC:11290]	0.089901805	
ACY1	aminoacylase 1 [Source:HGNC Symbol;Acc:HGNC:177]	0.08924743	
TM9SF3	transmembrane 9 superfamily member 3 [Source:HGNC Symbol;Acc:HGNC:21529]	0.087774485	
RPS19	ribosomal protein S19 [Source:HGNC Symbol;Acc:HGNC:10402]	0.08747124	
EXTL3	exostosin like glycosyltransferase 3 [Source:HGNC Symbol;Acc:HGNC:3518]	0.0873673	
AP2S1	adaptor related protein complex 2 subunit sigma 1 [Source:HGNC Symbol;Acc:HGNC:565]	0.08703384	
BRWD3	bromodomain and WD repeat domain containing 3 [Source:HGNC Symbol;Acc:HGNC:17342]	0.08678337	
MKS1	MKS transition zone complex subunit 1 [Source:HGNC Symbol;Acc:HGNC:7121]	0.08665479	
DHX8	DEAH-box helicase 8 [Source:HGNC Symbol;Acc:HGNC:2749]	0.08366969	
MRPS16	mitochondrial ribosomal protein S16 [Source:HGNC Symbol;Acc:HGNC:14048]	0.08362094	
UBE2T	ubiquitin conjugating enzyme E2 T [Source:HGNC Symbol;Acc:HGNC:25009]	0.083013326	
LIN7C	lin-7 homolog C, crumbs cell polarity complex component [Source:HGNC Symbol;Acc:HGNC:17789]	0.08214167	
MRPS2	mitochondrial ribosomal protein S2 [Source:HGNC Symbol;Acc:HGNC:14495]	0.08211578	
HID1	HID1 domain containing [Source:HGNC Symbol;Acc:HGNC:15736]	0.08205853	
MRPS18C	mitochondrial ribosomal protein S18C [Source:HGNC Symbol;Acc:HGNC:16633]	0.08185231	
COPB1	COPI coat complex subunit beta 1 [Source:HGNC Symbol;Acc:HGNC:2231]	0.081527054	
RPS14	ribosomal protein S14 [Source:HGNC Symbol;Acc:HGNC:10387]	0.08144724	
WDR5	WD repeat domain 5 [Source:HGNC Symbol;Acc:HGNC:12757]	0.07980455	
TMEM50A	transmembrane protein 50A [Source:HGNC Symbol;Acc:HGNC:30590]	0.0793958	
FOXB2	forkhead box B2 [Source:HGNC Symbol;Acc:HGNC:23315]	0.07903605	
ACAT1	acetyl-CoA acetyltransferase 1 [Source:HGNC Symbol;Acc:HGNC:93]	0.07820543	
PXMP4	peroxisomal membrane protein 4 [Source:HGNC Symbol;Acc:HGNC:15920]	0.0777304	
UQCRC2	ubiquinol-cytochrome c reductase core protein 2 [Source:HGNC Symbol;Acc:HGNC:12586]	0.07724558	
PRG4	proteoglycan 4 [Source:HGNC Symbol;Acc:HGNC:9364]	0.076849535	
DNAL1	dynein axonemal light chain 1 [Source:HGNC Symbol;Acc:HGNC:23247]	0.07649459	
MED7	mediator complex subunit 7 [Source:HGNC Symbol;Acc:HGNC:2378]	0.07641609	
AK6	adenylate kinase 6 [Source:HGNC Symbol;Acc:HGNC:49151]	0.07582454	
TRAFD1	TRAF-type zinc finger domain containing 1 [Source:HGNC Symbol;Acc:HGNC:24808]	0.074528	
TRIM9	tripartite motif containing 9 [Source:HGNC Symbol;Acc:HGNC:16288]	0.07372027	
TMEM14C	transmembrane protein 14C [Source:HGNC Symbol;Acc:HGNC:20952]	0.07348283	
DYNC1I1	dynein cytoplasmic 1 intermediate chain 1 [Source:HGNC Symbol;Acc:HGNC:2963]	0.070770174	
INTS3	integrator complex subunit 3 [Source:HGNC Symbol;Acc:HGNC:26153]	0.07039534	
KIF3A	kinesin family member 3A [Source:HGNC Symbol;Acc:HGNC:6319]	0.07028609	
ARF4	ADP ribosylation factor 4 [Source:HGNC Symbol;Acc:HGNC:655]	0.06959487	
COMMD5	COMM domain containing 5 [Source:HGNC Symbol;Acc:HGNC:17902]	0.06900964	
RPS28	ribosomal protein S28 [Source:HGNC Symbol;Acc:HGNC:10418]	0.06882824	
MRPS21	mitochondrial ribosomal protein S21 [Source:HGNC Symbol;Acc:HGNC:14046]	0.0683544	
SYT14	synaptotagmin 14 [Source:HGNC Symbol;Acc:HGNC:23143]	0.068195716	
EIF5	eukaryotic translation initiation factor 5 [Source:HGNC Symbol;Acc:HGNC:3299]	0.06760238	
SEM1	SEM1 26S proteasome subunit [Source:HGNC Symbol;Acc:HGNC:10845]	0.067556985	
GTF2H5	general transcription factor IIH subunit 5 [Source:HGNC Symbol;Acc:HGNC:21157]	0.067389205	
MRPL24	mitochondrial ribosomal protein L24 [Source:HGNC Symbol;Acc:HGNC:14037]	0.06657261	
ANKRD17	ankyrin repeat domain 17 [Source:HGNC Symbol;Acc:HGNC:23575]	0.06621473	
SIX4	SIX homeobox 4 [Source:HGNC Symbol;Acc:HGNC:10890]	0.06588085	
FLI1	Fli-1 proto-oncogene, ETS transcription factor [Source:HGNC Symbol;Acc:HGNC:3749]	0.06374812	
SMAD3	SMAD family member 3 [Source:HGNC Symbol;Acc:HGNC:6769]	0.06351825	
THOC6	THO complex subunit 6 [Source:HGNC Symbol;Acc:HGNC:28369]	0.062401943	
RFC5	replication factor C subunit 5 [Source:HGNC Symbol;Acc:HGNC:9973]	0.06202813	
NIPSNAP3A	nipsnap homolog 3A [Source:HGNC Symbol;Acc:HGNC:23619]	0.06136301	
CLCA4	chloride channel accessory 4 [Source:HGNC Symbol;Acc:HGNC:2018]	0.061180636	
RCBTB2	RCC1 and BTB domain containing protein 2 [Source:HGNC Symbol;Acc:HGNC:1914]	0.060179427	
GRIK1	glutamate ionotropic receptor kainate type subunit 1 [Source:HGNC Symbol;Acc:HGNC:4579]	0.059729215	
HCN2	hyperpolarization activated cyclic nucleotide gated potassium and sodium channel 2 [Source:HGNC Symbol;Acc:HGNC:4846]	0.05814088	
TFAP2E	transcription factor AP-2 epsilon [Source:HGNC Symbol;Acc:HGNC:30774]	0.057476066	
LONRF2	LON peptidase N-terminal domain and ring finger 2 [Source:HGNC Symbol;Acc:HGNC:24788]	0.057369187	
PLCH1	phospholipase C eta 1 [Source:HGNC Symbol;Acc:HGNC:29185]	0.057222925	
CFAP20	cilia and flagella associated protein 20 [Source:HGNC Symbol;Acc:HGNC:29523]	0.056906715	
MED18	mediator complex subunit 18 [Source:HGNC Symbol;Acc:HGNC:25944]	0.056719698	
LHX9	LIM homeobox 9 [Source:HGNC Symbol;Acc:HGNC:14222]	0.056638084	
TPH1	tryptophan hydroxylase 1 [Source:HGNC Symbol;Acc:HGNC:12008]	0.055894867	
VIPAS39	VPS33B interacting protein, apical-basolateral polarity regulator, spe-39 homolog [Source:HGNC Symbol;Acc:HGNC:20347]	0.055111054	
KCNMA1	potassium calcium-activated channel subfamily M alpha 1 [Source:HGNC Symbol;Acc:HGNC:6284]	0.054513004	
RCL1	RNA terminal phosphate cyclase like 1 [Source:HGNC Symbol;Acc:HGNC:17687]	0.049019404	
RTF1	RTF1 homolog, Paf1/RNA polymerase II complex component [Source:HGNC Symbol;Acc:HGNC:28996]	0.048934247	
MLST8	MTOR associated protein, LST8 homolog [Source:HGNC Symbol;Acc:HGNC:24825]	0.046958104	
REXO2	RNA exonuclease 2 [Source:HGNC Symbol;Acc:HGNC:17851]	0.04669745	
EIF2B1	eukaryotic translation initiation factor 2B subunit alpha [Source:HGNC Symbol;Acc:HGNC:3257]	0.046229683	
PHAF1	phagosome assembly factor 1 [Source:HGNC Symbol;Acc:HGNC:29564]	0.046132363	
FUT7	fucosyltransferase 7 [Source:HGNC Symbol;Acc:HGNC:4018]	0.04551503	
TGFBR1	transforming growth factor beta receptor 1 [Source:HGNC Symbol;Acc:HGNC:11772]	0.04548953	
SNX12	sorting nexin 12 [Source:HGNC Symbol;Acc:HGNC:14976]	0.045462836	
CDC42	cell division cycle 42 [Source:HGNC Symbol;Acc:HGNC:1736]	0.044771917	
DUSP8	dual specificity phosphatase 8 [Source:HGNC Symbol;Acc:HGNC:3074]	0.043760426	
CHRNA9	cholinergic receptor nicotinic alpha 9 subunit [Source:HGNC Symbol;Acc:HGNC:14079]	0.04285293	
DDX3X	DEAD-box helicase 3 X-linked [Source:HGNC Symbol;Acc:HGNC:2745]	0.04276068	
KCNJ6	potassium inwardly rectifying channel subfamily J member 6 [Source:HGNC Symbol;Acc:HGNC:6267]	0.04239215	
MRPL4	mitochondrial ribosomal protein L4 [Source:HGNC Symbol;Acc:HGNC:14276]	0.041066628	
PAQR5	progestin and adipoQ receptor family member 5 [Source:HGNC Symbol;Acc:HGNC:29645]	0.038674105	
YIPF6	Yip1 domain family member 6 [Source:HGNC Symbol;Acc:HGNC:28304]	0.038203847	
KCTD5	potassium channel tetramerization domain containing 5 [Source:HGNC Symbol;Acc:HGNC:21423]	0.0381677	
WDR62	WD repeat domain 62 [Source:HGNC Symbol;Acc:HGNC:24502]	0.035937265	
UBE2R2	ubiquitin conjugating enzyme E2 R2 [Source:HGNC Symbol;Acc:HGNC:19907]	0.035462387	
VDAC2	voltage dependent anion channel 2 [Source:HGNC Symbol;Acc:HGNC:12672]	0.034999248	
CUL5	cullin 5 [Source:HGNC Symbol;Acc:HGNC:2556]	0.034667592	
PANK1	pantothenate kinase 1 [Source:HGNC Symbol;Acc:HGNC:8598]	0.033555187	
MRPL14	mitochondrial ribosomal protein L14 [Source:HGNC Symbol;Acc:HGNC:14279]	0.033174146	
NDUFS8	NADH:ubiquinone oxidoreductase core subunit S8 [Source:HGNC Symbol;Acc:HGNC:7715]	0.0317265	
GMPR2	guanosine monophosphate reductase 2 [Source:HGNC Symbol;Acc:HGNC:4377]	0.031553887	
CDC27	cell division cycle 27 [Source:HGNC Symbol;Acc:HGNC:1728]	0.03149742	
ANKRD50	ankyrin repeat domain containing 50 [Source:HGNC Symbol;Acc:HGNC:29223]	0.030190226	
MED16	mediator complex subunit 16 [Source:HGNC Symbol;Acc:HGNC:17556]	0.028957698	
UBL5	ubiquitin like 5 [Source:HGNC Symbol;Acc:HGNC:13736]	0.028066454	
MRPL32	mitochondrial ribosomal protein L32 [Source:HGNC Symbol;Acc:HGNC:14035]	0.028016577	
PSMA2	proteasome 20S subunit alpha 2 [Source:HGNC Symbol;Acc:HGNC:9531]	0.027807929	
ISCA2	iron-sulfur cluster assembly 2 [Source:HGNC Symbol;Acc:HGNC:19857]	0.027614594	
RPS29	ribosomal protein S29 [Source:HGNC Symbol;Acc:HGNC:10419]	0.026792621	
RAB43	RAB43, member RAS oncogene family [Source:HGNC Symbol;Acc:HGNC:19983]	0.02676591	
ORC1	origin recognition complex subunit 1 [Source:HGNC Symbol;Acc:HGNC:8487]	0.0265829	
UBA1	ubiquitin like modifier activating enzyme 1 [Source:HGNC Symbol;Acc:HGNC:12469]	0.026234847	
DCLRE1B	DNA cross-link repair 1B [Source:HGNC Symbol;Acc:HGNC:17641]	0.025999537	
NDUFV1	NADH:ubiquinone oxidoreductase core subunit V1 [Source:HGNC Symbol;Acc:HGNC:7716]	0.025376756	
NUP58	nucleoporin 58 [Source:HGNC Symbol;Acc:HGNC:20261]	0.02458768	
UPB1	beta-ureidopropionase 1 [Source:HGNC Symbol;Acc:HGNC:16297]	0.024524363	
RPL37A	ribosomal protein L37a [Source:HGNC Symbol;Acc:HGNC:10348]	0.024223203	
CDIP1	cell death inducing p53 target 1 [Source:HGNC Symbol;Acc:HGNC:13234]	0.022949126	
GOLGA4	golgin A4 [Source:HGNC Symbol;Acc:HGNC:4427]	0.02198719	
NOX5	NADPH oxidase 5 [Source:HGNC Symbol;Acc:HGNC:14874]	0.020766217	
DPAGT1	dolichyl-phosphate N-acetylglucosaminephosphotransferase 1 [Source:HGNC Symbol;Acc:HGNC:2995]	0.020575058	
PPP2CA	protein phosphatase 2 catalytic subunit alpha [Source:HGNC Symbol;Acc:HGNC:9299]	0.020080946	
MTMR2	myotubularin related protein 2 [Source:HGNC Symbol;Acc:HGNC:7450]	0.018292127	
LENG1	leukocyte receptor cluster member 1 [Source:HGNC Symbol;Acc:HGNC:15502]	0.016816175	
MOCS2	molybdenum cofactor synthesis 2 [Source:HGNC Symbol;Acc:HGNC:7193]	0.016390877	
PIN4	peptidylprolyl cis/trans isomerase, NIMA-interacting 4 [Source:HGNC Symbol;Acc:HGNC:8992]	0.015067903	
POMT2	protein O-mannosyltransferase 2 [Source:HGNC Symbol;Acc:HGNC:19743]	0.01394314	
EDEM2	ER degradation enhancing alpha-mannosidase like protein 2 [Source:HGNC Symbol;Acc:HGNC:15877]	0.013851761	
UPF2	UPF2 regulator of nonsense mediated mRNA decay [Source:HGNC Symbol;Acc:HGNC:17854]	0.013630544	
RPS26	ribosomal protein S26 [Source:HGNC Symbol;Acc:HGNC:10414]	0.013250365	
NUBP1	NUBP iron-sulfur cluster assembly factor 1, cytosolic [Source:HGNC Symbol;Acc:HGNC:8041]	0.01303621	
CNDP2	carnosine dipeptidase 2 [Source:HGNC Symbol;Acc:HGNC:24437]	0.010637357	
NFU1	NFU1 iron-sulfur cluster scaffold [Source:HGNC Symbol;Acc:HGNC:16287]	0.010256014	
IFT43	intraflagellar transport 43 [Source:HGNC Symbol;Acc:HGNC:29669]	0.009106908	
ENY2	ENY2 transcription and export complex 2 subunit [Source:HGNC Symbol;Acc:HGNC:24449]	0.008869528	
EIF1AY	eukaryotic translation initiation factor 1A Y-linked [Source:HGNC Symbol;Acc:HGNC:3252]	0.008839248	
CRIP1	cysteine rich protein 1 [Source:HGNC Symbol;Acc:HGNC:2360]	0.008593009	
SFT2D2	SFT2 domain containing 2 [Source:HGNC Symbol;Acc:HGNC:25140]	0.008189797	
RAB4B	RAB4B, member RAS oncogene family [Source:HGNC Symbol;Acc:HGNC:9782]	0.007993265	
G6PD	glucose-6-phosphate dehydrogenase [Source:HGNC Symbol;Acc:HGNC:4057]	0.007773449	
VPS35	VPS35 retromer complex component [Source:HGNC Symbol;Acc:HGNC:13487]	0.007483873	
TOP3B	DNA topoisomerase III beta [Source:HGNC Symbol;Acc:HGNC:11993]	0.006570865	
PRKAA2	protein kinase AMP-activated catalytic subunit alpha 2 [Source:HGNC Symbol;Acc:HGNC:9377]	0.004817553	
PLEKHJ1	pleckstrin homology domain containing J1 [Source:HGNC Symbol;Acc:HGNC:18211]	0.004495433	
ATXN2	ataxin 2 [Source:HGNC Symbol;Acc:HGNC:10555]	0.003020544	
PABPC4	poly(A) binding protein cytoplasmic 4 [Source:HGNC Symbol;Acc:HGNC:8557]	0.002153399	
SLC4A9	solute carrier family 4 member 9 [Source:HGNC Symbol;Acc:HGNC:11035]	0.0016161	
MPC1	mitochondrial pyruvate carrier 1 [Source:HGNC Symbol;Acc:HGNC:21606]	0.001139665	
RAB35	RAB35, member RAS oncogene family [Source:HGNC Symbol;Acc:HGNC:9774]	2.48272E-4	
UBE2V1	ubiquitin conjugating enzyme E2 V1 [Source:HGNC Symbol;Acc:HGNC:12494]	1.619E-4	
RPL18A	ribosomal protein L18a [Source:HGNC Symbol;Acc:HGNC:10311]	-8.41802E-4	
IFT20	intraflagellar transport 20 [Source:HGNC Symbol;Acc:HGNC:30989]	-0.001808774	
MRPL37	mitochondrial ribosomal protein L37 [Source:HGNC Symbol;Acc:HGNC:14034]	-0.002916728	
RAB10	RAB10, member RAS oncogene family [Source:HGNC Symbol;Acc:HGNC:9759]	-0.004574164	
RPL30	ribosomal protein L30 [Source:HGNC Symbol;Acc:HGNC:10333]	-0.005592925	
USE1	unconventional SNARE in the ER 1 [Source:HGNC Symbol;Acc:HGNC:30882]	-0.006759464	
MRPL53	mitochondrial ribosomal protein L53 [Source:HGNC Symbol;Acc:HGNC:16684]	-0.006862298	
ARPC4	actin related protein 2/3 complex subunit 4 [Source:HGNC Symbol;Acc:HGNC:707]	-0.007779617	
MRPS6	mitochondrial ribosomal protein S6 [Source:HGNC Symbol;Acc:HGNC:14051]	-0.008077715	
PSMC3	proteasome 26S subunit, ATPase 3 [Source:HGNC Symbol;Acc:HGNC:9549]	-0.008369348	
RGS20	regulator of G protein signaling 20 [Source:HGNC Symbol;Acc:HGNC:14600]	-0.009054041	
ART4	ADP-ribosyltransferase 4 (inactive) (Dombrock blood group) [Source:HGNC Symbol;Acc:HGNC:726]	-0.009332425	
MAP3K4	mitogen-activated protein kinase kinase kinase 4 [Source:HGNC Symbol;Acc:HGNC:6856]	-0.009444154	
POLR2H	RNA polymerase II, I and III subunit H [Source:HGNC Symbol;Acc:HGNC:9195]	-0.009626637	
RER1	retention in endoplasmic reticulum sorting receptor 1 [Source:HGNC Symbol;Acc:HGNC:30309]	-0.010696741	
TAF12	TATA-box binding protein associated factor 12 [Source:HGNC Symbol;Acc:HGNC:11545]	-0.01221999	
COX6B1	cytochrome c oxidase subunit 6B1 [Source:HGNC Symbol;Acc:HGNC:2280]	-0.012572579	
LIMS2	LIM zinc finger domain containing 2 [Source:HGNC Symbol;Acc:HGNC:16084]	-0.014194205	
CMC1	C-X9-C motif containing 1 [Source:HGNC Symbol;Acc:HGNC:28783]	-0.014353505	
ME1	malic enzyme 1 [Source:HGNC Symbol;Acc:HGNC:6983]	-0.014707445	
CELF2	CUGBP Elav-like family member 2 [Source:HGNC Symbol;Acc:HGNC:2550]	-0.015396194	
VPS33B	VPS33B late endosome and lysosome associated [Source:HGNC Symbol;Acc:HGNC:12712]	-0.01610673	
MAP2K1	mitogen-activated protein kinase kinase 1 [Source:HGNC Symbol;Acc:HGNC:6840]	-0.016352665	
MED26	mediator complex subunit 26 [Source:HGNC Symbol;Acc:HGNC:2376]	-0.017134288	
RPS17	ribosomal protein S17 [Source:HGNC Symbol;Acc:HGNC:10397]	-0.018015835	
CYC1	cytochrome c1 [Source:HGNC Symbol;Acc:HGNC:2579]	-0.018197456	
AP1B1	adaptor related protein complex 1 subunit beta 1 [Source:HGNC Symbol;Acc:HGNC:554]	-0.018755017	
CYTH1	cytohesin 1 [Source:HGNC Symbol;Acc:HGNC:9501]	-0.019875417	
OGFOD2	2-oxoglutarate and iron dependent oxygenase domain containing 2 [Source:HGNC Symbol;Acc:HGNC:25823]	-0.02127302	
WNT4	Wnt family member 4 [Source:HGNC Symbol;Acc:HGNC:12783]	-0.02164385	
PPP2R5E	protein phosphatase 2 regulatory subunit B'epsilon [Source:HGNC Symbol;Acc:HGNC:9313]	-0.022352228	
ING3	inhibitor of growth family member 3 [Source:HGNC Symbol;Acc:HGNC:14587]	-0.022361355	
ANKRD6	ankyrin repeat domain 6 [Source:HGNC Symbol;Acc:HGNC:17280]	-0.02290453	
PIK3CA	phosphatidylinositol-4,5-bisphosphate 3-kinase catalytic subunit alpha [Source:HGNC Symbol;Acc:HGNC:8975]	-0.022981962	
GUK1	guanylate kinase 1 [Source:HGNC Symbol;Acc:HGNC:4693]	-0.023017978	
MRC2	mannose receptor C type 2 [Source:HGNC Symbol;Acc:HGNC:16875]	-0.026530549	
GOT1	glutamic-oxaloacetic transaminase 1 [Source:HGNC Symbol;Acc:HGNC:4432]	-0.026840236	
HAUS3	HAUS augmin like complex subunit 3 [Source:HGNC Symbol;Acc:HGNC:28719]	-0.026911514	
RPL37	ribosomal protein L37 [Source:HGNC Symbol;Acc:HGNC:10347]	-0.028805632	
MYD88	MYD88 innate immune signal transduction adaptor [Source:HGNC Symbol;Acc:HGNC:7562]	-0.029170444	
METTL5	methyltransferase 5, N6-adenosine [Source:HGNC Symbol;Acc:HGNC:25006]	-0.029459909	
PSMB3	proteasome 20S subunit beta 3 [Source:HGNC Symbol;Acc:HGNC:9540]	-0.030635368	
POLE3	DNA polymerase epsilon 3, accessory subunit [Source:HGNC Symbol;Acc:HGNC:13546]	-0.0313032	
MRPS7	mitochondrial ribosomal protein S7 [Source:HGNC Symbol;Acc:HGNC:14499]	-0.031795606	
GP1BA	glycoprotein Ib platelet subunit alpha [Source:HGNC Symbol;Acc:HGNC:4439]	-0.032622997	
B3GALT2	beta-1,3-galactosyltransferase 2 [Source:HGNC Symbol;Acc:HGNC:917]	-0.03297106	
NDUFS3	NADH:ubiquinone oxidoreductase core subunit S3 [Source:HGNC Symbol;Acc:HGNC:7710]	-0.03318857	
GLO1	glyoxalase I [Source:HGNC Symbol;Acc:HGNC:4323]	-0.033472717	
AGO1	argonaute RISC component 1 [Source:HGNC Symbol;Acc:HGNC:3262]	-0.03397136	
BCAR1	BCAR1 scaffold protein, Cas family member [Source:HGNC Symbol;Acc:HGNC:971]	-0.03403728	
TBX18	T-box transcription factor 18 [Source:HGNC Symbol;Acc:HGNC:11595]	-0.035011686	
CAMTA1	calmodulin binding transcription activator 1 [Source:HGNC Symbol;Acc:HGNC:18806]	-0.035347518	
MYO1A	myosin IA [Source:HGNC Symbol;Acc:HGNC:7595]	-0.035849277	
CNEP1R1	CTD nuclear envelope phosphatase 1 regulatory subunit 1 [Source:HGNC Symbol;Acc:HGNC:26759]	-0.03652234	
ERGIC1	endoplasmic reticulum-golgi intermediate compartment 1 [Source:HGNC Symbol;Acc:HGNC:29205]	-0.03714369	
TACC3	transforming acidic coiled-coil containing protein 3 [Source:HGNC Symbol;Acc:HGNC:11524]	-0.037866466	
OXCT1	3-oxoacid CoA-transferase 1 [Source:HGNC Symbol;Acc:HGNC:8527]	-0.039193034	
CNOT6L	CCR4-NOT transcription complex subunit 6 like [Source:HGNC Symbol;Acc:HGNC:18042]	-0.041266996	
TTC36	tetratricopeptide repeat domain 36 [Source:HGNC Symbol;Acc:HGNC:33708]	-0.041729953	
TUBG1	tubulin gamma 1 [Source:HGNC Symbol;Acc:HGNC:12417]	-0.042605236	
KCTD10	potassium channel tetramerization domain containing 10 [Source:HGNC Symbol;Acc:HGNC:23236]	-0.043000787	
SPG7	SPG7 matrix AAA peptidase subunit, paraplegin [Source:HGNC Symbol;Acc:HGNC:11237]	-0.043122005	
KDM1A	lysine demethylase 1A [Source:HGNC Symbol;Acc:HGNC:29079]	-0.043529514	
UBE2I	ubiquitin conjugating enzyme E2 I [Source:HGNC Symbol;Acc:HGNC:12485]	-0.045339756	
RAB2A	RAB2A, member RAS oncogene family [Source:HGNC Symbol;Acc:HGNC:9763]	-0.04542098	
SGSM3	small G protein signaling modulator 3 [Source:HGNC Symbol;Acc:HGNC:25228]	-0.04564431	
HPRT1	hypoxanthine phosphoribosyltransferase 1 [Source:HGNC Symbol;Acc:HGNC:5157]	-0.046507403	
SIRT4	sirtuin 4 [Source:HGNC Symbol;Acc:HGNC:14932]	-0.047382817	
SF3B1	splicing factor 3b subunit 1 [Source:HGNC Symbol;Acc:HGNC:10768]	-0.04759707	
HAUS4	HAUS augmin like complex subunit 4 [Source:HGNC Symbol;Acc:HGNC:20163]	-0.047600746	
PRPSAP2	phosphoribosyl pyrophosphate synthetase associated protein 2 [Source:HGNC Symbol;Acc:HGNC:9467]	-0.04764973	
IFT57	intraflagellar transport 57 [Source:HGNC Symbol;Acc:HGNC:17367]	-0.047661506	
CDK8	cyclin dependent kinase 8 [Source:HGNC Symbol;Acc:HGNC:1779]	-0.048399255	
RAB11A	RAB11A, member RAS oncogene family [Source:HGNC Symbol;Acc:HGNC:9760]	-0.04904849	
LDB2	LIM domain binding 2 [Source:HGNC Symbol;Acc:HGNC:6533]	-0.051350746	
KLHL5	kelch like family member 5 [Source:HGNC Symbol;Acc:HGNC:6356]	-0.052102145	
PTPRN2	protein tyrosine phosphatase receptor type N2 [Source:HGNC Symbol;Acc:HGNC:9677]	-0.053294867	
IGHMBP2	immunoglobulin mu DNA binding protein 2 [Source:HGNC Symbol;Acc:HGNC:5542]	-0.05394268	
FLT1	fms related receptor tyrosine kinase 1 [Source:HGNC Symbol;Acc:HGNC:3763]	-0.05495191	
NOL10	nucleolar protein 10 [Source:HGNC Symbol;Acc:HGNC:25862]	-0.05539268	
PPIL1	peptidylprolyl isomerase like 1 [Source:HGNC Symbol;Acc:HGNC:9260]	-0.056228645	
CTU1	cytosolic thiouridylase subunit 1 [Source:HGNC Symbol;Acc:HGNC:29590]	-0.056341574	
MRPL51	mitochondrial ribosomal protein L51 [Source:HGNC Symbol;Acc:HGNC:14044]	-0.056886975	
PAX3	paired box 3 [Source:HGNC Symbol;Acc:HGNC:8617]	-0.0574709	
HOXA1	homeobox A1 [Source:HGNC Symbol;Acc:HGNC:5099]	-0.05820387	
MED19	mediator complex subunit 19 [Source:HGNC Symbol;Acc:HGNC:29600]	-0.059268385	
TLK2	tousled like kinase 2 [Source:HGNC Symbol;Acc:HGNC:11842]	-0.05973802	
NFE2L1	NFE2 like bZIP transcription factor 1 [Source:HGNC Symbol;Acc:HGNC:7781]	-0.059815045	
ARPC3	actin related protein 2/3 complex subunit 3 [Source:HGNC Symbol;Acc:HGNC:706]	-0.06073833	
RANBP1	RAN binding protein 1 [Source:HGNC Symbol;Acc:HGNC:9847]	-0.061120946	
TAF13	TATA-box binding protein associated factor 13 [Source:HGNC Symbol;Acc:HGNC:11546]	-0.061196133	
TAF5	TATA-box binding protein associated factor 5 [Source:HGNC Symbol;Acc:HGNC:11539]	-0.061681814	
FEN1	flap structure-specific endonuclease 1 [Source:HGNC Symbol;Acc:HGNC:3650]	-0.061935104	
TRAPPC6B	trafficking protein particle complex subunit 6B [Source:HGNC Symbol;Acc:HGNC:23066]	-0.062203586	
GSTZ1	glutathione S-transferase zeta 1 [Source:HGNC Symbol;Acc:HGNC:4643]	-0.06373665	
SKP1	S-phase kinase associated protein 1 [Source:HGNC Symbol;Acc:HGNC:10899]	-0.06449379	
ORMDL3	ORMDL sphingolipid biosynthesis regulator 3 [Source:HGNC Symbol;Acc:HGNC:16038]	-0.06770582	
RNF41	ring finger protein 41 [Source:HGNC Symbol;Acc:HGNC:18401]	-0.068991765	
NEIL1	nei like DNA glycosylase 1 [Source:HGNC Symbol;Acc:HGNC:18448]	-0.069000594	
COX5B	cytochrome c oxidase subunit 5B [Source:HGNC Symbol;Acc:HGNC:2269]	-0.069148645	
KPNB1	karyopherin subunit beta 1 [Source:HGNC Symbol;Acc:HGNC:6400]	-0.069244124	
CEP41	centrosomal protein 41 [Source:HGNC Symbol;Acc:HGNC:12370]	-0.07052811	
MED8	mediator complex subunit 8 [Source:HGNC Symbol;Acc:HGNC:19971]	-0.07347246	
ARRB2	arrestin beta 2 [Source:HGNC Symbol;Acc:HGNC:712]	-0.07477756	
NDUFB3	NADH:ubiquinone oxidoreductase subunit B3 [Source:HGNC Symbol;Acc:HGNC:7698]	-0.07555255	
SIN3B	SIN3 transcription regulator family member B [Source:HGNC Symbol;Acc:HGNC:19354]	-0.07605215	
PPP6C	protein phosphatase 6 catalytic subunit [Source:HGNC Symbol;Acc:HGNC:9323]	-0.07676838	
TPI1	triosephosphate isomerase 1 [Source:HGNC Symbol;Acc:HGNC:12009]	-0.077978276	
UBE2L3	ubiquitin conjugating enzyme E2 L3 [Source:HGNC Symbol;Acc:HGNC:12488]	-0.07935518	
ABHD17B	abhydrolase domain containing 17B, depalmitoylase [Source:HGNC Symbol;Acc:HGNC:24278]	-0.08070179	
CCT7	chaperonin containing TCP1 subunit 7 [Source:HGNC Symbol;Acc:HGNC:1622]	-0.08075926	
MICALL2	MICAL like 2 [Source:HGNC Symbol;Acc:HGNC:29672]	-0.081924535	
PSMA4	proteasome 20S subunit alpha 4 [Source:HGNC Symbol;Acc:HGNC:9533]	-0.08234252	
COPS9	COP9 signalosome subunit 9 [Source:HGNC Symbol;Acc:HGNC:21314]	-0.0841751	
RNF7	ring finger protein 7 [Source:HGNC Symbol;Acc:HGNC:10070]	-0.08431325	
COMMD10	COMM domain containing 10 [Source:HGNC Symbol;Acc:HGNC:30201]	-0.0856406	
PLSCR3	phospholipid scramblase 3 [Source:HGNC Symbol;Acc:HGNC:16495]	-0.085969806	
WIPI2	WD repeat domain, phosphoinositide interacting 2 [Source:HGNC Symbol;Acc:HGNC:32225]	-0.08616181	
SAP30	Sin3A associated protein 30 [Source:HGNC Symbol;Acc:HGNC:10532]	-0.08770371	
TRAF3IP1	TRAF3 interacting protein 1 [Source:HGNC Symbol;Acc:HGNC:17861]	-0.08777106	
XRCC5	X-ray repair cross complementing 5 [Source:HGNC Symbol;Acc:HGNC:12833]	-0.088864364	
ABCD4	ATP binding cassette subfamily D member 4 [Source:HGNC Symbol;Acc:HGNC:68]	-0.089429215	
ZRANB2	zinc finger RANBP2-type containing 2 [Source:HGNC Symbol;Acc:HGNC:13058]	-0.09043068	
LUC7L2	LUC7 like 2, pre-mRNA splicing factor [Source:HGNC Symbol;Acc:HGNC:21608]	-0.090950154	
CTNNBL1	catenin beta like 1 [Source:HGNC Symbol;Acc:HGNC:15879]	-0.09211935	
XRCC2	X-ray repair cross complementing 2 [Source:HGNC Symbol;Acc:HGNC:12829]	-0.09279326	
MSH6	mutS homolog 6 [Source:HGNC Symbol;Acc:HGNC:7329]	-0.09320269	
NPEPL1	aminopeptidase like 1 [Source:HGNC Symbol;Acc:HGNC:16244]	-0.094501905	
CHMP2A	charged multivesicular body protein 2A [Source:HGNC Symbol;Acc:HGNC:30216]	-0.09600143	
SERP2	stress associated endoplasmic reticulum protein family member 2 [Source:HGNC Symbol;Acc:HGNC:20607]	-0.09787373	
GGT1	gamma-glutamyltransferase 1 [Source:HGNC Symbol;Acc:HGNC:4250]	-0.09852395	
PPP1CB	protein phosphatase 1 catalytic subunit beta [Source:HGNC Symbol;Acc:HGNC:9282]	-0.09881918	
UBE2J2	ubiquitin conjugating enzyme E2 J2 [Source:HGNC Symbol;Acc:HGNC:19268]	-0.09918315	
UFD1	ubiquitin recognition factor in ER associated degradation 1 [Source:HGNC Symbol;Acc:HGNC:12520]	-0.0998889	
BRSK1	BR serine/threonine kinase 1 [Source:HGNC Symbol;Acc:HGNC:18994]	-0.10016782	
PGAM1	phosphoglycerate mutase 1 [Source:HGNC Symbol;Acc:HGNC:8888]	-0.10157706	
KCNA3	potassium voltage-gated channel subfamily A member 3 [Source:HGNC Symbol;Acc:HGNC:6221]	-0.10208786	
MORF4L1	mortality factor 4 like 1 [Source:HGNC Symbol;Acc:HGNC:16989]	-0.1028392	
MDH1	malate dehydrogenase 1 [Source:HGNC Symbol;Acc:HGNC:6970]	-0.10294052	
DCAF17	DDB1 and CUL4 associated factor 17 [Source:HGNC Symbol;Acc:HGNC:25784]	-0.103852764	
XRN2	5'-3' exoribonuclease 2 [Source:HGNC Symbol;Acc:HGNC:12836]	-0.10409138	
HMCN1	hemicentin 1 [Source:HGNC Symbol;Acc:HGNC:19194]	-0.10483293	
ARPC1A	actin related protein 2/3 complex subunit 1A [Source:HGNC Symbol;Acc:HGNC:703]	-0.10580661	
PLK1	polo like kinase 1 [Source:HGNC Symbol;Acc:HGNC:9077]	-0.10647745	
GRIPAP1	GRIP1 associated protein 1 [Source:HGNC Symbol;Acc:HGNC:18706]	-0.11063988	
PPP4C	protein phosphatase 4 catalytic subunit [Source:HGNC Symbol;Acc:HGNC:9319]	-0.11184163	
ENPP1	ectonucleotide pyrophosphatase/phosphodiesterase 1 [Source:HGNC Symbol;Acc:HGNC:3356]	-0.11295987	
DAD1	defender against cell death 1 [Source:HGNC Symbol;Acc:HGNC:2664]	-0.114094436	
LRP6	LDL receptor related protein 6 [Source:HGNC Symbol;Acc:HGNC:6698]	-0.1154475	
NDUFB6	NADH:ubiquinone oxidoreductase subunit B6 [Source:HGNC Symbol;Acc:HGNC:7701]	-0.115543105	
ACVRL1	activin A receptor like type 1 [Source:HGNC Symbol;Acc:HGNC:175]	-0.116336085	
PSMB6	proteasome 20S subunit beta 6 [Source:HGNC Symbol;Acc:HGNC:9543]	-0.118962854	
HTRA2	HtrA serine peptidase 2 [Source:HGNC Symbol;Acc:HGNC:14348]	-0.11952123	
NLRC4	NLR family CARD domain containing 4 [Source:HGNC Symbol;Acc:HGNC:16412]	-0.121393345	
CDKL1	cyclin dependent kinase like 1 [Source:HGNC Symbol;Acc:HGNC:1781]	-0.12166061	
RAD54L	RAD54 like [Source:HGNC Symbol;Acc:HGNC:9826]	-0.12269879	
TALDO1	transaldolase 1 [Source:HGNC Symbol;Acc:HGNC:11559]	-0.123189256	
RPS6KB1	ribosomal protein S6 kinase B1 [Source:HGNC Symbol;Acc:HGNC:10436]	-0.1259053	
PRDX6	peroxiredoxin 6 [Source:HGNC Symbol;Acc:HGNC:16753]	-0.12785415	
COQ2	coenzyme Q2, polyprenyltransferase [Source:HGNC Symbol;Acc:HGNC:25223]	-0.12793835	
ATG10	autophagy related 10 [Source:HGNC Symbol;Acc:HGNC:20315]	-0.12840517	
MRPS25	mitochondrial ribosomal protein S25 [Source:HGNC Symbol;Acc:HGNC:14511]	-0.13368721	
SSBP3	single stranded DNA binding protein 3 [Source:HGNC Symbol;Acc:HGNC:15674]	-0.13458346	
DCTN6	dynactin subunit 6 [Source:HGNC Symbol;Acc:HGNC:16964]	-0.13567239	
MED6	mediator complex subunit 6 [Source:HGNC Symbol;Acc:HGNC:19970]	-0.13607615	
SYN1	synapsin I [Source:HGNC Symbol;Acc:HGNC:11494]	-0.13635327	
TSEN54	tRNA splicing endonuclease subunit 54 [Source:HGNC Symbol;Acc:HGNC:27561]	-0.13806412	
RAB21	RAB21, member RAS oncogene family [Source:HGNC Symbol;Acc:HGNC:18263]	-0.13820712	
FRMD4B	FERM domain containing 4B [Source:HGNC Symbol;Acc:HGNC:24886]	-0.13957712	
CWC25	CWC25 spliceosome associated protein homolog [Source:HGNC Symbol;Acc:HGNC:25989]	-0.14026843	
CCDC40	coiled-coil domain containing 40 [Source:HGNC Symbol;Acc:HGNC:26090]	-0.1408317	
GTPBP1	GTP binding protein 1 [Source:HGNC Symbol;Acc:HGNC:4669]	-0.14099708	
XBP1	X-box binding protein 1 [Source:HGNC Symbol;Acc:HGNC:12801]	-0.14228705	
UNC5D	unc-5 netrin receptor D [Source:HGNC Symbol;Acc:HGNC:18634]	-0.142976	
AP1S2	adaptor related protein complex 1 subunit sigma 2 [Source:HGNC Symbol;Acc:HGNC:560]	-0.14664559	
MUS81	MUS81 structure-specific endonuclease subunit [Source:HGNC Symbol;Acc:HGNC:29814]	-0.1469464	
TXNL4A	thioredoxin like 4A [Source:HGNC Symbol;Acc:HGNC:30551]	-0.14785661	
MRPS17	mitochondrial ribosomal protein S17 [Source:HGNC Symbol;Acc:HGNC:14047]	-0.14879157	
KCNH5	potassium voltage-gated channel subfamily H member 5 [Source:HGNC Symbol;Acc:HGNC:6254]	-0.14901201	
MFAP1	microfibril associated protein 1 [Source:HGNC Symbol;Acc:HGNC:7032]	-0.14931206	
TP53RK	TP53 regulating kinase [Source:HGNC Symbol;Acc:HGNC:16197]	-0.14965451	
RWDD3	RWD domain containing 3 [Source:HGNC Symbol;Acc:HGNC:21393]	-0.14995827	
CPSF7	cleavage and polyadenylation specific factor 7 [Source:HGNC Symbol;Acc:HGNC:30098]	-0.15066956	
ARL2	ADP ribosylation factor like GTPase 2 [Source:HGNC Symbol;Acc:HGNC:693]	-0.15170981	
MAU2	MAU2 sister chromatid cohesion factor [Source:HGNC Symbol;Acc:HGNC:29140]	-0.1529791	
INF2	inverted formin 2 [Source:HGNC Symbol;Acc:HGNC:23791]	-0.15317765	
ATE1	arginyltransferase 1 [Source:HGNC Symbol;Acc:HGNC:782]	-0.15330522	
NDUFS5	NADH:ubiquinone oxidoreductase subunit S5 [Source:HGNC Symbol;Acc:HGNC:7712]	-0.1536164	
DOT1L	DOT1 like histone lysine methyltransferase [Source:HGNC Symbol;Acc:HGNC:24948]	-0.15424074	
VPS28	VPS28 subunit of ESCRT-I [Source:HGNC Symbol;Acc:HGNC:18178]	-0.15495345	
IST1	IST1 factor associated with ESCRT-III [Source:HGNC Symbol;Acc:HGNC:28977]	-0.15534057	
PPP2R5D	protein phosphatase 2 regulatory subunit B'delta [Source:HGNC Symbol;Acc:HGNC:9312]	-0.15704562	
ARL5B	ADP ribosylation factor like GTPase 5B [Source:HGNC Symbol;Acc:HGNC:23052]	-0.15912947	
MRPS22	mitochondrial ribosomal protein S22 [Source:HGNC Symbol;Acc:HGNC:14508]	-0.16050877	
ARHGEF12	Rho guanine nucleotide exchange factor 12 [Source:HGNC Symbol;Acc:HGNC:14193]	-0.16060364	
DCP2	decapping mRNA 2 [Source:HGNC Symbol;Acc:HGNC:24452]	-0.16064289	
SF3B4	splicing factor 3b subunit 4 [Source:HGNC Symbol;Acc:HGNC:10771]	-0.16446748	
CHI3L2	chitinase 3 like 2 [Source:HGNC Symbol;Acc:HGNC:1933]	-0.16467538	
UBE2G1	ubiquitin conjugating enzyme E2 G1 [Source:HGNC Symbol;Acc:HGNC:12482]	-0.16531467	
RGS7	regulator of G protein signaling 7 [Source:HGNC Symbol;Acc:HGNC:10003]	-0.16534144	
LSM8	LSM8 homolog, U6 small nuclear RNA associated [Source:HGNC Symbol;Acc:HGNC:20471]	-0.16553563	
DNM1	dynamin 1 [Source:HGNC Symbol;Acc:HGNC:2972]	-0.16630287	
SWI5	SWI5 homologous recombination repair protein [Source:HGNC Symbol;Acc:HGNC:31412]	-0.16639403	
GGT7	gamma-glutamyltransferase 7 [Source:HGNC Symbol;Acc:HGNC:4259]	-0.16884537	
PHLDB2	pleckstrin homology like domain family B member 2 [Source:HGNC Symbol;Acc:HGNC:29573]	-0.17059146	
TRAPPC4	trafficking protein particle complex subunit 4 [Source:HGNC Symbol;Acc:HGNC:19943]	-0.17071949	
TANGO2	transport and golgi organization 2 homolog [Source:HGNC Symbol;Acc:HGNC:25439]	-0.17100783	
FGFRL1	fibroblast growth factor receptor like 1 [Source:HGNC Symbol;Acc:HGNC:3693]	-0.17124718	
PPFIA1	PTPRF interacting protein alpha 1 [Source:HGNC Symbol;Acc:HGNC:9245]	-0.17147392	
GDI1	GDP dissociation inhibitor 1 [Source:HGNC Symbol;Acc:HGNC:4226]	-0.17315006	
MBTPS1	membrane bound transcription factor peptidase, site 1 [Source:HGNC Symbol;Acc:HGNC:15456]	-0.17590968	
SMARCE1	SWI/SNF related, matrix associated, actin dependent regulator of chromatin, subfamily e, member 1 [Source:HGNC Symbol;Acc:HGNC:11109]	-0.17788765	
MFSD12	major facilitator superfamily domain containing 12 [Source:HGNC Symbol;Acc:HGNC:28299]	-0.17812227	
CERS6	ceramide synthase 6 [Source:HGNC Symbol;Acc:HGNC:23826]	-0.1801296	
EMC6	ER membrane protein complex subunit 6 [Source:HGNC Symbol;Acc:HGNC:28430]	-0.18150374	
PEX16	peroxisomal biogenesis factor 16 [Source:HGNC Symbol;Acc:HGNC:8857]	-0.18329473	
KAT8	lysine acetyltransferase 8 [Source:HGNC Symbol;Acc:HGNC:17933]	-0.18363242	
MRPL13	mitochondrial ribosomal protein L13 [Source:HGNC Symbol;Acc:HGNC:14278]	-0.18505976	
HAUS6	HAUS augmin like complex subunit 6 [Source:HGNC Symbol;Acc:HGNC:25948]	-0.1863639	
SERHL2	serine hydrolase like 2 [Source:HGNC Symbol;Acc:HGNC:29446]	-0.18781258	
STX19	syntaxin 19 [Source:HGNC Symbol;Acc:HGNC:19300]	-0.18863977	
CEP97	centrosomal protein 97 [Source:HGNC Symbol;Acc:HGNC:26244]	-0.18986064	
SYT7	synaptotagmin 7 [Source:HGNC Symbol;Acc:HGNC:11514]	-0.19075705	
TCF24	transcription factor 24 [Source:HGNC Symbol;Acc:HGNC:32275]	-0.19402026	
SRA1	steroid receptor RNA activator 1 [Source:HGNC Symbol;Acc:HGNC:11281]	-0.1945067	
RFC3	replication factor C subunit 3 [Source:HGNC Symbol;Acc:HGNC:9971]	-0.1954808	
TEX10	testis expressed 10 [Source:HGNC Symbol;Acc:HGNC:25988]	-0.19574152	
LSM5	LSM5 homolog, U6 small nuclear RNA and mRNA degradation associated [Source:HGNC Symbol;Acc:HGNC:17162]	-0.19589676	
ARFRP1	ADP ribosylation factor related protein 1 [Source:HGNC Symbol;Acc:HGNC:662]	-0.19664873	
TAF10	TATA-box binding protein associated factor 10 [Source:HGNC Symbol;Acc:HGNC:11543]	-0.19825049	
ZMAT2	zinc finger matrin-type 2 [Source:HGNC Symbol;Acc:HGNC:26433]	-0.19923462	
ORC6	origin recognition complex subunit 6 [Source:HGNC Symbol;Acc:HGNC:17151]	-0.20081215	
PRDX4	peroxiredoxin 4 [Source:HGNC Symbol;Acc:HGNC:17169]	-0.20338227	
DYNLRB2	dynein light chain roadblock-type 2 [Source:HGNC Symbol;Acc:HGNC:15467]	-0.21266933	
SHISA5	shisa family member 5 [Source:HGNC Symbol;Acc:HGNC:30376]	-0.21296008	
TM9SF4	transmembrane 9 superfamily member 4 [Source:HGNC Symbol;Acc:HGNC:30797]	-0.21385403	
CDK5	cyclin dependent kinase 5 [Source:HGNC Symbol;Acc:HGNC:1774]	-0.21392986	
MLC1	modulator of VRAC current 1 [Source:HGNC Symbol;Acc:HGNC:17082]	-0.21402991	
RAB1A	RAB1A, member RAS oncogene family [Source:HGNC Symbol;Acc:HGNC:9758]	-0.21679023	
SERPINF1	serpin family F member 1 [Source:HGNC Symbol;Acc:HGNC:8824]	-0.22041589	
GID4	GID complex subunit 4 homolog [Source:HGNC Symbol;Acc:HGNC:28453]	-0.22091529	
PSMF1	proteasome inhibitor subunit 1 [Source:HGNC Symbol;Acc:HGNC:9571]	-0.22364782	
CSNK1G2	casein kinase 1 gamma 2 [Source:HGNC Symbol;Acc:HGNC:2455]	-0.22446477	
TMEM33	transmembrane protein 33 [Source:HGNC Symbol;Acc:HGNC:25541]	-0.2268611	
NDUFA2	NADH:ubiquinone oxidoreductase subunit A2 [Source:HGNC Symbol;Acc:HGNC:7685]	-0.22726427	
MED23	mediator complex subunit 23 [Source:HGNC Symbol;Acc:HGNC:2372]	-0.22756994	
GIGYF1	GRB10 interacting GYF protein 1 [Source:HGNC Symbol;Acc:HGNC:9126]	-0.2276448	
GNB5	G protein subunit beta 5 [Source:HGNC Symbol;Acc:HGNC:4401]	-0.2297168	
POLR3K	RNA polymerase III subunit K [Source:HGNC Symbol;Acc:HGNC:14121]	-0.230221	
SYT15	synaptotagmin 15 [Source:HGNC Symbol;Acc:HGNC:17167]	-0.23080975	
ATP1B1	ATPase Na+/K+ transporting subunit beta 1 [Source:HGNC Symbol;Acc:HGNC:804]	-0.23273908	
CSNK1E	casein kinase 1 epsilon [Source:HGNC Symbol;Acc:HGNC:2453]	-0.23521085	
UBA3	ubiquitin like modifier activating enzyme 3 [Source:HGNC Symbol;Acc:HGNC:12470]	-0.2357823	
LARGE1	LARGE xylosyl- and glucuronyltransferase 1 [Source:HGNC Symbol;Acc:HGNC:6511]	-0.24154761	
NCAM2	neural cell adhesion molecule 2 [Source:HGNC Symbol;Acc:HGNC:7657]	-0.24187648	
UBE2J1	ubiquitin conjugating enzyme E2 J1 [Source:HGNC Symbol;Acc:HGNC:17598]	-0.24266206	
SSC5D	scavenger receptor cysteine rich family member with 5 domains [Source:HGNC Symbol;Acc:HGNC:26641]	-0.24851806	
CPN2	carboxypeptidase N subunit 2 [Source:HGNC Symbol;Acc:HGNC:2313]	-0.24864829	
VPS25	vacuolar protein sorting 25 homolog [Source:HGNC Symbol;Acc:HGNC:28122]	-0.2504598	
GNA14	G protein subunit alpha 14 [Source:HGNC Symbol;Acc:HGNC:4382]	-0.25155535	
TRMT11	tRNA methyltransferase 11 homolog [Source:HGNC Symbol;Acc:HGNC:21080]	-0.2519569	
LIG4	DNA ligase 4 [Source:HGNC Symbol;Acc:HGNC:6601]	-0.2530341	
MAP1LC3C	microtubule associated protein 1 light chain 3 gamma [Source:HGNC Symbol;Acc:HGNC:13353]	-0.25372332	
WNT7B	Wnt family member 7B [Source:HGNC Symbol;Acc:HGNC:12787]	-0.25377175	
PRKAB1	protein kinase AMP-activated non-catalytic subunit beta 1 [Source:HGNC Symbol;Acc:HGNC:9378]	-0.25379696	
SWT1	SWT1 RNA endoribonuclease homolog [Source:HGNC Symbol;Acc:HGNC:16785]	-0.25457415	
PLCG2	phospholipase C gamma 2 [Source:HGNC Symbol;Acc:HGNC:9066]	-0.25550008	
DCTN5	dynactin subunit 5 [Source:HGNC Symbol;Acc:HGNC:24594]	-0.25575522	
CHIC1	cysteine rich hydrophobic domain 1 [Source:HGNC Symbol;Acc:HGNC:1934]	-0.25837976	
TTC26	tetratricopeptide repeat domain 26 [Source:HGNC Symbol;Acc:HGNC:21882]	-0.25894982	
SIRT6	sirtuin 6 [Source:HGNC Symbol;Acc:HGNC:14934]	-0.2617187	
ZSWIM5	zinc finger SWIM-type containing 5 [Source:HGNC Symbol;Acc:HGNC:29299]	-0.2622953	
ECHS1	enoyl-CoA hydratase, short chain 1 [Source:HGNC Symbol;Acc:HGNC:3151]	-0.26466173	
CHP1	calcineurin like EF-hand protein 1 [Source:HGNC Symbol;Acc:HGNC:17433]	-0.26541013	
PTP4A3	protein tyrosine phosphatase 4A3 [Source:HGNC Symbol;Acc:HGNC:9636]	-0.26606753	
D2HGDH	D-2-hydroxyglutarate dehydrogenase [Source:HGNC Symbol;Acc:HGNC:28358]	-0.26732662	
CTDSP1	CTD small phosphatase 1 [Source:HGNC Symbol;Acc:HGNC:21614]	-0.26789913	
COG8	component of oligomeric golgi complex 8 [Source:HGNC Symbol;Acc:HGNC:18623]	-0.2685352	
KAT6A	lysine acetyltransferase 6A [Source:HGNC Symbol;Acc:HGNC:13013]	-0.27097142	
PDCD7	programmed cell death 7 [Source:HGNC Symbol;Acc:HGNC:8767]	-0.27269918	
TMPRSS4	transmembrane serine protease 4 [Source:HGNC Symbol;Acc:HGNC:11878]	-0.27650085	
RRM1	ribonucleotide reductase catalytic subunit M1 [Source:HGNC Symbol;Acc:HGNC:10451]	-0.27709827	
GSK3B	glycogen synthase kinase 3 beta [Source:HGNC Symbol;Acc:HGNC:4617]	-0.27981323	
SEMA5A	semaphorin 5A [Source:HGNC Symbol;Acc:HGNC:10736]	-0.28133294	
COMMD3	COMM domain containing 3 [Source:HGNC Symbol;Acc:HGNC:23332]	-0.28144875	
DPH1	diphthamide biosynthesis 1 [Source:HGNC Symbol;Acc:HGNC:3003]	-0.28186283	
COQ7	coenzyme Q7, hydroxylase [Source:HGNC Symbol;Acc:HGNC:2244]	-0.28199002	
WNT9A	Wnt family member 9A [Source:HGNC Symbol;Acc:HGNC:12778]	-0.28252888	
AMPD2	adenosine monophosphate deaminase 2 [Source:HGNC Symbol;Acc:HGNC:469]	-0.2833833	
WDR82	WD repeat domain 82 [Source:HGNC Symbol;Acc:HGNC:28826]	-0.2836526	
BANF1	BAF nuclear assembly factor 1 [Source:HGNC Symbol;Acc:HGNC:17397]	-0.28626662	
RBM39	RNA binding motif protein 39 [Source:HGNC Symbol;Acc:HGNC:15923]	-0.2870484	
NEK7	NIMA related kinase 7 [Source:HGNC Symbol;Acc:HGNC:13386]	-0.28719568	
SETD9	SET domain containing 9 [Source:HGNC Symbol;Acc:HGNC:28508]	-0.2882465	
HDAC3	histone deacetylase 3 [Source:HGNC Symbol;Acc:HGNC:4854]	-0.28948668	
UBE2C	ubiquitin conjugating enzyme E2 C [Source:HGNC Symbol;Acc:HGNC:15937]	-0.2906024	
MOB4	MOB family member 4, phocein [Source:HGNC Symbol;Acc:HGNC:17261]	-0.2913765	
PTGER4	prostaglandin E receptor 4 [Source:HGNC Symbol;Acc:HGNC:9596]	-0.29188073	
PMS2	PMS1 homolog 2, mismatch repair system component [Source:HGNC Symbol;Acc:HGNC:9122]	-0.2918824	
PDE8A	phosphodiesterase 8A [Source:HGNC Symbol;Acc:HGNC:8793]	-0.29429364	
AP3B2	adaptor related protein complex 3 subunit beta 2 [Source:HGNC Symbol;Acc:HGNC:567]	-0.29844302	
GEMIN8	gem nuclear organelle associated protein 8 [Source:HGNC Symbol;Acc:HGNC:26044]	-0.29891807	
DOCK1	dedicator of cytokinesis 1 [Source:HGNC Symbol;Acc:HGNC:2987]	-0.30236775	
SLC9A8	solute carrier family 9 member A8 [Source:HGNC Symbol;Acc:HGNC:20728]	-0.30237338	
PRMT8	protein arginine methyltransferase 8 [Source:HGNC Symbol;Acc:HGNC:5188]	-0.3027557	
BTBD3	BTB domain containing 3 [Source:HGNC Symbol;Acc:HGNC:15854]	-0.30301988	
BLOC1S1	biogenesis of lysosomal organelles complex 1 subunit 1 [Source:HGNC Symbol;Acc:HGNC:4200]	-0.3048123	
ANKRD28	ankyrin repeat domain 28 [Source:HGNC Symbol;Acc:HGNC:29024]	-0.3051401	
AKR1A1	aldo-keto reductase family 1 member A1 [Source:HGNC Symbol;Acc:HGNC:380]	-0.3097212	
MED31	mediator complex subunit 31 [Source:HGNC Symbol;Acc:HGNC:24260]	-0.31162044	
NBEAL1	neurobeachin like 1 [Source:HGNC Symbol;Acc:HGNC:20681]	-0.31223983	
TAF8	TATA-box binding protein associated factor 8 [Source:HGNC Symbol;Acc:HGNC:17300]	-0.3125133	
SSR3	signal sequence receptor subunit 3 [Source:HGNC Symbol;Acc:HGNC:11325]	-0.31283438	
SUMF1	sulfatase modifying factor 1 [Source:HGNC Symbol;Acc:HGNC:20376]	-0.3149446	
DUOX1	dual oxidase 1 [Source:HGNC Symbol;Acc:HGNC:3062]	-0.31622323	
PPIL4	peptidylprolyl isomerase like 4 [Source:HGNC Symbol;Acc:HGNC:15702]	-0.31657094	
LAMTOR2	late endosomal/lysosomal adaptor, MAPK and MTOR activator 2 [Source:HGNC Symbol;Acc:HGNC:29796]	-0.3172069	
DEGS1	delta 4-desaturase, sphingolipid 1 [Source:HGNC Symbol;Acc:HGNC:13709]	-0.31828368	
THOC3	THO complex subunit 3 [Source:HGNC Symbol;Acc:HGNC:19072]	-0.32072392	
TRAPPC2	trafficking protein particle complex subunit 2 [Source:HGNC Symbol;Acc:HGNC:23068]	-0.32115838	
MED15	mediator complex subunit 15 [Source:HGNC Symbol;Acc:HGNC:14248]	-0.3303171	
WDR83	WD repeat domain 83 [Source:HGNC Symbol;Acc:HGNC:32672]	-0.33061367	
MCCC1	methylcrotonyl-CoA carboxylase subunit 1 [Source:HGNC Symbol;Acc:HGNC:6936]	-0.3322653	
CDK2	cyclin dependent kinase 2 [Source:HGNC Symbol;Acc:HGNC:1771]	-0.33312124	
ORC4	origin recognition complex subunit 4 [Source:HGNC Symbol;Acc:HGNC:8490]	-0.33317104	
SKP2	S-phase kinase associated protein 2 [Source:HGNC Symbol;Acc:HGNC:10901]	-0.3344159	
FBXL4	F-box and leucine rich repeat protein 4 [Source:HGNC Symbol;Acc:HGNC:13601]	-0.3353059	
CNOT9	CCR4-NOT transcription complex subunit 9 [Source:HGNC Symbol;Acc:HGNC:10445]	-0.34094387	
YEATS4	YEATS domain containing 4 [Source:HGNC Symbol;Acc:HGNC:24859]	-0.34291098	
FUBP1	far upstream element binding protein 1 [Source:HGNC Symbol;Acc:HGNC:4004]	-0.34292206	
MRPS33	mitochondrial ribosomal protein S33 [Source:HGNC Symbol;Acc:HGNC:16634]	-0.34471318	
ZDHHC8	zinc finger DHHC-type palmitoyltransferase 8 [Source:HGNC Symbol;Acc:HGNC:18474]	-0.34577516	
UBL3	ubiquitin like 3 [Source:HGNC Symbol;Acc:HGNC:12504]	-0.35138184	
SURF4	surfeit 4 [Source:HGNC Symbol;Acc:HGNC:11476]	-0.35267484	
RAP2C	RAP2C, member of RAS oncogene family [Source:HGNC Symbol;Acc:HGNC:21165]	-0.35354912	
PNPLA4	patatin like phospholipase domain containing 4 [Source:HGNC Symbol;Acc:HGNC:24887]	-0.35893533	
PTPN11	protein tyrosine phosphatase non-receptor type 11 [Source:HGNC Symbol;Acc:HGNC:9644]	-0.36144805	
FOXD1	forkhead box D1 [Source:HGNC Symbol;Acc:HGNC:3802]	-0.36168465	
RNF11	ring finger protein 11 [Source:HGNC Symbol;Acc:HGNC:10056]	-0.36185804	
NCOA2	nuclear receptor coactivator 2 [Source:HGNC Symbol;Acc:HGNC:7669]	-0.366131	
PTGS2	prostaglandin-endoperoxide synthase 2 [Source:HGNC Symbol;Acc:HGNC:9605]	-0.36865395	
ATG13	autophagy related 13 [Source:HGNC Symbol;Acc:HGNC:29091]	-0.36937386	
RNF19A	ring finger protein 19A, RBR E3 ubiquitin protein ligase [Source:HGNC Symbol;Acc:HGNC:13432]	-0.3713832	
UBLCP1	ubiquitin like domain containing CTD phosphatase 1 [Source:HGNC Symbol;Acc:HGNC:28110]	-0.373603	
TMCO6	transmembrane and coiled-coil domains 6 [Source:HGNC Symbol;Acc:HGNC:28814]	-0.37451825	
SURF1	SURF1 cytochrome c oxidase assembly factor [Source:HGNC Symbol;Acc:HGNC:11474]	-0.37591246	
SRPK2	SRSF protein kinase 2 [Source:HGNC Symbol;Acc:HGNC:11306]	-0.37806088	
DESI2	desumoylating isopeptidase 2 [Source:HGNC Symbol;Acc:HGNC:24264]	-0.3802507	
SSU72	SSU72 homolog, RNA polymerase II CTD phosphatase [Source:HGNC Symbol;Acc:HGNC:25016]	-0.38034183	
NHEJ1	non-homologous end joining factor 1 [Source:HGNC Symbol;Acc:HGNC:25737]	-0.38460746	
PEX2	peroxisomal biogenesis factor 2 [Source:HGNC Symbol;Acc:HGNC:9717]	-0.39083043	
RAB14	RAB14, member RAS oncogene family [Source:HGNC Symbol;Acc:HGNC:16524]	-0.39152762	
COG7	component of oligomeric golgi complex 7 [Source:HGNC Symbol;Acc:HGNC:18622]	-0.39154628	
SNAP25	synaptosome associated protein 25 [Source:HGNC Symbol;Acc:HGNC:11132]	-0.39438987	
MSH4	mutS homolog 4 [Source:HGNC Symbol;Acc:HGNC:7327]	-0.39458153	
HP1BP3	heterochromatin protein 1 binding protein 3 [Source:HGNC Symbol;Acc:HGNC:24973]	-0.3958485	
TK1	thymidine kinase 1 [Source:HGNC Symbol;Acc:HGNC:11830]	-0.40032086	
FGFR3	fibroblast growth factor receptor 3 [Source:HGNC Symbol;Acc:HGNC:3690]	-0.40101233	
ABCD2	ATP binding cassette subfamily D member 2 [Source:HGNC Symbol;Acc:HGNC:66]	-0.40261826	
MYO19	myosin XIX [Source:HGNC Symbol;Acc:HGNC:26234]	-0.40300322	
OXNAD1	oxidoreductase NAD binding domain containing 1 [Source:HGNC Symbol;Acc:HGNC:25128]	-0.40308905	
SEC63	SEC63 homolog, protein translocation regulator [Source:HGNC Symbol;Acc:HGNC:21082]	-0.4050794	
IER3IP1	immediate early response 3 interacting protein 1 [Source:HGNC Symbol;Acc:HGNC:18550]	-0.40557882	
USP12	ubiquitin specific peptidase 12 [Source:HGNC Symbol;Acc:HGNC:20485]	-0.40675992	
KIF27	kinesin family member 27 [Source:HGNC Symbol;Acc:HGNC:18632]	-0.40735164	
COMMD2	COMM domain containing 2 [Source:HGNC Symbol;Acc:HGNC:24993]	-0.41205058	
PPT2	palmitoyl-protein thioesterase 2 [Source:HGNC Symbol;Acc:HGNC:9326]	-0.41753653	
USP19	ubiquitin specific peptidase 19 [Source:HGNC Symbol;Acc:HGNC:12617]	-0.4225283	
CRY1	cryptochrome circadian regulator 1 [Source:HGNC Symbol;Acc:HGNC:2384]	-0.4286719	
WSB1	WD repeat and SOCS box containing 1 [Source:HGNC Symbol;Acc:HGNC:19221]	-0.42985663	
NEDD4	NEDD4 E3 ubiquitin protein ligase [Source:HGNC Symbol;Acc:HGNC:7727]	-0.4315829	
UNC13B	unc-13 homolog B [Source:HGNC Symbol;Acc:HGNC:12566]	-0.44169548	
PFKFB1	6-phosphofructo-2-kinase/fructose-2,6-biphosphatase 1 [Source:HGNC Symbol;Acc:HGNC:8872]	-0.44419506	
TOR4A	torsin family 4 member A [Source:HGNC Symbol;Acc:HGNC:25981]	-0.4462497	
SMC3	structural maintenance of chromosomes 3 [Source:HGNC Symbol;Acc:HGNC:2468]	-0.44657472	
RNF13	ring finger protein 13 [Source:HGNC Symbol;Acc:HGNC:10057]	-0.44885698	
BBS1	Bardet-Biedl syndrome 1 [Source:HGNC Symbol;Acc:HGNC:966]	-0.45061553	
QTRT1	queuine tRNA-ribosyltransferase catalytic subunit 1 [Source:HGNC Symbol;Acc:HGNC:23797]	-0.45177752	
WDR48	WD repeat domain 48 [Source:HGNC Symbol;Acc:HGNC:30914]	-0.45424333	
SERINC5	serine incorporator 5 [Source:HGNC Symbol;Acc:HGNC:18825]	-0.45493045	
CCDC65	coiled-coil domain containing 65 [Source:HGNC Symbol;Acc:HGNC:29937]	-0.45630848	
NFKBIL1	NFKB inhibitor like 1 [Source:HGNC Symbol;Acc:HGNC:7800]	-0.4596335	
ARPC2	actin related protein 2/3 complex subunit 2 [Source:HGNC Symbol;Acc:HGNC:705]	-0.46009925	
GFPT2	glutamine-fructose-6-phosphate transaminase 2 [Source:HGNC Symbol;Acc:HGNC:4242]	-0.4604602	
MAF1	MAF1 homolog, negative regulator of RNA polymerase III [Source:HGNC Symbol;Acc:HGNC:24966]	-0.4612239	
PRR7	proline rich 7, synaptic [Source:HGNC Symbol;Acc:HGNC:28130]	-0.46127117	
TOPBP1	DNA topoisomerase II binding protein 1 [Source:HGNC Symbol;Acc:HGNC:17008]	-0.46153593	
MIS12	MIS12 kinetochore complex component [Source:HGNC Symbol;Acc:HGNC:24967]	-0.46233732	
RAB33B	RAB33B, member RAS oncogene family [Source:HGNC Symbol;Acc:HGNC:16075]	-0.4662428	
NSUN4	NOP2/Sun RNA methyltransferase 4 [Source:HGNC Symbol;Acc:HGNC:31802]	-0.46711326	
PARD6G	par-6 family cell polarity regulator gamma [Source:HGNC Symbol;Acc:HGNC:16076]	-0.46910587	
CDK17	cyclin dependent kinase 17 [Source:HGNC Symbol;Acc:HGNC:8750]	-0.47181207	
UBE2W	ubiquitin conjugating enzyme E2 W [Source:HGNC Symbol;Acc:HGNC:25616]	-0.4727409	
KCNH6	potassium voltage-gated channel subfamily H member 6 [Source:HGNC Symbol;Acc:HGNC:18862]	-0.4741897	
ATG5	autophagy related 5 [Source:HGNC Symbol;Acc:HGNC:589]	-0.4742842	
NDUFA5	NADH:ubiquinone oxidoreductase subunit A5 [Source:HGNC Symbol;Acc:HGNC:7688]	-0.47488788	
TCEANC2	transcription elongation factor A N-terminal and central domain containing 2 [Source:HGNC Symbol;Acc:HGNC:26494]	-0.48075637	
MLH1	mutL homolog 1 [Source:HGNC Symbol;Acc:HGNC:7127]	-0.4826734	
NUDT2	nudix hydrolase 2 [Source:HGNC Symbol;Acc:HGNC:8049]	-0.48301157	
CRB2	crumbs cell polarity complex component 2 [Source:HGNC Symbol;Acc:HGNC:18688]	-0.483035	
RIC8A	RIC8 guanine nucleotide exchange factor A [Source:HGNC Symbol;Acc:HGNC:29550]	-0.48495874	
MRPS11	mitochondrial ribosomal protein S11 [Source:HGNC Symbol;Acc:HGNC:14050]	-0.48972225	
SEC61G	SEC61 translocon subunit gamma [Source:HGNC Symbol;Acc:HGNC:18277]	-0.48979762	
LMBRD2	LMBR1 domain containing 2 [Source:HGNC Symbol;Acc:HGNC:25287]	-0.49197042	
MSANTD2	Myb/SANT DNA binding domain containing 2 [Source:HGNC Symbol;Acc:HGNC:26266]	-0.49246076	
CDK10	cyclin dependent kinase 10 [Source:HGNC Symbol;Acc:HGNC:1770]	-0.49378258	
TEX11	testis expressed 11 [Source:HGNC Symbol;Acc:HGNC:11733]	-0.49716517	
SLC51A	solute carrier family 51 subunit alpha [Source:HGNC Symbol;Acc:HGNC:29955]	-0.50457656	
SESN1	sestrin 1 [Source:HGNC Symbol;Acc:HGNC:21595]	-0.50498736	
SMCR8	SMCR8-C9orf72 complex subunit [Source:HGNC Symbol;Acc:HGNC:17921]	-0.5077009	
STK11	serine/threonine kinase 11 [Source:HGNC Symbol;Acc:HGNC:11389]	-0.5099155	
CACNB1	calcium voltage-gated channel auxiliary subunit beta 1 [Source:HGNC Symbol;Acc:HGNC:1401]	-0.51081073	
MRPL2	mitochondrial ribosomal protein L2 [Source:HGNC Symbol;Acc:HGNC:14056]	-0.5207495	
MIEN1	migration and invasion enhancer 1 [Source:HGNC Symbol;Acc:HGNC:28230]	-0.5368762	
RASL12	RAS like family 12 [Source:HGNC Symbol;Acc:HGNC:30289]	-0.5439999	
GRK3	G protein-coupled receptor kinase 3 [Source:HGNC Symbol;Acc:HGNC:290]	-0.5445792	
NFATC2IP	nuclear factor of activated T cells 2 interacting protein [Source:HGNC Symbol;Acc:HGNC:25906]	-0.5448725	
HTATIP2	HIV-1 Tat interactive protein 2 [Source:HGNC Symbol;Acc:HGNC:16637]	-0.5613693	
CLIP1	CAP-Gly domain containing linker protein 1 [Source:HGNC Symbol;Acc:HGNC:10461]	-0.5638597	
MRPL18	mitochondrial ribosomal protein L18 [Source:HGNC Symbol;Acc:HGNC:14477]	-0.5646582	
CTNNAL1	catenin alpha like 1 [Source:HGNC Symbol;Acc:HGNC:2512]	-0.5710801	
ANAPC11	anaphase promoting complex subunit 11 [Source:HGNC Symbol;Acc:HGNC:14452]	-0.57143205	
ORC2	origin recognition complex subunit 2 [Source:HGNC Symbol;Acc:HGNC:8488]	-0.574836	
XXYLT1	xyloside xylosyltransferase 1 [Source:HGNC Symbol;Acc:HGNC:26639]	-0.58134264	
HINT2	histidine triad nucleotide binding protein 2 [Source:HGNC Symbol;Acc:HGNC:18344]	-0.58211493	
SMPD3	sphingomyelin phosphodiesterase 3 [Source:HGNC Symbol;Acc:HGNC:14240]	-0.5954133	
LRRC40	leucine rich repeat containing 40 [Source:HGNC Symbol;Acc:HGNC:26004]	-0.60379046	
NUP62CL	nucleoporin 62 C-terminal like [Source:HGNC Symbol;Acc:HGNC:25960]	-0.6052609	
DNAJC9	DnaJ heat shock protein family (Hsp40) member C9 [Source:HGNC Symbol;Acc:HGNC:19123]	-0.6073627	
RPRD2	regulation of nuclear pre-mRNA domain containing 2 [Source:HGNC Symbol;Acc:HGNC:29039]	-0.6176946	
FAM32A	family with sequence similarity 32 member A [Source:HGNC Symbol;Acc:HGNC:24563]	-0.6453953	
MRPS34	mitochondrial ribosomal protein S34 [Source:HGNC Symbol;Acc:HGNC:16618]	-0.65381	
MCM3	minichromosome maintenance complex component 3 [Source:HGNC Symbol;Acc:HGNC:6945]	-0.65647495	
RAB23	RAB23, member RAS oncogene family [Source:HGNC Symbol;Acc:HGNC:14263]	-0.6585789	
APAF1	apoptotic peptidase activating factor 1 [Source:HGNC Symbol;Acc:HGNC:576]	-0.6601508	
RASSF5	Ras association domain family member 5 [Source:HGNC Symbol;Acc:HGNC:17609]	-0.6916705	
DOK7	docking protein 7 [Source:HGNC Symbol;Acc:HGNC:26594]	-0.69177806	
MPP7	MAGUK p55 scaffold protein 7 [Source:HGNC Symbol;Acc:HGNC:26542]	-0.6946944	
POU3F4	POU class 3 homeobox 4 [Source:HGNC Symbol;Acc:HGNC:9217]	-0.7114891	
AMMECR1	AMMECR nuclear protein 1 [Source:HGNC Symbol;Acc:HGNC:467]	-0.7157673	
MINPP1	multiple inositol-polyphosphate phosphatase 1 [Source:HGNC Symbol;Acc:HGNC:7102]	-0.7240085	
LMTK2	lemur tyrosine kinase 2 [Source:HGNC Symbol;Acc:HGNC:17880]	-0.7402963	
ZSCAN5B	zinc finger and SCAN domain containing 5B [Source:HGNC Symbol;Acc:HGNC:34246]	-0.74444646	
HOXA3	homeobox A3 [Source:HGNC Symbol;Acc:HGNC:5104]	-0.74717534	
CUL2	cullin 2 [Source:HGNC Symbol;Acc:HGNC:2552]	-0.7473843	
PLA2G2A	phospholipase A2 group IIA [Source:HGNC Symbol;Acc:HGNC:9031]	-0.75157195	
TMOD2	tropomodulin 2 [Source:HGNC Symbol;Acc:HGNC:11872]	-0.75349814	
PRKAG2	protein kinase AMP-activated non-catalytic subunit gamma 2 [Source:HGNC Symbol;Acc:HGNC:9386]	-0.7559029	
CHMP5	charged multivesicular body protein 5 [Source:HGNC Symbol;Acc:HGNC:26942]	-0.7607712	
GGPS1	geranylgeranyl diphosphate synthase 1 [Source:HGNC Symbol;Acc:HGNC:4249]	-0.78232014	
STK36	serine/threonine kinase 36 [Source:HGNC Symbol;Acc:HGNC:17209]	-0.78699285	
MCM2	minichromosome maintenance complex component 2 [Source:HGNC Symbol;Acc:HGNC:6944]	-0.80270106	
BTBD9	BTB domain containing 9 [Source:HGNC Symbol;Acc:HGNC:21228]	-0.80494475	
GM2A	ganglioside GM2 activator [Source:HGNC Symbol;Acc:HGNC:4367]	-0.8068105	
ZNF14	zinc finger protein 14 [Source:HGNC Symbol;Acc:HGNC:12924]	-0.80832696	
TACR2	tachykinin receptor 2 [Source:HGNC Symbol;Acc:HGNC:11527]	-0.8192274	
ABHD5	abhydrolase domain containing 5, lysophosphatidic acid acyltransferase [Source:HGNC Symbol;Acc:HGNC:21396]	-0.8200362	
WDR45	WD repeat domain 45 [Source:HGNC Symbol;Acc:HGNC:28912]	-0.83936214	
PPP2R3C	protein phosphatase 2 regulatory subunit B''gamma [Source:HGNC Symbol;Acc:HGNC:17485]	-0.84279495	
DALRD3	DALR anticodon binding domain containing 3 [Source:HGNC Symbol;Acc:HGNC:25536]	-0.85002375	
CHTF8	chromosome transmission fidelity factor 8 [Source:HGNC Symbol;Acc:HGNC:24353]	-0.89621353	
PTPN13	protein tyrosine phosphatase non-receptor type 13 [Source:HGNC Symbol;Acc:HGNC:9646]	-0.8994391	
YPEL3	yippee like 3 [Source:HGNC Symbol;Acc:HGNC:18327]	-0.9126629	
MKRN1	makorin ring finger protein 1 [Source:HGNC Symbol;Acc:HGNC:7112]	-0.92684984	
RAB32	RAB32, member RAS oncogene family [Source:HGNC Symbol;Acc:HGNC:9772]	-0.9384654	
UBE2H	ubiquitin conjugating enzyme E2 H [Source:HGNC Symbol;Acc:HGNC:12484]	-0.9509234	
ID2	inhibitor of DNA binding 2 [Source:HGNC Symbol;Acc:HGNC:5361]	-0.95995927	
MAP1LC3A	microtubule associated protein 1 light chain 3 alpha [Source:HGNC Symbol;Acc:HGNC:6838]	-0.96178526	
BIN3	bridging integrator 3 [Source:HGNC Symbol;Acc:HGNC:1054]	-0.9726824	
MYH1	myosin heavy chain 1 [Source:HGNC Symbol;Acc:HGNC:7567]	-0.9907665	
CD63	CD63 molecule [Source:HGNC Symbol;Acc:HGNC:1692]	-1.0004631	
RBM22	RNA binding motif protein 22 [Source:HGNC Symbol;Acc:HGNC:25503]	-1.0177587	
ARL4C	ADP ribosylation factor like GTPase 4C [Source:HGNC Symbol;Acc:HGNC:698]	-1.0568365	
ETFRF1	electron transfer flavoprotein regulatory factor 1 [Source:HGNC Symbol;Acc:HGNC:27052]	-1.1010913	
RBBP5	RB binding protein 5, histone lysine methyltransferase complex subunit [Source:HGNC Symbol;Acc:HGNC:9888]	-1.1339669	
ERCC5	ERCC excision repair 5, endonuclease [Source:HGNC Symbol;Acc:HGNC:3437]	-1.1522408	
VPS29	VPS29 retromer complex component [Source:HGNC Symbol;Acc:HGNC:14340]	-1.1524729	
PAK3	p21 (RAC1) activated kinase 3 [Source:HGNC Symbol;Acc:HGNC:8592]	-1.1577672	
BLOC1S6	biogenesis of lysosomal organelles complex 1 subunit 6 [Source:HGNC Symbol;Acc:HGNC:8549]	-1.2356644	
CEP78	centrosomal protein 78 [Source:HGNC Symbol;Acc:HGNC:25740]	-1.3155429	
RAD1	RAD1 checkpoint DNA exonuclease [Source:HGNC Symbol;Acc:HGNC:9806]	-1.3462291	
RSAD2	radical S-adenosyl methionine domain containing 2 [Source:HGNC Symbol;Acc:HGNC:30908]	-1.3691485	
MAMDC2	MAM domain containing 2 [Source:HGNC Symbol;Acc:HGNC:23673]	-1.3778887	
TRIM2	tripartite motif containing 2 [Source:HGNC Symbol;Acc:HGNC:15974]	-1.3913763	
HBP1	HMG-box transcription factor 1 [Source:HGNC Symbol;Acc:HGNC:23200]	-1.4461992	
RAD51C	RAD51 paralog C [Source:HGNC Symbol;Acc:HGNC:9820]	-1.4627506	
INTS12	integrator complex subunit 12 [Source:HGNC Symbol;Acc:HGNC:25067]	-1.6184894	
FBXO7	F-box protein 7 [Source:HGNC Symbol;Acc:HGNC:13586]	-1.731772	
DHX36	DEAH-box helicase 36 [Source:HGNC Symbol;Acc:HGNC:14410]	-2.125549	
