NAME	# MATCHING PROBE SETS	MATCHING PROBE SET(S)	
CHURC1	1	CHURC1	
SNRNP40	1	SNRNP40	
DPH5	1	DPH5	
ATF6	1	ATF6	
WDR17	1	WDR17	
IMP4	1	IMP4	
UXS1	1	UXS1	
AGO3	1	AGO3	
NPY1R	1	NPY1R	
METAP1	1	METAP1	
RSPH3	1	RSPH3	
NLE1	1	NLE1	
NOP2	1	NOP2	
PRPS1	1	PRPS1	
UCKL1	1	UCKL1	
ALDH8A1	1	ALDH8A1	
TSR2	1	TSR2	
PCYT2	1	PCYT2	
PNPT1	1	PNPT1	
CDC40	1	CDC40	
SIX6	1	SIX6	
RPAP1	1	RPAP1	
PAIP2	1	PAIP2	
SIK2	1	SIK2	
GRHL3	1	GRHL3	
EIF3L	1	EIF3L	
SF3A3	1	SF3A3	
MRPL15	1	MRPL15	
PSMC2	1	PSMC2	
TAF11	1	TAF11	
ADAT3	1	ADAT3	
ERLIN1	1	ERLIN1	
POLR2C	1	POLR2C	
XPNPEP2	1	XPNPEP2	
NOP58	1	NOP58	
DRG2	1	DRG2	
EIF3E	1	EIF3E	
GUF1	1	GUF1	
TRAP1	1	TRAP1	
GPHB5	1	GPB5	
POLR2E	1	POLR2E	
RAE1	1	RAE1	
NOP10	1	NOP10	
MRPL30	1	MRPL30	
NIP7	1	NIP7	
USP39	1	USP39	
MUC22	1	MUC22	
ABCF2	1	ABCF2	
USP14	1	USP14	
ABCE1	1	ABCE1	
WNT16	1	WNT16	
SELENBP1	1	SELENBP1	
TMPRSS9	1	TMPRSS9	
DIMT1	1	DIMT1	
EIF1AD	1	EIF1AD	
SRSF1	1	SRSF1	
COX17	1	COX17	
TC2N	1	TC2N	
RRP9	1	RRP9	
FAM98B	1	FAM98B	
ZNF43	1	ZNF43	
GLOD4	1	GLOD4	
HSPA9	1	HSPA9	
PNO1	1	PNO1	
RIN2	1	RIN2	
ZPR1	1	ZPR1	
ARF6	1	ARF6	
CBFA2T2	1	CBFA2T2	
GSPT1	1	GSPT1	
FMR1	1	FMR1	
GTPBP4	1	GTPBP4	
DDX18	1	DDX18	
RAP1B	1	RAP1B	
AMDHD1	1	AMDHD1	
MAK16	1	MAK16	
KPNA5	1	KPNA5	
METTL9	1	METTL9	
COPS4	1	COPS4	
ARL1	1	ARL1	
EMG1	1	EMG1	
GAL3ST1	1	GAL3ST1	
ALDH1L1	1	ALDH1L1	
ITPR1	1	ITPR1	
MRPL19	1	MRPL19	
CCT6A	1	CCT6A	
PPP5C	1	PPP5C	
MRPS14	1	MRPS14	
MRPL46	1	MRPL46	
PPWD1	1	PPWD1	
AFG3L2	1	AFG3L2	
SRP68	1	SRP68	
STOML2	1	STOML2	
JAKMIP2	1	JAKMIP2	
EIF6	1	EIF6	
TEAD1	1	TEAD1	
PSMD11	1	PSMD11	
ACTL10	1	ACTL10	
NSMCE1	1	NSMCE1	
POLR2F	1	POLR2F	
WNT9B	1	WNT9B	
PDE12	1	PDE12	
RPAP3	1	RPAP3	
HDDC3	1	HDDC3	
TAF2	1	TAF2	
UNC5B	1	UNC5B	
THOC5	1	THOC5	
FOXL1	1	FOXL1	
NOP14	1	NOP14	
UBA2	1	UBA2	
SLC6A3	1	SLC6A3	
MRPS12	1	MRPS12	
SOX14	1	SOX14	
ANKRD16	1	ANKRD16	
INTS11	1	INTS11	
ALDH1A1	1	ALDH1A1	
ICE2	1	NARG2	
CHRNA7	1	CHRNA7	
SEC16B	1	SEC16B	
RPL14	1	RPL14	
BRD8	1	BRD8	
PDSS1	1	PDSS1	
MOCS1	1	MOCS1	
ARL3	1	ARL3	
SPPL3	1	SPPL3	
PARD3	1	PARD3	
CHCHD4	1	CHCHD4	
PSMA1	1	PSMA1	
POC1A	1	POC1A	
CCDC25	1	CCDC25	
FRMD4A	1	FRMD4A	
RPL23A	1	RPL23A	
HCN4	1	HCN4	
RBM8A	1	RBM8A	
RPL5	1	RPL5	
PTDSS2	1	PTDSS2	
NUP62	1	NUP62	
MRPL1	1	MRPL1	
YPEL5	1	YPEL5	
UNC13A	1	UNC13A	
POLDIP2	1	POLDIP2	
DPM1	1	DPM1	
RGS9BP	1	RGS9BP	
NT5C3A	1	NT5C3	
RPL24	1	RPL24	
PDAP1	1	PDAP1	
MMS19	1	MMS19	
RPL19	1	RPL19	
DDB1	1	DDB1	
NAT10	1	NAT10	
MEP1A	1	MEP1A	
MED4	1	MED4	
PRPF8	1	PRPF8	
CERS3	1	CERS3	
TCP1	1	TCP1	
RPS8	1	RPS8	
PCID2	1	PCID2	
METAP2	1	METAP2	
VAMP3	1	VAMP3	
SUCLG2	1	SUCLG2	
FANCD2	1	FANCD2	
NAA10	1	NAA10	
SF3A2	1	SF3A2	
TAF7	1	TAF7	
SMU1	1	SMU1	
NMD3	1	NMD3	
CCT2	1	CCT2	
RAB37	1	RAB37	
PGAM5	1	PGAM5	
ALAS1	1	ALAS1	
MRPL22	1	MRPL22	
ACAT2	1	ACAT2	
FKBP2	1	FKBP2	
LSM4	1	LSM4	
RIOK2	1	RIOK2	
GPD2	1	GPD2	
GPR83	1	GPR83	
PICK1	1	PICK1	
TARBP1	1	TARBP1	
RPL38	1	RPL38	
TIAL1	1	TIAL1	
MED17	1	MED17	
MRPS10	1	MRPS10	
TLR6	1	TLR6	
STOML1	1	STOML1	
CDK7	1	CDK7	
BCS1L	1	BCS1L	
NAA20	1	NAA20	
AGPAT5	1	AGPAT5	
LIX1L	1	LIX1L	
GPX7	1	GPX7	
CIAO1	1	CIAO1	
PSMD2	1	PSMD2	
MAP2K4	1	MAP2K4	
ANP32A	1	ANP32A	
LSM2	1	LSM2	
SSX2IP	1	SSX2IP	
SMAD4	1	SMAD4	
GNPDA1	1	GNPDA1	
RPL22	1	RPL22	
MRE11	1	MRE11	
PMF1	1	PMF1	
ACAA2	1	ACAA2	
RHOBTB3	1	RHOBTB3	
JMJD6	1	JMJD6	
EFHD2	1	EFHD2	
ALKBH8	1	ALKBH8	
ALDH6A1	1	ALDH6A1	
EIF5A	1	EIF5A	
SCUBE3	1	SCUBE3	
AP3M1	1	AP3M1	
COPZ1	1	COPZ1	
PSMD3	1	PSMD3	
ISM1	1	ISM1	
SHMT1	1	SHMT1	
SRP14	1	SRP14	
MRPS18B	1	MRPS18B	
URM1	1	URM1	
DDX1	1	DDX1	
COPS6	1	COPS6	
TUBA1C	1	TUBA1C	
WDR45B	1	WDR45B	
MRPL45	1	MRPL45	
SCFD1	1	SCFD1	
BUD23	1	BUD23	
PSMA7	1	PSMA7	
SEC13	1	SEC13	
MRPL16	1	MRPL16	
EIF4A2	1	EIF4A2	
MAP3K9	1	MAP3K9	
TYW3	1	TYW3	
PEX13	1	PEX13	
RPL23	1	RPL23	
FOXL2	1	FOXL2	
RAB39A	1	RAB39A	
RPL6	1	RPL6	
RPL13	1	RPL13	
PSMG1	1	PSMG1	
CDC37	1	CDC37	
MRPL21	1	MRPL21	
METTL6	1	METTL6	
TM9SF2	1	TM9SF2	
ORC5	1	ORC5	
RPL34	1	RPL34	
RBM47	1	RBM47	
RACK1	1	RACK1	
COPS2	1	COPS2	
MTHFD1	1	MTHFD1	
LSM7	1	LSM7	
MGAT2	1	MGAT2	
PPP1CA	1	PPP1CA	
NXT1	1	NXT1	
DDA1	1	DDA1	
MAPRE1	1	MAPRE1	
ATXN3	1	ATXN3	
ABCD3	1	ABCD3	
BCAS2	1	BCAS2	
RPS3	1	RPS3	
RPL15	1	RPL15	
ADRM1	1	ADRM1	
NHP2	1	NHP2	
RPS10	1	RPS10	
EIF1	1	EIF1	
MRPS30	1	MRPS30	
POLE2	1	POLE2	
RPS3A	1	RPS3A	
FABP7	1	FABP7	
SRSF4	1	SRSF4	
DHX16	1	DHX16	
INO80	1	INO80	
CCND2	1	CCND2	
CD55	1	CD55	
NMT2	1	NMT2	
CALD1	1	CALD1	
ACTR1A	1	ACTR1A	
RPL10	1	RPL10	
FKBP3	1	FKBP3	
GRAMD1A	1	GRAMD1A	
MKNK2	1	MKNK2	
MED22	1	MED22	
COG3	1	COG3	
CDK1	1	CDC2	
ZBTB8OS	1	ZBTB8OS	
MRPS18A	1	MRPS18A	
RPL7A	1	RPL7A	
RPL13A	1	RPL13A	
RPL8	1	RPL8	
CSTF2	1	CSTF2	
CYB5R2	1	CYB5R2	
CNOT7	1	CNOT7	
RPS25	1	RPS25	
APOL6	1	APOL6	
LAP3	1	LAP3	
RPP25	1	RPP25	
RPL18	1	RPL18	
NIT2	1	NIT2	
ETHE1	1	ETHE1	
DHX15	1	DHX15	
MED21	1	MED21	
RPL10A	1	RPL10A	
STT3A	1	STT3A	
ROPN1L	1	ROPN1L	
RPL29	1	RPL29	
PSMA5	1	PSMA5	
TRUB1	1	TRUB1	
IDH3B	1	IDH3B	
MRPL3	1	MRPL3	
PRPF31	1	PRPF31	
EIF4G1	1	EIF4G1	
LSM1	1	LSM1	
SEH1L	1	SEH1L	
SRP9	1	SRP9	
MRPL47	1	MRPL47	
IMP3	1	IMP3	
NDUFS4	1	NDUFS4	
HAUS1	1	HAUS1	
NPR1	1	NPR1	
TLN2	1	TLN2	
PPIL3	1	PPIL3	
TMEM41B	1	TMEM41B	
MAPK1	1	MAPK1	
NSA2	1	NSA2	
SF3B2	1	SF3B2	
ACO2	1	ACO2	
ADD1	1	ADD1	
HM13	1	HM13	
NTHL1	1	NTHL1	
INTS8	1	INTS8	
RPL11	1	RPL11	
FOXC1	1	FOXC1	
POP4	1	POP4	
RPL32	1	RPL32	
HINT1	1	HINT1	
DDX17	1	DDX17	
NUCB1	1	NUCB1	
MAN1A2	1	MAN1A2	
PRPF6	1	PRPF6	
CRNKL1	1	CRNKL1	
RPS20	1	RPS20	
JPH3	1	JPH3	
PALS2	1	MPP6	
ACTL6B	1	ACTL6B	
TRPM7	1	TRPM7	
PLEKHG5	1	PLEKHG5	
ECH1	1	ECH1	
PSMB7	1	PSMB7	
MYO6	1	MYO6	
PDE6D	1	PDE6D	
SC5D	1	SC5D	
TUBGCP6	1	TUBGCP6	
IDH1	1	IDH1	
RPS16	1	RPS16	
TNPO1	1	TNPO1	
UGP2	1	UGP2	
ABCB7	1	ABCB7	
GPN1	1	GPN1	
ANKFY1	1	ANKFY1	
MRPL41	1	MRPL41	
IKZF5	1	IKZF5	
AHCYL2	1	AHCYL2	
BRIP1	1	BRIP1	
PSMC6	1	PSMC6	
WDR3	1	WDR3	
MRPL17	1	MRPL17	
RPS11	1	RPS11	
RSRC2	1	RSRC2	
CABP1	1	CABP1	
AP3S2	1	AP3S2	
AIMP2	1	AIMP2	
RPS13	1	RPS13	
RNF4	1	RNF4	
RPLP1	1	RPLP1	
CARHSP1	1	CARHSP1	
ASCC1	1	ASCC1	
RPS27	1	RPS27	
XPO7	1	XPO7	
RPL17	1	RPL17	
SPDL1	1	SPDL1	
RPL36	1	RPL36	
RPS15	1	RPS15	
MOCS3	1	MOCS3	
ELP3	1	ELP3	
NOP56	1	NOP56	
DNAJC4	1	DNAJC4	
CUL4B	1	CUL4B	
NDUFS6	1	NDUFS6	
RPS5	1	RPS5	
GOT2	1	GOT2	
TRAPPC5	1	TRAPPC5	
SUCLG1	1	SUCLG1	
CSNK1A1	1	CSNK1A1	
DMAP1	1	DMAP1	
MCCC2	1	MCCC2	
SUCLA2	1	SUCLA2	
GLB1L2	1	GLB1L2	
TMCO1	1	TMCO1	
RPL35	1	RPL35	
WASF3	1	WASF3	
ADCY3	1	ADCY3	
HDAC4	1	HDAC4	
TIMM17B	1	TIMM17B	
MAP2K3	1	MAP2K3	
ATP6V0B	1	ATP6V0B	
LSM6	1	LSM6	
RAD51B	1	RAD51B	
CDK12	1	CDK12	
PRELID2	1	PRELID2	
BUB3	1	BUB3	
DNAJC8	1	DNAJC8	
TNKS2	1	TNKS2	
RPL28	1	RPL28	
RPL36A	1	RPL36A	
TMED2	1	TMED2	
AKT1	1	AKT1	
TMA7	1	TMA7	
NANOS3	1	NANOS3	
RPN2	1	RPN2	
MRPS24	1	MRPS24	
ARCN1	1	ARCN1	
RAD21	1	RAD21	
MTUS2	1	MTUS2	
PLEKHF2	1	PLEKHF2	
RPL27	1	RPL27	
MNS1	1	MNS1	
RPL27A	1	RPL27A	
UBE2G2	1	UBE2G2	
EFTUD2	1	EFTUD2	
SLC1A3	1	SLC1A3	
MRPL27	1	MRPL27	
SYT4	1	SYT4	
AP2M1	1	AP2M1	
RPL9	1	RPL9	
LCLAT1	1	LCLAT1	
SPG21	1	SPG21	
RPS24	1	RPS24	
FRMD7	1	FRMD7	
FBP1	1	FBP1	
MDH2	1	MDH2	
SREK1	1	SREK1	
RAB44	1	RAB44	
NDUFS7	1	NDUFS7	
UFC1	1	UFC1	
CLCC1	1	CLCC1	
NDUFV2	1	NDUFV2	
HIP1	1	HIP1	
ABCC10	1	ABCC10	
ZSWIM7	1	ZSWIM7	
DMRT2	1	DMRT2	
HMCN2	1	HMCN2	
FTSJ1	1	FTSJ1	
PRODH2	1	PRODH2	
PCSK2	1	PCSK2	
CCT3	1	CCT3	
RPA3	1	RPA3	
NFS1	1	NFS1	
CELF3	1	CELF3	
MRPL28	1	MRPL28	
LSM3	1	LSM3	
UBE2M	1	UBE2M	
COX11	1	COX11	
PSMA3	1	PSMA3	
MRPS28	1	MRPS28	
UCHL5	1	UCHL5	
MRPL43	1	MRPL43	
RPS18	1	RPS18	
CHD1	1	CHD1	
CCT4	1	CCT4	
KDM3A	1	KDM3A	
NME1	1	NME1	
IDH2	1	IDH2	
LRRC57	1	LRRC57	
SEL1L	1	SEL1L	
NCAM1	1	NCAM1	
GEMIN2	1	GEMIN2	
PGM2	1	PGM2	
SEC22B	1	SEC22B	
SNX6	1	SNX6	
RPL39	1	RPL39	
JARID2	1	JARID2	
MRPL20	1	MRPL20	
MRPL48	1	MRPL48	
GLRX5	1	GLRX5	
SASS6	1	SASS6	
SHMT2	1	SHMT2	
SOD2	1	SOD2	
MCTS1	1	MCTS1	
RAB30	1	RAB30	
EEF1E1	1	EEF1E1	
ATP2B3	1	ATP2B3	
RPS23	1	RPS23	
SREBF2	1	SREBF2	
ACY1	1	ACY1	
TM9SF3	1	TM9SF3	
RPS19	1	RPS19	
EXTL3	1	EXTL3	
AP2S1	1	AP2S1	
BRWD3	1	BRWD3	
MKS1	1	MKS1	
DHX8	1	DHX8	
MRPS16	1	MRPS16	
UBE2T	1	UBE2T	
LIN7C	1	LIN7C	
MRPS2	1	MRPS2	
HID1	1	HID1	
MRPS18C	1	MRPS18C	
COPB1	1	COPB1	
RPS14	1	RPS14	
WDR5	1	WDR5	
TMEM50A	1	TMEM50A	
FOXB2	1	FOXB2	
ACAT1	1	ACAT1	
PXMP4	1	PXMP4	
UQCRC2	1	UQCRC2	
PRG4	1	PRG4	
DNAL1	1	DNAL1	
MED7	1	MED7	
AK6	1	AK6	
TRAFD1	1	TRAFD1	
TRIM9	1	TRIM9	
TMEM14C	1	TMEM14C	
DYNC1I1	1	DYNC1I1	
INTS3	1	INTS3	
KIF3A	1	KIF3A	
ARF4	1	ARF4	
COMMD5	1	COMMD5	
RPS28	1	RPS28	
MRPS21	1	MRPS21	
SYT14	1	SYT14	
EIF5	1	EIF5	
SEM1	1	SHFM1	
GTF2H5	1	GTF2H5	
MRPL24	1	MRPL24	
ANKRD17	1	ANKRD17	
SIX4	1	SIX4	
FLI1	1	FLI1	
SMAD3	1	SMAD3	
THOC6	1	THOC6	
RFC5	1	RFC5	
NIPSNAP3A	1	NIPSNAP3A	
CLCA4	1	CLCA4	
RCBTB2	1	RCBTB2	
GRIK1	1	GRIK1	
HCN2	1	HCN2	
TFAP2E	1	TFAP2E	
LONRF2	1	LONRF2	
PLCH1	1	PLCH1	
CFAP20	1	CFAP20	
MED18	1	MED18	
LHX9	1	LHX9	
TPH1	1	TPH1	
VIPAS39	1	VIPAS39	
KCNMA1	1	KCNMA1	
RCL1	1	RCL1	
RTF1	1	RTF1	
MLST8	1	MLST8	
REXO2	1	REXO2	
EIF2B1	1	EIF2B1	
PHAF1	1	LIN10	
FUT7	1	FUT7	
TGFBR1	1	TGFBR1	
SNX12	1	SNX12	
CDC42	1	CDC42	
DUSP8	1	DUSP8	
CHRNA9	1	CHRNA9	
DDX3X	1	DDX3X	
KCNJ6	1	KCNJ6	
MRPL4	1	MRPL4	
PAQR5	1	PAQR5	
YIPF6	1	YIPF6	
KCTD5	1	KCTD5	
WDR62	1	WDR62	
UBE2R2	1	UBE2R2	
VDAC2	1	VDAC2	
CUL5	1	CUL5	
PANK1	1	PANK1	
MRPL14	1	MRPL14	
NDUFS8	1	NDUFS8	
GMPR2	1	GMPR2	
CDC27	1	CDC27	
ANKRD50	1	ANKRD50	
MED16	1	MED16	
UBL5	1	UBL5	
MRPL32	1	MRPL32	
PSMA2	1	PSMA2	
ISCA2	1	ISCA2	
RPS29	1	RPS29	
RAB43	1	RAB43	
ORC1	1	ORC1	
UBA1	1	UBA1	
DCLRE1B	1	DCLRE1B	
NDUFV1	1	NDUFV1	
NUP58	1	NUP58	
UPB1	1	UPB1	
RPL37A	1	RPL37A	
CDIP1	1	CDIP1	
GOLGA4	1	GOLGA4	
NOX5	1	NOX5	
DPAGT1	1	DPAGT1	
PPP2CA	1	PPP2CA	
MTMR2	1	MTMR2	
LENG1	1	LENG1	
MOCS2	1	MOCS2	
PIN4	1	PIN4	
POMT2	1	POMT2	
EDEM2	1	EDEM2	
UPF2	1	UPF2	
RPS26	1	RPS26	
NUBP1	1	NUBP1	
CNDP2	1	CNDP2	
NFU1	1	NFU1	
IFT43	1	IFT43	
ENY2	1	ENY2	
EIF1AY	1	EIF1AY	
CRIP1	1	CRIP1	
SFT2D2	1	SFT2D2	
RAB4B	1	RAB4B	
G6PD	1	G6PD	
VPS35	1	VPS35	
TOP3B	1	TOP3B	
PRKAA2	1	PRKAA2	
PLEKHJ1	1	PLEKHJ1	
ATXN2	1	ATXN2	
PABPC4	1	PABPC4	
SLC4A9	1	SLC4A9	
MPC1	1	MPC1	
RAB35	1	RAB35	
UBE2V1	1	UBE2V1	
RPL18A	1	RPL18A	
IFT20	1	IFT20	
MRPL37	1	MRPL37	
RAB10	1	RAB10	
RPL30	1	RPL30	
USE1	1	USE1	
MRPL53	1	MRPL53	
ARPC4	1	ARPC4	
MRPS6	1	MRPS6	
PSMC3	1	PSMC3	
RGS20	1	RGS20	
ART4	1	ART4	
MAP3K4	1	MAP3K4	
POLR2H	1	POLR2H	
RER1	1	RER1	
TAF12	1	TAF12	
COX6B1	1	COX6B1	
LIMS2	1	LIMS2	
CMC1	1	CMC1	
ME1	1	ME1	
CELF2	1	CELF2	
VPS33B	1	VPS33B	
MAP2K1	1	MAP2K1	
MED26	1	MED26	
RPS17	1	RPS17	
CYC1	1	CYC1	
AP1B1	1	AP1B1	
CYTH1	1	CYTH1	
OGFOD2	1	OGFOD2	
WNT4	1	WNT4	
PPP2R5E	1	PPP2R5E	
ING3	1	ING3	
ANKRD6	1	ANKRD6	
PIK3CA	1	PIK3CA	
GUK1	1	GUK1	
MRC2	1	MRC2	
GOT1	1	GOT1	
HAUS3	1	HAUS3	
RPL37	1	RPL37	
MYD88	1	MYD88	
METTL5	1	METTL5	
PSMB3	1	PSMB3	
POLE3	1	POLE3	
MRPS7	1	MRPS7	
GP1BA	1	GP1BA	
B3GALT2	1	B3GALT2	
NDUFS3	1	NDUFS3	
GLO1	1	GLO1	
AGO1	1	AGO1	
BCAR1	1	BCAR1	
TBX18	1	TBX18	
CAMTA1	1	CAMTA1	
MYO1A	1	MYO1A	
CNEP1R1	1	CNEP1R1	
ERGIC1	1	ERGIC1	
TACC3	1	TACC3	
OXCT1	1	OXCT1	
CNOT6L	1	CNOT6L	
TTC36	1	TTC36	
TUBG1	1	TUBG1	
KCTD10	1	KCTD10	
SPG7	1	SPG7	
KDM1A	1	KDM1A	
UBE2I	1	UBE2I	
RAB2A	1	RAB2	
SGSM3	1	SGSM3	
HPRT1	1	HPRT1	
SIRT4	1	SIRT4	
SF3B1	1	SF3B1	
HAUS4	1	HAUS4	
PRPSAP2	1	PRPSAP2	
IFT57	1	IFT57	
CDK8	1	CDK8	
RAB11A	1	RAB11A	
LDB2	1	LDB2	
KLHL5	1	KLHL5	
PTPRN2	1	PTPRN2	
IGHMBP2	1	IGHMBP2	
FLT1	1	FLT1	
NOL10	1	NOL10	
PPIL1	1	PPIL1	
CTU1	1	CTU1	
MRPL51	1	MRPL51	
PAX3	1	PAX3	
HOXA1	1	HOXA1	
MED19	1	MED19	
TLK2	1	TLK2	
NFE2L1	1	NFE2L1	
ARPC3	1	ARPC3	
RANBP1	1	RANBP1	
TAF13	1	TAF13	
TAF5	1	TAF5	
FEN1	1	FEN1	
TRAPPC6B	1	TRAPPC6B	
GSTZ1	1	GSTZ1	
SKP1	1	SKP1	
ORMDL3	1	ORMDL3	
RNF41	1	RNF41	
NEIL1	1	NEIL1	
COX5B	1	COX5B	
KPNB1	1	KPNB1	
CEP41	1	CEP41	
MED8	1	MED8	
ARRB2	1	ARRB2	
NDUFB3	1	NDUFB3	
SIN3B	1	SIN3B	
PPP6C	1	PPP6C	
TPI1	1	TPI1	
UBE2L3	1	UBE2L3	
ABHD17B	1	ABHD17B	
CCT7	1	CCT7	
MICALL2	1	MICALL2	
PSMA4	1	PSMA4	
COPS9	1	COPS9	
RNF7	1	RNF7	
COMMD10	1	COMMD10	
PLSCR3	1	PLSCR3	
WIPI2	1	WIPI2	
SAP30	1	SAP30	
TRAF3IP1	1	TRAF3IP1	
XRCC5	1	XRCC5	
ABCD4	1	ABCD4	
ZRANB2	1	ZRANB2	
LUC7L2	1	LUC7L2	
CTNNBL1	1	CTNNBL1	
XRCC2	1	XRCC2	
MSH6	1	MSH6	
NPEPL1	1	NPEPL1	
CHMP2A	1	CHMP2A	
SERP2	1	SERP2	
GGT1	1	GGT1	
PPP1CB	1	PPP1CB	
UBE2J2	1	UBE2J2	
UFD1	1	UFD1	
BRSK1	1	BRSK1	
PGAM1	1	PGAM1	
KCNA3	1	KCNA3	
MORF4L1	1	MORF4L1	
MDH1	1	MDH1	
DCAF17	1	DCAF17	
XRN2	1	XRN2	
HMCN1	1	HMCN1	
ARPC1A	1	ARPC1A	
PLK1	1	PLK1	
GRIPAP1	1	GRIPAP1	
PPP4C	1	PPP4C	
ENPP1	1	ENPP1	
DAD1	1	DAD1	
LRP6	1	LRP6	
NDUFB6	1	NDUFB6	
ACVRL1	1	ACVRL1	
PSMB6	1	PSMB6	
HTRA2	1	HTRA2	
NLRC4	1	NLRC4	
CDKL1	1	CDKL1	
RAD54L	1	RAD54L	
TALDO1	1	TALDO1	
RPS6KB1	1	RPS6KB1	
PRDX6	1	PRDX6	
COQ2	1	COQ2	
ATG10	1	ATG10	
MRPS25	1	MRPS25	
SSBP3	1	SSBP3	
DCTN6	1	DCTN6	
MED6	1	MED6	
SYN1	1	SYN1	
TSEN54	1	TSEN54	
RAB21	1	RAB21	
FRMD4B	1	FRMD4B	
CWC25	1	CWC25	
CCDC40	1	CCDC40	
GTPBP1	1	GTPBP1	
XBP1	1	XBP1	
UNC5D	1	UNC5D	
AP1S2	1	AP1S2	
MUS81	1	MUS81	
TXNL4A	1	TXNL4A	
MRPS17	1	MRPS17	
KCNH5	1	KCNH5	
MFAP1	1	MFAP1	
TP53RK	1	TP53RK	
RWDD3	1	RWDD3	
CPSF7	1	CPSF7	
ARL2	1	ARL2	
MAU2	1	MAU2	
INF2	1	INF2	
ATE1	1	ATE1	
NDUFS5	1	NDUFS5	
DOT1L	1	DOT1L	
VPS28	1	VPS28	
IST1	1	IST1	
PPP2R5D	1	PPP2R5D	
ARL5B	1	ARL5B	
MRPS22	1	MRPS22	
ARHGEF12	1	ARHGEF12	
DCP2	1	DCP2	
SF3B4	1	SF3B4	
CHI3L2	1	CHI3L2	
UBE2G1	1	UBE2G1	
RGS7	1	RGS7	
LSM8	1	LSM8	
DNM1	1	DNM1	
SWI5	1	SWI5	
GGT7	1	GGT7	
PHLDB2	1	PHLDB2	
TRAPPC4	1	TRAPPC4	
TANGO2	1	TANGO2	
FGFRL1	1	FGFRL1	
PPFIA1	1	PPFIA1	
GDI1	1	GDI1	
MBTPS1	1	MBTPS1	
SMARCE1	1	SMARCE1	
MFSD12	1	MFSD12	
CERS6	1	CERS6	
EMC6	1	EMC6	
PEX16	1	PEX16	
KAT8	1	KAT8	
MRPL13	1	MRPL13	
HAUS6	1	HAUS6	
SERHL2	1	SERHL2	
STX19	1	STX19	
CEP97	1	CEP97	
SYT7	1	SYT7	
TCF24	1	TCF24	
SRA1	1	SRA1	
RFC3	1	RFC3	
TEX10	1	TEX10	
LSM5	1	LSM5	
ARFRP1	1	ARFRP1	
TAF10	1	TAF10	
ZMAT2	1	ZMAT2	
ORC6	1	ORC6	
PRDX4	1	PRDX4	
DYNLRB2	1	DYNLRB2	
SHISA5	1	SHISA5	
TM9SF4	1	TM9SF4	
CDK5	1	CDK5	
MLC1	1	MLC1	
RAB1A	1	RAB1A	
SERPINF1	1	SERPINF1	
GID4	1	GID4	
PSMF1	1	PSMF1	
CSNK1G2	1	CSNK1G2	
TMEM33	1	TMEM33	
NDUFA2	1	NDUFA2	
MED23	1	MED23	
GIGYF1	1	GIGYF1	
GNB5	1	GNB5	
POLR3K	1	POLR3K	
SYT15	1	SYT15	
ATP1B1	1	ATP1B1	
CSNK1E	1	CSNK1E	
UBA3	1	UBA3	
LARGE1	1	LARGE1	
NCAM2	1	NCAM2	
UBE2J1	1	UBE2J1	
SSC5D	1	SSC5D	
CPN2	1	CPN2	
VPS25	1	VPS25	
GNA14	1	GNA14	
TRMT11	1	TRMT11	
LIG4	1	LIG4	
MAP1LC3C	1	MAP1LC3C	
WNT7B	1	WNT7B	
PRKAB1	1	PRKAB1	
SWT1	1	SWT1	
PLCG2	1	PLCG2	
DCTN5	1	DCTN5	
CHIC1	1	CHIC1	
TTC26	1	TTC26	
SIRT6	1	SIRT6	
ZSWIM5	1	ZSWIM5	
ECHS1	1	ECHS1	
CHP1	1	CHP1	
PTP4A3	1	PTP4A3	
D2HGDH	1	D2HGDH	
CTDSP1	1	CTDSP1	
COG8	1	COG8	
KAT6A	1	KAT6A	
PDCD7	1	PDCD7	
TMPRSS4	1	TMPRSS4	
RRM1	1	RRM1	
GSK3B	1	GSK3B	
SEMA5A	1	SEMA5A	
COMMD3	1	COMMD3	
DPH1	1	DPH1	
COQ7	1	COQ7	
WNT9A	1	WNT9A	
AMPD2	1	AMPD2	
WDR82	1	WDR82	
BANF1	1	BANF1	
RBM39	1	RBM39	
NEK7	1	NEK7	
SETD9	1	SETD9	
HDAC3	1	HDAC3	
UBE2C	1	UBE2C	
MOB4	1	MOB4	
PTGER4	1	PTGER4	
PMS2	1	PMS2	
PDE8A	1	PDE8A	
AP3B2	1	AP3B2	
GEMIN8	1	GEMIN8	
DOCK1	1	DOCK1	
SLC9A8	1	SLC9A8	
PRMT8	1	PRMT8	
BTBD3	1	BTBD3	
BLOC1S1	1	BLOC1S1	
ANKRD28	1	ANKRD28	
AKR1A1	1	AKR1A1	
MED31	1	MED31	
NBEAL1	1	NBEAL1	
TAF8	1	TAF8	
SSR3	1	SSR3	
SUMF1	1	SUMF1	
DUOX1	1	DUOX1	
PPIL4	1	PPIL4	
LAMTOR2	1	LAMTOR2	
DEGS1	1	DEGS1	
THOC3	1	THOC3	
TRAPPC2	1	TRAPPC2	
MED15	1	MED15	
WDR83	1	WDR83	
MCCC1	1	MCCC1	
CDK2	1	CDK2	
ORC4	1	ORC4	
SKP2	1	SKP2	
FBXL4	1	FBXL4	
CNOT9	1	CNOT9	
YEATS4	1	YEATS4	
FUBP1	1	FUBP1	
MRPS33	1	MRPS33	
ZDHHC8	1	ZDHHC8	
UBL3	1	UBL3	
SURF4	1	SURF4	
RAP2C	1	RAP2C	
PNPLA4	1	PNPLA4	
PTPN11	1	PTPN11	
FOXD1	1	FOXD1	
RNF11	1	RNF11	
NCOA2	1	NCOA2	
PTGS2	1	PTGS2	
ATG13	1	ATG13	
RNF19A	1	RNF19A	
UBLCP1	1	UBLCP1	
TMCO6	1	TMCO6	
SURF1	1	SURF1	
SRPK2	1	SRPK2	
DESI2	1	DESI2	
SSU72	1	SSU72	
NHEJ1	1	NHEJ1	
PEX2	1	PEX2	
RAB14	1	RAB14	
COG7	1	COG7	
SNAP25	1	SNAP25	
MSH4	1	MSH4	
HP1BP3	1	HP1BP3	
TK1	1	TK1	
FGFR3	1	FGFR3	
ABCD2	1	ABCD2	
MYO19	1	MYO19	
OXNAD1	1	OXNAD1	
SEC63	1	SEC63	
IER3IP1	1	IER3IP1	
USP12	1	USP12	
KIF27	1	KIF27	
COMMD2	1	COMMD2	
PPT2	1	PPT2	
USP19	1	USP19	
CRY1	1	CRY1	
WSB1	1	WSB1	
NEDD4	1	NEDD4	
UNC13B	1	UNC13B	
PFKFB1	1	PFKFB1	
TOR4A	1	TOR4A	
SMC3	1	SMC3	
RNF13	1	RNF13	
BBS1	1	BBS1	
QTRT1	1	QTRT1	
WDR48	1	WDR48	
SERINC5	1	SERINC5	
CCDC65	1	CCDC65	
NFKBIL1	1	NFKBIL1	
ARPC2	1	ARPC2	
GFPT2	1	GFPT2	
MAF1	1	MAF1	
PRR7	1	PRR7	
TOPBP1	1	TOPBP1	
MIS12	1	MIS12	
RAB33B	1	RAB33B	
NSUN4	1	NSUN4	
PARD6G	1	PARD6G	
CDK17	1	CDK17	
UBE2W	1	UBE2W	
KCNH6	1	KCNH6	
ATG5	1	ATG5	
NDUFA5	1	NDUFA5	
TCEANC2	1	TCEANC2	
MLH1	1	MLH1	
NUDT2	1	NUDT2	
CRB2	1	CRB2	
RIC8A	1	RIC8A	
MRPS11	1	MRPS11	
SEC61G	1	SEC61G	
LMBRD2	1	LMBRD2	
MSANTD2	1	MSANTD2	
CDK10	1	CDK10	
TEX11	1	TEX11	
SLC51A	1	SLC51A	
SESN1	1	SESN1	
SMCR8	1	SMCR8	
STK11	1	STK11	
CACNB1	1	CACNB1	
MRPL2	1	MRPL2	
MIEN1	1	MIEN1	
RASL12	1	RASL12	
GRK3	1	GRK3	
NFATC2IP	1	NFATC2IP	
HTATIP2	1	HTATIP2	
CLIP1	1	CLIP1	
MRPL18	1	MRPL18	
CTNNAL1	1	CTNNAL1	
ANAPC11	1	ANAPC11	
ORC2	1	ORC2	
XXYLT1	1	XXYLT1	
HINT2	1	HINT2	
SMPD3	1	SMPD3	
LRRC40	1	LRRC40	
NUP62CL	1	NUP62CL	
DNAJC9	1	DNAJC9	
RPRD2	1	RPRD2	
FAM32A	1	FAM32A	
MRPS34	1	MRPS34	
MCM3	1	MCM3	
RAB23	1	RAB23	
APAF1	1	APAF1	
RASSF5	1	RASSF5	
DOK7	1	DOK7	
MPP7	1	MPP7	
POU3F4	1	POU3F4	
AMMECR1	1	AMMECR1	
MINPP1	1	MINPP1	
LMTK2	1	LMTK2	
ZSCAN5B	1	ZSCAN5B	
HOXA3	1	HOXA3	
CUL2	1	CUL2	
PLA2G2A	1	PLA2G2A	
TMOD2	1	TMOD2	
PRKAG2	1	PRKAG2	
CHMP5	1	CHMP5	
GGPS1	1	GGPS1	
STK36	1	STK36	
MCM2	1	MCM2	
BTBD9	1	BTBD9	
GM2A	1	GM2A	
ZNF14	1	ZNF14	
TACR2	1	TACR2	
ABHD5	1	ABHD5	
WDR45	1	WDR45	
PPP2R3C	1	PPP2R3C	
DALRD3	1	DALRD3	
CHTF8	1	CHTF8	
PTPN13	1	PTPN13	
YPEL3	1	YPEL3	
MKRN1	1	MKRN1	
RAB32	1	RAB32	
UBE2H	1	UBE2H	
ID2	1	ID2	
MAP1LC3A	1	MAP1LC3A	
BIN3	1	BIN3	
MYH1	1	MYH1	
CD63	1	CD63	
RBM22	1	RBM22	
ARL4C	1	ARL4C	
ETFRF1	1	ETFRF1	
RBBP5	1	RBBP5	
ERCC5	1	ERCC5	
VPS29	1	VPS29	
PAK3	1	PAK3	
BLOC1S6	1	BLOC1S6	
CEP78	1	CEP78	
RAD1	1	RAD1	
RSAD2	1	RSAD2	
MAMDC2	1	MAMDC2	
TRIM2	1	TRIM2	
HBP1	1	HBP1	
RAD51C	1	RAD51C	
INTS12	1	INTS12	
FBXO7	1	FBXO7	
DHX36	1	DHX36	
