NAME	GS<br> follow link to MSigDB	GS DETAILS	SIZE	ES	NES	NOM p-val	FDR q-val	FWER p-val	RANK AT MAX	LEADING EDGE	
KEGG_HUNTINGTONS_DISEASE	KEGG_HUNTINGTONS_DISEASE	Details ...	5	0.58558273	1.078168	0.3389174	0.9255646	0.6139343	2	tags=40%, list=17%, signal=28%	
KEGG_ALZHEIMERS_DISEASE	KEGG_ALZHEIMERS_DISEASE	Details ...	5	0.58558273	1.0764328	0.33749685	0.46502832	0.61570555	2	tags=40%, list=17%, signal=28%	
KEGG_OXIDATIVE_PHOSPHORYLATION	KEGG_OXIDATIVE_PHOSPHORYLATION	Details ...	12	1.0000001	1.0	0.0	1.0	0.7224168	11	tags=100%, list=92%, signal=0%	
KEGG_PARKINSONS_DISEASE	KEGG_PARKINSONS_DISEASE	Details ...	12	1.0000001	1.0	0.0	0.9063479	0.7224168	11	tags=100%, list=92%, signal=0%	
KEGG_CARDIAC_MUSCLE_CONTRACTION	KEGG_CARDIAC_MUSCLE_CONTRACTION	Details ...	3	0.38703388	0.64504313	0.9127787	0.94072586	1.0	2	tags=33%, list=17%, signal=30%	
