NAME	SYMBOL	TITLE	RANK IN GENE LIST	RANK METRIC SCORE	RUNNING ES	CORE ENRICHMENT	
row_0	MT-ATP6	mitochondrially encoded ATP synthase membrane subunit 6 [Source:HGNC Symbol;Acc:HGNC:7414]	0	1.7334868907928467	0.43867475	Yes	
row_1	MT-CO3	mitochondrially encoded cytochrome c oxidase III [Source:HGNC Symbol;Acc:HGNC:7422]	2	1.1450490951538086	0.58558273	Yes	
row_2	MT-CO1	mitochondrially encoded cytochrome c oxidase I [Source:HGNC Symbol;Acc:HGNC:7419]	7	0.5116053223609924	0.14362057	No	
row_3	MT-CO2	mitochondrially encoded cytochrome c oxidase II [Source:HGNC Symbol;Acc:HGNC:7421]	10	0.22276723384857178	-0.08572044	No	
row_4	MT-ATP8	mitochondrially encoded ATP synthase membrane subunit 8 [Source:HGNC Symbol;Acc:HGNC:7415]	11	-0.3387364447116852	-8.195639E-8	No	
