NAME	SYMBOL	TITLE	RANK IN GENE LIST	RANK METRIC SCORE	RUNNING ES	CORE ENRICHMENT	
row_0	MT-ATP6	mitochondrially encoded ATP synthase membrane subunit 6 [Source:HGNC Symbol;Acc:HGNC:7414]	0	0.6241630911827087	0.19673719	Yes	
row_1	MT-ND4	mitochondrially encoded NADH:ubiquinone oxidoreductase core subunit 4 [Source:HGNC Symbol;Acc:HGNC:7459]	1	0.37702715396881104	0.31557673	Yes	
row_2	MT-CO3	mitochondrially encoded cytochrome c oxidase III [Source:HGNC Symbol;Acc:HGNC:7422]	2	0.3109171986579895	0.41357833	Yes	
row_3	MT-ND4L	mitochondrially encoded NADH:ubiquinone oxidoreductase core subunit 4L [Source:HGNC Symbol;Acc:HGNC:7460]	3	0.2901768386363983	0.5050425	Yes	
row_4	MT-CO1	mitochondrially encoded cytochrome c oxidase I [Source:HGNC Symbol;Acc:HGNC:7419]	4	0.2435334473848343	0.58180463	Yes	
row_5	MT-ND3	mitochondrially encoded NADH:ubiquinone oxidoreductase core subunit 3 [Source:HGNC Symbol;Acc:HGNC:7458]	5	0.17578688263893127	0.63721293	Yes	
row_6	MT-ND2	mitochondrially encoded NADH:ubiquinone oxidoreductase core subunit 2 [Source:HGNC Symbol;Acc:HGNC:7456]	6	0.1702037900686264	0.69086146	Yes	
row_7	MT-ND1	mitochondrially encoded NADH:ubiquinone oxidoreductase core subunit 1 [Source:HGNC Symbol;Acc:HGNC:7455]	7	0.052105873823165894	0.7072853	Yes	
row_8	MT-CO2	mitochondrially encoded cytochrome c oxidase II [Source:HGNC Symbol;Acc:HGNC:7421]	8	0.01809610053896904	0.7129892	Yes	
row_9	MT-ND6	mitochondrially encoded NADH:ubiquinone oxidoreductase core subunit 6 [Source:HGNC Symbol;Acc:HGNC:7462]	9	0.015009506605565548	0.7177202	Yes	
row_10	MT-ND5	mitochondrially encoded NADH:ubiquinone oxidoreductase core subunit 5 [Source:HGNC Symbol;Acc:HGNC:7461]	10	-0.043875012546777725	0.7315497	Yes	
row_11	MT-ATP8	mitochondrially encoded ATP synthase membrane subunit 8 [Source:HGNC Symbol;Acc:HGNC:7415]	11	-0.8516780138015747	0.99999994	Yes	
