NAME	GS<br> follow link to MSigDB	GS DETAILS	SIZE	ES	NES	NOM p-val	FDR q-val	FWER p-val	RANK AT MAX	LEADING EDGE	
KEGG_OXIDATIVE_PHOSPHORYLATION	KEGG_OXIDATIVE_PHOSPHORYLATION	Details ...	12	0.99999994	0.99999994	1.0	1.0	1.0	11	tags=100%, list=92%, signal=0%	
KEGG_PARKINSONS_DISEASE	KEGG_PARKINSONS_DISEASE	Details ...	12	0.99999994	0.99999994	1.0	1.0	1.0	11	tags=100%, list=92%, signal=0%	
KEGG_ALZHEIMERS_DISEASE	KEGG_ALZHEIMERS_DISEASE	Details ...	5	0.7697929	0.7697929	0.048495445	0.89963144	1.0	2	tags=60%, list=17%, signal=42%	
KEGG_HUNTINGTONS_DISEASE	KEGG_HUNTINGTONS_DISEASE	Details ...	5	0.7697929	0.7697929	0.043862883	0.6747236	1.0	2	tags=60%, list=17%, signal=42%	
KEGG_CARDIAC_MUSCLE_CONTRACTION	KEGG_CARDIAC_MUSCLE_CONTRACTION	Details ...	3	0.7045292	0.7045292	0.17564356	0.5741485	1.0	2	tags=67%, list=17%, signal=60%	
