NAME	TITLE	SCORE	
MT-ATP6	mitochondrially encoded ATP synthase membrane subunit 6 [Source:HGNC Symbol;Acc:HGNC:7414]	0.6860542	
MT-CO3	mitochondrially encoded cytochrome c oxidase III [Source:HGNC Symbol;Acc:HGNC:7422]	0.5233975	
MT-CO1	mitochondrially encoded cytochrome c oxidase I [Source:HGNC Symbol;Acc:HGNC:7419]	0.5068918	
MT-ND4L	mitochondrially encoded NADH:ubiquinone oxidoreductase core subunit 4L [Source:HGNC Symbol;Acc:HGNC:7460]	0.4845522	
MT-ND4	mitochondrially encoded NADH:ubiquinone oxidoreductase core subunit 4 [Source:HGNC Symbol;Acc:HGNC:7459]	0.41414943	
MT-ND6	mitochondrially encoded NADH:ubiquinone oxidoreductase core subunit 6 [Source:HGNC Symbol;Acc:HGNC:7462]	0.38910532	
MT-ND3	mitochondrially encoded NADH:ubiquinone oxidoreductase core subunit 3 [Source:HGNC Symbol;Acc:HGNC:7458]	0.28874758	
MT-ND2	mitochondrially encoded NADH:ubiquinone oxidoreductase core subunit 2 [Source:HGNC Symbol;Acc:HGNC:7456]	0.26992077	
MT-CO2	mitochondrially encoded cytochrome c oxidase II [Source:HGNC Symbol;Acc:HGNC:7421]	0.23287685	
MT-ND1	mitochondrially encoded NADH:ubiquinone oxidoreductase core subunit 1 [Source:HGNC Symbol;Acc:HGNC:7455]	0.21321495	
MT-ND5	mitochondrially encoded NADH:ubiquinone oxidoreductase core subunit 5 [Source:HGNC Symbol;Acc:HGNC:7461]	0.065660074	
MT-ATP8	mitochondrially encoded ATP synthase membrane subunit 8 [Source:HGNC Symbol;Acc:HGNC:7415]	-0.28039667	
