NAME	GS<br> follow link to MSigDB	GS DETAILS	SIZE	ES	NES	NOM p-val	FDR q-val	FWER p-val	RANK AT MAX	LEADING EDGE	
KEGG_OXIDATIVE_PHOSPHORYLATION	KEGG_OXIDATIVE_PHOSPHORYLATION	Details ...	12	0.99999994	0.99999994	0.0	1.0	0.007591025	11	tags=100%, list=92%, signal=0%	
KEGG_PARKINSONS_DISEASE	KEGG_PARKINSONS_DISEASE	Details ...	12	0.99999994	0.99999994	0.0	1.0	0.007591025	11	tags=100%, list=92%, signal=0%	
KEGG_ALZHEIMERS_DISEASE	KEGG_ALZHEIMERS_DISEASE	Details ...	5	0.54232657	0.54232657	0.38650844	1.0	1.0	2	tags=40%, list=17%, signal=28%	
KEGG_HUNTINGTONS_DISEASE	KEGG_HUNTINGTONS_DISEASE	Details ...	5	0.54232657	0.54232657	0.3715281	0.90153795	1.0	2	tags=40%, list=17%, signal=28%	
KEGG_CARDIAC_MUSCLE_CONTRACTION	KEGG_CARDIAC_MUSCLE_CONTRACTION	Details ...	3	0.36207396	0.36207396	0.93106484	0.9319337	1.0	2	tags=33%, list=17%, signal=30%	
